{"type":"Topology","arcs":[[[82695,54230],[56,-3]],[[82751,54227],[8,-56],[-17,-17],[-47,76]],[[84569,46546],[42,13],[88,112]],[[84699,46671],[4,-65],[42,51],[21,-43],[-3,-71],[-53,-16],[28,-157]],[[84738,46370],[-25,-102],[-144,-279],[-91,-15],[-25,-60],[-65,-56],[-91,5],[12,88],[69,79],[-52,24],[23,94],[5,139],[98,165]],[[84452,46452],[17,-45],[33,24],[13,-70],[15,7],[39,178]],[[82657,54228],[-14,-21],[-40,27],[6,-41],[81,-109],[-45,12],[54,-40],[18,-47],[-23,0],[35,-43],[-22,-39],[-33,-3],[-45,93],[12,-107],[-117,22],[-16,-29],[47,12],[0,-35],[12,-37],[56,-32],[-24,-110],[-25,-6],[51,-36],[8,-40],[38,-9],[-15,-59],[33,-12],[-39,-23],[54,-12],[-33,-44],[46,-39],[12,-87],[71,-155],[-7,-68],[-28,-22],[-12,-51],[-24,8],[20,-33],[-41,-10],[34,-24],[-5,-53],[19,-46],[34,-20],[22,-74],[83,-98],[9,-52],[43,-25],[68,-169],[36,0],[7,-47],[-59,-99],[-38,24],[-77,-24],[-80,60],[-30,98],[-27,20],[39,-181],[-36,22],[-44,-56],[-76,-364],[16,-81],[-26,-119],[17,-64],[-15,-101],[52,61],[-21,-48],[13,-11],[-20,-49],[13,-13],[-7,-35],[-19,-5],[37,-20],[2,-27],[-37,-10],[-12,-45],[-18,21],[-12,-35],[-16,53],[-90,-248],[-38,-13],[-21,136],[5,-196],[-54,-46],[-8,-102],[-88,-96],[56,13],[12,-81],[-2,-78],[-49,-73],[24,18],[11,-38],[55,6],[-25,-207],[-20,32],[-39,-16],[-2,-47],[27,19],[-8,-165],[-22,-73],[-16,-8],[-27,96],[-7,-94],[44,-80],[-27,-11],[6,-44],[-6,-19],[-12,-8],[13,31],[-17,-12],[-40,-209],[-362,-331],[-16,30],[2,258],[-25,95],[8,98],[-21,-87],[-59,59],[28,107],[-49,-98],[-22,20],[3,90],[-21,-95],[-64,-57],[-50,-1],[-6,163],[-35,-1],[-33,-45],[-18,52],[14,-63],[-88,201],[-5,-65],[-21,-40],[22,-33],[-106,-146],[-26,-16],[-55,70],[-40,-4],[-83,-140],[-27,23],[7,271],[-22,186],[-23,-89],[9,-29],[-37,-41],[-58,53],[-104,-95],[-65,36],[56,85],[-45,-38],[-36,-79],[-13,99],[-19,24],[-79,-78],[-16,62],[11,46],[-9,94],[-16,18],[35,59],[-17,-8],[-17,55],[-19,281],[-52,71],[36,104],[8,172],[-37,71],[2,64],[-28,15],[-26,68],[6,56],[-24,-65],[-42,70],[-27,9],[-10,-38],[-33,34],[-3,107],[69,-33],[-43,44],[12,30],[-38,2],[-39,54],[4,80],[-24,76],[48,-5],[-19,148],[40,-5],[-55,134],[-48,41],[1,173],[-21,113],[35,83],[-14,128],[59,42],[34,83],[-36,-76],[-42,-27],[24,183],[56,92],[21,67],[-17,-18],[15,90],[66,36],[18,49]],[[80456,53032],[-32,-111],[7,-50],[24,-13],[5,-106],[51,-111],[22,-5],[36,-103],[33,-24],[26,-104],[28,-7],[39,-72],[76,27],[28,62],[88,37],[77,-31],[8,-36],[33,41],[56,-13],[24,61],[51,17],[26,136],[-7,32],[86,76],[140,2],[14,-32],[-19,-57],[37,9],[86,-79],[35,11],[28,-49],[79,123],[51,14],[22,-26],[56,49],[47,-41],[35,149],[3,85],[42,35],[2,78],[-16,-1],[-8,57],[7,65],[38,21],[2,40],[79,90],[-15,50],[-27,7],[14,88],[-10,41],[48,120],[19,-32],[43,26],[14,188],[24,42],[-16,115],[12,131],[-14,37],[30,143],[35,32],[20,94],[49,-68],[29,63],[52,2],[28,-54],[30,62],[19,-38],[170,14],[65,-98],[37,-15]],[[89159,50335],[0,-2151],[-35,-212],[35,-111],[0,-1273]],[[89159,46588],[-33,33],[-137,322],[-104,171],[-3,41],[22,23],[1,77],[25,37],[-25,-23],[-5,-70],[-19,-30],[-161,-59],[-39,31],[-10,96],[19,4],[-19,12],[2,-71],[-87,-125],[-19,101],[22,27],[-2,96],[22,22],[27,176],[-41,36],[-22,93],[-55,79],[136,-26],[23,53],[-50,-35],[-61,38],[-78,131],[103,44],[73,-75],[-142,149],[0,40],[41,-35],[-101,175],[-57,280],[40,46],[-55,6],[-14,29],[57,55],[-81,-29],[-4,80],[15,32],[-13,14],[2,58],[-20,-40],[-20,87],[-31,-17],[-2,60],[-21,-11],[-42,52],[-2,35],[-15,-16],[-39,39],[-3,32],[-28,7],[3,45],[-16,-45],[-20,40],[-16,-9],[3,41],[-17,-31],[-26,14],[6,28],[-41,-34],[-242,243],[-145,44],[-67,-11],[-150,191],[12,98],[63,-18],[14,24],[-81,17],[-42,-68],[-53,90],[-5,-87],[-48,68],[14,39],[-18,52],[-5,-42],[-20,14],[-19,-33],[-37,150],[-11,-24],[9,-52],[-35,28],[-17,109],[17,46],[-4,108],[44,75],[23,-16],[-18,42],[-1,68],[-54,-114],[-11,-170],[-21,-9],[-11,31],[-6,-38],[28,-58],[-51,-102],[13,-83],[-57,-116],[-55,4],[-17,-31],[-54,100],[-18,149],[7,31],[35,-8],[14,51],[-31,67],[-3,90],[-39,-27],[-33,127],[-63,93],[-97,9],[19,73],[-24,9],[68,64],[63,-12],[-2,-27],[45,16],[42,-54],[83,191],[39,33],[23,3],[34,-55],[0,-95],[18,105],[2,-85],[6,69],[13,-39],[34,27],[11,-100],[9,118],[28,-79],[1,99],[-20,23],[29,7],[16,-30],[-12,38],[39,13],[-30,6],[18,30],[-26,-9],[22,28],[0,52],[-5,-41],[-38,8],[43,52],[-15,4],[13,32],[-82,-74],[-15,-1],[0,31],[-12,-35],[-70,23],[-98,-45],[-36,22],[-35,-36],[-36,70],[-70,-46],[-72,105],[22,49],[-28,-12],[-23,71],[-4,52],[26,74],[-29,-18],[-9,32],[27,65],[-49,-39],[-4,63],[-12,-44],[-7,32],[-42,22],[-38,-12],[-17,61],[-27,12],[17,-45],[-37,-41],[-71,64],[22,79],[42,34],[16,57],[15,117],[-13,55],[175,74],[77,147],[68,47],[87,-4],[74,-49],[115,-160],[163,0],[54,-81],[-38,-54],[69,-226],[-19,-121],[-35,-71],[29,-401],[38,-82],[37,-196],[19,16],[-13,170],[17,44],[26,-28],[17,-257],[20,-11],[22,45],[-9,-137],[22,-72],[18,14],[11,-57],[94,-31],[46,24],[26,83],[42,44],[1,42],[43,40],[15,121],[84,124],[32,188],[42,25],[20,-35],[40,0],[65,72],[54,12],[16,26],[-8,64],[-29,35],[6,52],[199,188],[65,-80],[164,-103],[50,-92],[73,-37],[187,-196],[105,19],[48,-78],[13,35],[102,-60],[-6,-77],[70,19]],[[81498,46968],[4,-23],[-36,-1],[2,32],[30,-8]],[[84206,46980],[5,-28],[-43,-19],[-21,-56],[-14,13],[33,77],[40,13]],[[85619,47081],[-41,-2],[36,31],[5,-29]],[[85841,47106],[-7,-33],[-48,37],[55,-4]],[[85483,47134],[7,-31],[-45,3],[38,28]],[[82684,47140],[8,-20],[-35,-104],[-21,1],[-2,103],[50,20]],[[85337,47210],[2,-47],[-20,6],[2,36],[16,5]],[[86417,47439],[-3,-37],[-34,-5],[37,42]],[[86379,47493],[-35,4],[5,24],[30,-28]],[[86437,47568],[-27,-57],[-25,18],[8,33],[44,6]],[[86467,47611],[-19,-15],[14,34],[5,-19]],[[83599,47639],[30,-12],[-21,-18],[-55,31],[46,-1]],[[83543,47757],[4,-31],[-28,-12],[-32,45],[16,2],[2,41],[38,-45]],[[88542,47929],[9,-30],[-20,-20],[-27,78],[38,-28]],[[86554,47986],[8,-18],[-21,-53],[13,71]],[[87418,48038],[8,-24],[-19,-82],[-11,37],[22,69]],[[87390,48134],[-18,-62],[-22,60],[-32,38],[27,43],[45,-79]],[[87455,48211],[13,-15],[-17,-91],[-9,41],[13,65]],[[87326,48231],[13,-16],[-24,-29],[-37,79],[-12,-1],[7,36],[-12,-14],[-5,71],[41,-15],[-11,-40],[34,-72],[6,1]],[[80529,47319],[-134,36],[-16,35],[-75,16],[-23,-27],[-31,25],[-8,46],[-56,-64],[-37,16],[-24,-72],[-163,42],[-126,144],[-282,67],[-3,85],[43,102],[-8,52],[-50,-21],[-98,105],[-123,-31],[-63,35],[-10,-22],[-16,44],[41,62],[35,-83],[37,102],[6,86],[18,-30],[20,13],[24,232],[51,132],[30,-74],[39,37],[47,-52],[60,13],[30,-53],[59,18],[11,91],[35,-37],[51,2],[32,-98],[58,-53],[57,29],[58,-80],[28,23],[-2,32],[48,-9],[4,-54],[46,-84],[18,-159],[95,-50],[21,35],[92,-50],[39,42],[124,-70],[66,39],[57,-69],[53,81],[27,193],[48,47],[47,-1],[37,-156],[61,-12],[36,51],[68,-91],[66,-2],[30,-70],[97,21],[30,-27],[11,27],[0,-69],[23,-37],[-14,-21],[19,-49],[-22,-10],[27,-35],[19,31],[15,-36],[-17,-155],[103,-113],[53,-33],[57,49],[71,-15],[73,66],[26,-51],[69,-33],[22,-42],[-26,-397],[9,42],[11,-90],[39,-35],[10,-44],[-19,-22],[-52,21],[5,44],[-23,31],[-90,-5],[-4,33],[-39,4],[-5,32],[-23,-16],[-134,142],[-60,-12],[-34,-58],[-19,16],[-45,-41],[-92,66],[-152,44],[-27,-67],[-75,59],[-73,-7],[-17,43],[-24,-27],[-84,35],[-224,205]],[[84462,48399],[-2,-38],[-25,53],[3,38],[24,-53]],[[86887,48602],[5,-36],[-14,-4],[6,87],[3,-47]],[[84382,48657],[10,-47],[-34,71],[24,-24]],[[84316,48812],[23,-12],[3,-58],[-21,9],[-5,61]],[[85342,49632],[2,-52],[-27,15],[6,41],[19,-4]],[[83977,49810],[10,-26],[-17,-14],[7,40]],[[86861,49844],[0,-38],[-23,55],[23,-17]],[[84010,49864],[-2,-39],[-5,57],[7,-18]],[[85448,49928],[8,-28],[-46,36],[24,22],[14,-30]],[[85491,50011],[2,-47],[-37,12],[35,35]],[[85542,50153],[11,-13],[-13,-46],[-33,-6],[35,65]],[[84409,50670],[3,-32],[-13,15],[10,17]],[[84541,50704],[5,-46],[-19,30],[14,16]],[[79021,51676],[4,-21],[-24,-2],[20,23]],[[78632,52192],[0,-28],[-11,47],[11,-19]],[[79045,52292],[15,-12],[-30,-15],[15,27]],[[78739,52362],[2,-29],[-18,25],[16,4]],[[83513,52450],[9,-16],[-21,16],[12,0]],[[83290,51329],[2,91],[-27,142],[12,199],[-35,14],[-11,64],[55,-55],[15,90],[-28,97],[23,27],[12,107],[33,25],[4,126],[51,46],[14,103],[17,-6],[2,-74],[61,-42],[26,108],[39,48],[9,157],[69,4],[51,-59],[52,39],[-1,-75],[27,-55],[106,15],[17,-44],[21,25],[108,-26],[110,-116],[33,83],[58,-23],[3,29],[29,-34],[177,-47],[100,107],[28,97],[57,5],[6,35],[-23,19],[4,41],[80,63],[-3,59],[44,92],[53,-31],[-2,-54],[23,-57],[-38,-58],[-60,-237],[-65,-96],[-42,-175],[-53,-60],[-193,-76],[-108,34],[-46,110],[-287,-20],[-66,-32],[-56,72],[-29,-39],[-65,-1],[-43,-43],[-64,10],[-55,61],[-49,-1],[-35,-29],[-61,-144],[-45,-252],[22,-233],[51,-164],[19,-23],[24,19],[24,-40],[49,-242],[43,32],[4,-29],[73,-9],[28,124],[81,191],[34,34],[26,-78],[108,5],[29,93],[200,4],[9,16],[-63,47],[95,53],[91,-50],[14,-66],[-20,-141],[-20,-28],[-59,125],[-25,-34],[-47,-3],[-33,-121],[-97,-221],[-52,-70],[-89,-32],[-47,-137],[-39,-12],[-31,66],[-26,20],[-14,-22],[13,-22],[-1,-78],[17,47],[48,-146],[35,-10],[34,-62],[52,-176],[1,-58],[50,-99],[26,-13],[-2,-87],[53,-64],[-12,-55],[-30,-6],[-5,-49],[21,-56],[-35,36],[11,-55],[-24,-70],[36,-72],[30,-7],[29,-85],[30,-6],[-29,-47],[29,-21],[9,-76],[43,6],[-19,46],[20,-5],[17,-80],[-2,-111],[-16,-28],[-48,71],[28,-59],[-3,-39],[-45,50],[-136,-71],[-19,-82],[25,-79],[-14,-24],[-104,4],[-42,53],[-20,93],[14,198],[15,1],[12,86],[-104,106],[0,50],[-26,11],[-80,172],[5,63],[49,112],[4,185],[-27,28],[27,38],[-21,56],[-57,27],[-60,-39],[-106,-159],[17,-106],[45,-66],[-8,-141],[14,-131],[-25,-95],[-2,-119],[5,-186],[22,-128],[-17,-106],[-22,-24],[-12,-160],[55,-271],[-39,64],[-62,-50],[-51,15],[-30,-71],[-23,-6],[-32,54],[-11,-27],[-15,57],[-23,-18],[-22,134],[46,253],[-6,114],[26,89],[10,144],[5,194],[-14,-28],[-39,188],[12,118],[-56,38],[-103,-79],[-45,274],[24,13],[10,114],[-32,4],[-4,50],[14,84],[30,-11],[61,112],[0,145],[23,111],[36,29],[-9,411],[39,86],[20,136],[58,131],[31,-139]],[[85495,53137],[-1,-32],[-9,22],[10,10]],[[85608,53196],[-10,-47],[-8,42],[9,27],[9,-22]],[[78040,52884],[-41,221],[24,51],[46,-4],[4,-41],[70,-112],[30,-182],[90,-27],[102,-159],[25,-209],[61,-126],[146,-74],[37,-92],[-3,-43],[-137,-150],[-42,37],[32,-44],[99,57],[128,154],[50,-58],[18,-71],[11,19],[27,-39],[16,-164],[-48,-23],[-14,20],[-1,-53],[-85,-88],[61,27],[-14,-73],[-26,-17],[71,-40],[-51,-47],[-12,40],[12,-73],[-20,-69],[135,-218],[35,56],[71,-56],[46,24],[44,-419],[-11,-101],[19,45],[20,-37],[-13,-56],[18,28],[9,-43],[35,21],[19,-68],[-35,-118],[-42,-41],[29,18],[1,-107],[-40,-57],[-10,-67],[55,105],[11,101],[31,75],[13,-52],[14,28],[38,-31],[36,21],[105,-34],[-1,-111],[44,-55],[9,-120],[61,-48],[12,-157],[-48,-88],[-22,-152],[36,-93],[-38,-234],[26,-132],[-11,-205],[12,-68],[-23,-410],[-27,-139],[-5,37],[-35,24],[-5,63],[-24,13],[-56,123],[-12,-72],[-16,-6],[10,-68],[-17,-17],[17,-18],[-15,-16],[-134,161],[-36,-1],[46,-237],[-43,-5],[-5,50],[-153,305],[0,38],[-25,16],[-3,66],[-52,86],[-14,-14],[-43,66],[-24,-3],[-67,145],[-70,72],[-169,289],[-25,201],[-169,241],[-79,279],[-62,88],[-51,146],[-24,100],[14,70],[-8,84],[-56,158],[-24,165],[-45,38],[7,34],[-18,32],[14,59],[-32,133],[-133,290],[-21,163],[-113,155],[-56,14],[-11,195],[-14,11],[-57,418],[-37,125],[12,-16],[18,48],[-13,75],[-13,25],[-10,-32],[-43,115],[-74,58],[-87,135],[-59,5],[-23,75],[-16,262],[-55,45],[-37,156],[-28,23],[-80,246],[-112,56],[-78,197],[-52,60],[-124,237],[-102,378],[16,68],[-12,93],[61,47],[22,-30],[28,14],[77,-66],[55,-125],[89,-45],[157,33],[71,-74],[83,56],[106,-203],[25,-198],[39,-7],[38,-63],[-3,-123],[-24,-59],[24,39],[11,-55],[28,-1],[75,-95],[34,-109],[106,-103],[105,-174],[54,-37],[30,-97],[33,-36],[-7,-146],[15,-53],[-9,57],[22,14],[20,-113],[-1,77],[25,24],[62,-249],[105,-135],[37,-123]],[[83553,46096],[13,-52],[-32,-84],[-77,-65],[-81,51],[-53,137],[-75,75],[-17,48],[-63,-12],[-86,42],[-43,111],[63,80],[128,25],[47,-24],[44,54],[38,-98],[37,-18],[12,-87],[57,1],[88,-184]],[[82096,46842],[21,-60],[-10,-22],[-33,44],[22,38]],[[83256,46868],[19,-2],[-23,-40],[-3,-62],[-23,13],[5,105],[17,-41],[8,27]],[[83210,46927],[3,-42],[-31,-3],[3,-83],[-24,0],[9,171],[40,-43]],[[84263,47070],[-17,-78],[-75,8],[38,85],[54,-15]],[[82397,47067],[31,-67],[-68,-237],[3,-32],[22,-3],[-7,-19],[-33,-14],[7,47],[-13,2],[-6,-68],[-93,56],[-13,-30],[-50,53],[2,53],[67,-7],[-17,168],[72,120],[30,20],[66,-42]],[[83079,47150],[14,-34],[-24,-41],[-9,41],[19,34]],[[83111,46873],[-14,-75],[-50,-5],[-20,36],[-55,-35],[62,-27],[-5,-32],[-54,30],[-83,-31],[0,156],[-6,-53],[-65,-112],[-37,10],[-37,-49],[-46,14],[-94,-82],[-54,18],[-51,-48],[-78,83],[2,51],[24,43],[-21,76],[25,92],[41,7],[58,79],[67,-71],[2,41],[32,3],[10,-63],[8,44],[5,-59],[29,-17],[17,-86],[45,-17],[28,54],[59,8],[-13,53],[-7,-16],[-42,73],[-24,-6],[-72,127],[8,53],[49,36],[65,-28],[45,-137],[42,71],[51,-23],[13,-48],[-8,-101],[24,127],[61,14],[22,-97],[0,-101],[22,7],[10,43],[10,-30]],[[84173,47059],[-34,-43],[-2,-56],[-26,13],[13,-66],[-12,-34],[-99,-71],[-93,1],[-93,-89],[-25,21],[-12,-31],[-18,50],[-52,14],[-15,-71],[-96,-13],[-45,71],[-24,-31],[-47,46],[-83,-22],[-32,35],[-71,-60],[-28,76],[17,189],[34,-20],[9,36],[20,-8],[33,61],[58,37],[10,-27],[37,-4],[0,28],[42,-56],[65,-4],[146,-152],[29,34],[5,43],[15,-25],[59,10],[35,39],[6,-51],[69,-69],[53,23],[2,64],[31,51],[79,63],[16,53],[-55,-17],[34,88],[32,-44],[13,-82]],[[82116,47059],[22,-75],[-105,-118],[-33,-71],[7,-48],[-26,-12],[-11,19],[24,41],[-7,49],[-64,112],[-89,47],[-44,152],[16,18],[98,-59],[46,12],[47,68],[86,-68],[33,-67]],[[82102,47856],[-52,-3],[-10,-18],[15,-18],[-23,12],[-7,-32],[-5,39],[-17,7],[17,53],[82,-40]],[[81305,48535],[8,-59],[-35,-11],[-6,31],[33,39]],[[78445,48721],[-4,-43],[-30,-13],[-51,95],[20,32],[65,-71]],[[82332,49879],[10,-10],[-13,-132],[-17,61],[20,81]],[[82306,49691],[1,-107],[-60,-94],[-21,253],[29,175],[41,61],[10,-288]],[[77888,49999],[17,-87],[-75,212],[-3,94],[13,18],[67,-140],[1,-57],[-24,-17],[4,-23]],[[77834,50281],[-19,-73],[-34,-8],[-11,196],[64,-115]],[[77728,50512],[6,-50],[-67,66],[-21,69],[10,66],[36,-21],[36,-130]],[[80267,50926],[-29,-52],[-18,48],[29,28],[18,-24]],[[80488,51197],[5,-21],[-76,-88],[-24,22],[16,160],[69,-6],[10,-67]],[[77575,50891],[0,-59],[-20,63],[15,-83],[-38,-17],[-65,70],[-81,277],[18,136],[67,27],[74,-287],[-9,-19],[39,-108]],[[77361,51567],[-1,-60],[-62,23],[17,4],[26,158],[20,-125]],[[77355,51741],[22,-69],[-3,-59],[-70,215],[30,0],[21,-87]],[[78692,52193],[-4,-51],[-39,1],[11,90],[32,-40]],[[78754,52304],[2,-23],[-29,55],[27,-32]],[[78746,52280],[-15,-75],[-25,67],[4,63],[36,-55]],[[78833,52324],[9,-51],[-30,63],[21,-12]],[[78872,52406],[7,-28],[-13,-7],[-23,39],[29,-4]],[[79878,52430],[11,-16],[-12,-23],[1,39]],[[78733,52416],[-28,4],[-2,53],[16,11],[14,-68]],[[78624,52292],[-12,-60],[-31,56],[-105,0],[-31,48],[27,46],[-10,88],[25,11],[14,-66],[44,0],[79,-123]],[[78645,52367],[14,-26],[-13,-28],[-94,114],[-46,-6],[25,76],[24,6],[66,-69],[24,-67]],[[78929,52501],[-15,-98],[-38,11],[-14,36],[35,67],[15,-32],[1,32],[16,-16]],[[79070,52464],[1,-97],[-25,-57],[-41,74],[18,44],[-60,-17],[-10,51],[46,63],[30,-13],[19,26],[22,-74]],[[78464,52548],[-8,-96],[7,-59],[-28,-22],[-38,95],[-6,172],[22,4],[51,-94]],[[78470,52618],[-4,-54],[-42,83],[-65,35],[-24,81],[126,-58],[9,-87]],[[77376,52801],[12,-28],[-47,17],[9,27],[26,-16]],[[76986,53018],[-14,-24],[-9,41],[14,15],[9,-32]],[[78255,53018],[15,-64],[-17,-97],[-25,-37],[-37,13],[-26,99],[6,78],[64,48],[20,-40]],[[77035,53069],[-2,-66],[-32,83],[-29,21],[50,9],[13,-47]],[[82944,53125],[15,-36],[-21,32],[-6,43],[21,-23],[-16,13],[7,-29]],[[80307,53291],[-23,-27],[-16,34],[39,-7]],[[76799,53223],[1,-29],[-41,-5],[-75,129],[-76,43],[-26,102],[23,9],[3,55],[33,-21],[-8,-34],[68,-65],[-7,-46],[16,15],[60,-119],[14,21],[15,-55]],[[80233,53545],[16,5],[-16,-78],[-18,28],[18,45]],[[79389,53559],[14,-8],[-12,-46],[-27,-35],[-7,125],[14,-41],[18,5]],[[79523,53664],[-2,-53],[-19,23],[-1,56],[22,-26]],[[82639,53753],[7,-25],[-31,-1],[24,26]],[[79519,53768],[2,-75],[-13,16],[11,59]],[[82673,53812],[16,-21],[-10,-89],[-32,91],[26,19]],[[82747,53847],[0,-24],[-18,22],[-12,51],[30,-49]],[[82643,53835],[-69,13],[-14,35],[14,19],[35,-15],[34,-52]],[[82693,54200],[15,-34],[-24,-39],[-20,46],[19,49],[10,-22]],[[80109,54064],[-22,-110],[-37,-20],[-25,27],[26,56],[26,-35],[-5,35],[-55,36],[-22,90],[67,134],[9,-66],[38,-80],[0,-67]],[[80001,54581],[-4,-47],[-15,0],[19,47]],[[76437,55074],[-19,-4],[10,25],[9,-21]],[[76420,55122],[-15,-32],[-13,51],[28,-19]],[[76483,55228],[11,-51],[-12,-16],[-35,71],[20,-26],[16,22]],[[84274,45733],[5,-51],[-46,-33],[-9,-44],[-66,-53],[-42,7],[-2,66],[65,39],[94,160],[1,-91]],[[83871,45826],[16,-7],[0,-39],[-32,-51],[-53,19],[69,78]],[[84295,45987],[11,-21],[-30,-24],[5,-60],[-26,-4],[19,95],[21,14]],[[84424,47094],[1,-25],[-40,-13],[-28,-82],[-9,18],[-23,-38],[3,-54],[-23,25],[-26,-39],[-50,36],[72,101],[-32,20],[12,28],[43,12],[-14,-61],[19,-12],[15,87],[17,-16],[28,41],[35,-28]],[[84529,47098],[-2,-57],[-42,-126],[-25,-7],[-11,70],[-31,-15],[32,82],[24,-41],[41,116],[14,-22]],[[88582,47031],[-1,-39],[-96,33],[35,91],[31,18],[31,-103]],[[84759,47100],[-3,-78],[-194,-66],[-26,31],[60,105],[-43,-19],[23,76],[26,1],[9,-44],[97,33],[38,-5],[13,-34]],[[85580,47150],[10,-18],[-28,-57],[-51,32],[-23,51],[92,-8]],[[86418,47150],[20,3],[-116,-130],[42,79],[4,47],[30,28],[20,-27]],[[86066,47296],[5,-32],[-28,-70],[-45,75],[-2,51],[38,23],[32,-20],[0,-27]],[[85232,47383],[-77,-54],[-26,-84],[-115,47],[-78,-71],[12,91],[43,109],[99,-20],[83,78],[59,-96]],[[85408,47497],[3,-36],[-35,-37],[4,86],[28,-13]],[[88593,47489],[38,-20],[-27,-152],[-24,-33],[4,-102],[-68,-54],[-79,-139],[-146,19],[-59,-28],[34,203],[91,296],[85,89],[90,26],[24,-8],[37,-97]],[[86582,47671],[-15,-17],[18,-93],[-21,-117],[-68,-131],[-20,-98],[-9,47],[-15,-39],[-32,2],[-7,87],[20,29],[-13,53],[37,0],[-19,33],[17,93],[59,89],[32,117],[24,10],[0,-34],[14,23],[11,-37],[-13,-17]],[[86661,47692],[-5,-37],[-24,51],[-41,14],[52,22],[18,-50]],[[85741,47722],[-9,-47],[-30,51],[25,39],[22,-27],[-8,-16]],[[81679,47850],[22,-38],[-60,-38],[-10,-47],[-73,0],[-27,-69],[-97,17],[-12,46],[2,-53],[-112,42],[-9,57],[62,97],[280,15],[34,-29]],[[79239,48073],[-16,-84],[-8,52],[-16,-27],[19,48],[21,11]],[[87356,48046],[4,-36],[-27,-12],[10,-14],[-35,-102],[-35,-34],[-31,53],[10,212],[28,-28],[-25,50],[-5,138],[53,-67],[10,-53],[35,-32],[8,-75]],[[83484,48413],[-18,-311],[-14,168],[11,241],[21,-98]],[[79119,48515],[2,-34],[-19,39],[17,-5]],[[86889,48500],[-8,-79],[-23,-3],[-20,188],[22,3],[29,-109]],[[87432,48286],[-16,-94],[-26,-28],[-15,8],[-29,53],[-32,25],[-16,58],[5,38],[20,11],[-18,11],[-4,53],[25,75],[-49,47],[42,-1],[29,103],[14,-7],[1,68],[33,-9],[19,-52],[-17,-31],[34,-48],[-15,-94],[17,-32],[-19,-16],[11,-29],[-38,10],[48,-80],[-23,-56],[19,17]],[[86995,48774],[-20,-164],[-38,-77],[-5,-77],[-32,-77],[74,395],[21,0]],[[83907,48829],[-6,-136],[-22,-9],[-45,119],[21,67],[-8,24],[35,18],[25,-83]],[[84105,49001],[-49,-140],[15,-79],[-17,-71],[-15,-5],[-9,82],[-12,-63],[-17,25],[12,22],[-24,-43],[-23,11],[14,142],[20,35],[-21,127],[15,55],[92,75],[19,-173]],[[84207,48823],[18,-44],[-19,-48],[-75,-42],[-4,-29],[16,-11],[-25,-85],[-17,20],[-6,-22],[-3,30],[-27,-20],[-19,89],[42,139],[26,31],[-16,3],[14,94],[-15,6],[23,60],[6,184],[15,78],[36,52],[45,-118],[5,-131],[-20,56],[-12,-28],[-15,16],[-28,-260],[27,31],[28,-51]],[[87099,49395],[19,-39],[-67,55],[-17,56],[65,-72]],[[86490,49459],[7,-18],[-31,48],[24,-30]],[[84223,49533],[13,-56],[-16,-56],[-16,-30],[-26,17],[-26,94],[22,42],[49,-11]],[[86512,49508],[-13,-6],[-8,49],[21,-43]],[[84215,49774],[-16,-31],[-16,33],[32,-2]],[[85702,49798],[9,-34],[-47,-29],[9,69],[29,-6]],[[85647,49810],[1,-66],[-23,7],[-5,-62],[-38,-29],[29,77],[-75,-72],[-6,35],[20,47],[97,63]],[[85755,49802],[2,-51],[-17,26],[-9,-31],[-20,75],[44,-19]],[[85344,49834],[-10,-109],[-23,4],[-118,-122],[-137,134],[-42,107],[-17,114],[27,78],[31,-40],[61,64],[116,-2],[71,-73],[5,-41],[-16,7],[0,-36],[57,-28],[-5,-57]],[[79696,50145],[-13,-57],[-39,36],[25,43],[27,-22]],[[79749,50186],[-4,-29],[-19,17],[13,33],[10,-21]],[[79831,50180],[25,28],[6,-19],[-27,-54],[-19,35],[15,10]],[[86353,49774],[-16,-170],[-226,228],[-31,81],[-106,18],[15,-79],[-22,-14],[-111,70],[-34,-8],[5,60],[-29,28],[-51,-84],[-4,-48],[-54,-17],[-59,144],[-26,10],[-3,73],[-21,-37],[-46,-243],[1,133],[-24,86],[73,61],[3,48],[-13,8],[29,65],[192,-3],[52,33],[15,-82],[20,-6],[62,96],[39,7],[117,-112],[118,-12],[56,-78],[21,-158],[42,-17],[16,-81]],[[80081,50192],[-25,-90],[2,-75],[-34,-15],[-4,-37],[-26,-8],[-31,108],[-15,-66],[-59,-36],[11,58],[-17,68],[8,53],[-18,1],[16,26],[19,178],[45,21],[48,-31],[7,-36],[18,20],[47,-86],[8,-53]],[[87383,50441],[-9,-20],[-8,26],[13,65],[4,-71]],[[87328,50679],[12,-21],[-19,-65],[-7,40],[14,46]],[[85018,50459],[2,-45],[-17,2],[-30,132],[-12,102],[20,51],[18,-29],[-6,-95],[25,-118]],[[84404,50709],[3,-27],[-21,3],[-1,68],[19,-44]],[[85091,50785],[-112,-65],[-138,-10],[0,39],[-26,18],[18,44],[258,-26]],[[84203,50816],[5,-34],[-22,-45],[6,85],[11,-6]],[[87287,50831],[-17,-118],[-2,66],[19,52]],[[86218,50745],[-12,-23],[26,-28],[-18,-21],[-10,37],[-23,-56],[-36,-12],[-114,107],[175,118],[26,-92],[-14,-30]],[[84809,50808],[1,-60],[-75,-3],[-10,-32],[-51,28],[-80,-64],[-38,1],[-21,77],[16,117],[37,24],[121,-40],[26,-40],[17,4],[3,43],[18,-12],[3,-49],[20,35],[13,-29]],[[88013,50816],[14,-20],[-101,-59],[-55,24],[-20,-28],[-152,119],[-62,11],[-21,42],[214,-25],[49,-40],[134,-24]],[[79657,50358],[18,-11],[-31,-29],[-33,-161],[38,-55],[4,-40],[-62,-18],[-26,78],[-125,86],[-22,84],[10,102],[-32,59],[-13,141],[-60,48],[-72,-39],[-21,37],[-23,-5],[-3,66],[74,105],[-15,77],[60,67],[38,-71],[-11,-48],[42,-31],[-33,150],[61,22],[35,-51],[-1,-55],[39,-121],[6,-167],[33,-146],[125,-74]],[[87578,50982],[14,-4],[-66,-14],[52,18]],[[85595,50915],[2,-44],[-28,-26],[-38,19],[-106,-29],[-43,58],[14,125],[16,-20],[41,69],[142,-152]],[[85469,51134],[-7,-34],[-57,21],[24,37],[40,-24]],[[84306,51104],[13,-11],[-6,-86],[-34,-48],[-33,55],[-13,-122],[-36,32],[20,53],[-9,107],[-71,-167],[-23,84],[2,75],[26,79],[76,18],[16,-45],[-13,-26],[9,-73],[34,96],[42,-21]],[[86098,51163],[-27,-41],[4,21],[-36,-1],[32,33],[27,-12]],[[87499,51246],[-20,-67],[-35,62],[21,52],[22,-31],[-8,-47],[20,31]],[[86404,51256],[-6,-130],[-21,-73],[-56,67],[-30,152],[67,48],[40,-14],[6,-50]],[[86365,51384],[-27,-53],[-117,-34],[22,75],[11,-23],[83,12],[-3,35],[31,-12]],[[87881,51203],[-59,-74],[-77,22],[-33,198],[-29,-27],[-49,74],[-7,-20],[-25,90],[113,-65],[26,26],[90,-209],[50,-15]],[[85359,51404],[7,-28],[-12,-7],[-34,19],[13,86],[16,1],[10,-71]],[[86298,51582],[-10,-53],[-19,-3],[7,39],[-38,-35],[13,48],[47,4]],[[83847,51602],[12,-62],[-44,16],[-26,-38],[30,84],[28,0]],[[79040,51603],[15,-37],[-25,-87],[-25,22],[-18,-49],[-6,68],[-22,39],[8,43],[15,31],[2,-47],[35,55],[21,-38]],[[83896,51641],[-1,-43],[-46,17],[19,38],[28,-12]],[[85524,51392],[-37,-71],[-36,78],[-47,-36],[4,100],[-49,85],[6,89],[15,6],[21,-50],[19,66],[18,-14],[30,-89],[-23,-79],[13,-52],[38,10],[28,-43]],[[85342,51550],[-35,-6],[1,123],[17,18],[34,-15],[-17,-120]],[[78808,51677],[12,-44],[-81,-12],[26,83],[43,-27]],[[83948,51690],[-20,8],[9,22],[11,-30]],[[83991,51681],[1,-48],[-41,85],[40,-37]],[[83770,51727],[6,34],[15,-13],[-21,-21]],[[86471,51696],[13,-29],[-26,-56],[-43,36],[-33,-22],[-27,61],[-23,9],[-23,84],[-25,5],[35,-117],[38,-5],[17,-41],[-54,-45],[-19,89],[-30,-25],[-9,-59],[-6,103],[-41,-10],[-44,43],[57,1],[-5,41],[-19,-7],[2,-28],[-13,13],[-5,35],[16,15],[6,-28],[0,28],[19,-16],[23,36],[71,-3],[16,26],[92,-47],[40,-42],[0,-45]],[[79146,51696],[23,-26],[-26,-3],[5,-26],[-56,68],[-54,-33],[-29,46],[36,128],[56,-126],[23,28],[22,-56]],[[85982,51755],[1,-47],[-69,152],[68,-105]],[[85405,51830],[-2,-21],[-15,25],[2,83],[13,-4],[2,-83]],[[79026,51874],[-6,-28],[-18,39],[1,49],[23,-60]],[[79079,51874],[4,-23],[-59,121],[55,-98]],[[79001,52028],[0,-27],[-19,42],[19,-15]],[[85388,52051],[5,-38],[-17,-17],[-5,37],[17,18]],[[85382,52191],[11,78],[8,-52],[-19,-26]],[[78967,52240],[-25,42],[22,9],[3,-51]],[[85380,52284],[-16,-15],[-7,46],[21,2],[2,-33]],[[78951,52339],[9,-23],[-23,-24],[-23,47],[2,40],[35,-40]],[[77202,52406],[-15,-215],[-16,-37],[-32,8],[-25,145],[-37,69],[-24,1],[-41,185],[-51,86],[48,1],[28,69],[22,-10],[143,-302]],[[84803,52726],[-7,-79],[-23,-13],[30,92]],[[85462,51712],[14,301],[-39,59],[-14,83],[27,157],[-36,42],[0,86],[-25,-7],[-1,96],[39,153],[4,125],[21,83],[85,203],[31,9],[-56,-203],[47,-76],[0,-239],[-35,-88],[-70,-87],[-3,-37],[32,-68],[31,-4],[19,34],[20,122],[52,41],[-1,46],[-24,14],[32,76],[64,86],[79,18],[-10,-72],[18,-58],[-14,-158],[-111,-102],[0,-40],[-24,-29],[42,-75],[88,-51],[2,-120],[38,-20],[21,-60],[-122,108],[-55,-2],[-84,53],[-14,-26],[-7,-239],[26,-165],[69,-257],[59,-115],[-53,24],[0,41],[-60,56],[-41,169],[-61,113]],[[84841,53208],[6,-32],[-17,-4],[-6,28],[17,8]],[[85745,53263],[-33,-215],[-83,-66],[-20,156],[35,111],[68,100],[33,-86]],[[84845,53441],[-15,-94],[-9,71],[24,23]],[[84903,53831],[-10,-43],[-31,39],[4,66],[-28,52],[6,40],[26,-31],[33,-123]],[[85206,54052],[31,-55],[-12,-15],[-19,70]],[[85182,54126],[15,-35],[-4,-63],[-23,134],[12,-36]],[[85241,54327],[14,-28],[-31,-72],[-3,-81],[-34,-7],[35,126],[-25,23],[9,163],[36,-30],[-1,-94]],[[83988,46976],[14,-31],[-16,4],[2,27]],[[83827,47603],[15,-25],[-21,-16],[6,41]],[[81831,47726],[7,-21],[-35,7],[28,14]],[[81768,47750],[7,-52],[-34,57],[27,-5]],[[83927,51611],[-19,-8],[1,75],[18,-67]],[[86020,47472],[-5,21],[16,-13],[-11,-8]],[[85109,52604],[-4,-32],[-9,23],[13,9]],[[82191,47740],[1,-34],[-16,-18],[-26,27],[10,20],[28,-25],[3,30]],[[87424,48087],[-15,-34],[-14,44],[16,16],[13,-26]],[[87108,50415],[-8,-30],[-20,47],[28,-17]],[[84333,50909],[0,-57],[-30,-4],[8,131],[22,-70]],[[85657,51263],[11,-21],[-22,3],[-6,44],[17,-26]],[[86083,51597],[-10,-52],[-5,39],[15,13]],[[77374,51924],[71,1],[13,-29],[-87,-11],[3,39]],[[84769,52869],[-7,-33],[-5,50],[12,-17]],[[82695,54230],[-18,37],[17,23],[57,-63]],[[78353,55436],[73,-46],[51,-176],[141,-222],[117,-391],[13,-288],[-28,-110],[11,-95],[-27,-111],[40,-142],[-15,-83],[4,-256],[55,-144],[35,-14],[51,-178],[85,-404],[6,-156],[-47,5],[-13,63],[24,35],[-26,-23],[-24,82],[12,-115],[-87,1],[-27,-56],[-14,17],[-9,-65],[-42,155],[-147,177],[-38,8],[-48,121],[-104,95],[-46,92],[-34,0],[-25,110],[-65,43],[-39,91],[-32,18],[24,88],[-21,157],[-71,200],[-63,94],[9,38],[-38,18],[-1,58],[46,20],[-26,2],[-3,45],[-37,32],[-19,94],[22,139],[-14,29],[20,34],[-17,-2],[3,73],[-48,75],[-22,93],[19,118],[-23,170],[0,246],[-62,248]],[[77812,55543],[11,145],[27,3],[35,-102],[67,-45],[28,28],[21,-45],[7,-103],[69,6],[0,-177],[-32,-84],[44,-94],[25,30],[10,60],[86,72],[30,-84],[37,-15],[72,205],[4,93]],[[81984,54660],[18,29],[41,-33],[55,95],[14,83],[-67,55],[8,61],[59,128],[0,-66],[4,27],[39,-26],[24,22],[23,117],[34,45],[25,133],[-10,31],[32,64],[19,-3],[-15,23],[74,128],[68,297],[24,-21],[5,-48],[-20,-152],[12,-26],[64,144],[-4,64],[31,35],[29,-38],[-7,-69],[18,-104],[46,-52],[20,43],[7,-47],[47,-51],[-1,-113],[-34,-33],[19,-130],[-56,-60],[85,23],[68,88],[30,-113],[-57,-32],[11,-70],[48,1],[12,67],[52,5],[64,-76],[-8,-90],[24,64],[47,-91],[27,-14],[4,-35],[71,33],[25,-61],[-3,-83],[-31,-55],[-132,-93],[-50,-7],[-40,62],[-61,-91],[39,-107],[55,-55],[6,-53],[29,6],[12,-47],[-24,-42],[-57,-2],[-103,-75],[-91,112],[-14,-25],[14,-63],[-15,-38],[7,-17],[-16,-10]],[[80456,53032],[13,-121],[66,-104],[101,-10],[10,74],[17,-60],[33,24],[-12,-69],[73,-42],[-14,-57],[24,18],[8,53],[97,-115],[67,-11],[-34,38],[-29,-8],[-42,86],[9,70],[64,-28],[-26,18],[-22,67],[31,169],[48,54],[-54,-10],[15,41],[-15,22],[10,93],[40,-43],[36,3],[-25,79],[32,4],[-27,28],[5,81],[64,94],[95,25],[276,158],[119,341],[84,143],[58,157],[15,188]],[[81666,54482],[68,-68],[10,-125],[38,-3],[58,-140],[39,66],[22,152],[-29,192],[57,52],[10,40]],[[81939,54648],[9,16],[4,-55]],[[81952,54609],[19,-247],[69,-45],[-56,343]],[[80947,53210],[-12,-18],[-16,41],[1,203],[18,-50],[9,-176]],[[78950,53437],[-3,-41],[-23,18],[12,84],[14,-61]],[[82979,54420],[8,-20],[-23,-12],[-8,34],[23,-2]],[[82919,54510],[25,-8],[-18,-19],[-53,43],[31,12],[15,-28]],[[82013,54923],[3,-43],[-28,-23],[25,66]],[[77863,54972],[9,-19],[-15,-90],[-29,4],[-1,109],[36,-4]],[[77718,55427],[14,31],[-9,-71],[-5,40]],[[77749,55498],[-9,-43],[-12,20],[-26,-36],[-24,100],[35,-9],[20,29],[16,-61]],[[82629,55730],[11,-54],[-44,-11],[33,65]],[[82500,56069],[2,-44],[-44,-47],[42,91]],[[82547,56061],[30,-6],[-5,-75],[-53,-57],[-1,102],[29,36]],[[30691,41750],[4,-66],[45,-106],[9,-98],[61,-37],[-20,-58],[57,-418],[-11,-46],[150,-281],[-71,-162],[45,-118],[-13,-78],[-56,-29],[18,-26],[13,-102],[-24,-53],[79,-118],[-25,-68],[5,-98],[38,-27],[58,-186],[31,-386],[38,-86],[2,-133],[26,-123],[-8,-156],[75,-45],[118,43]],[[31335,38689],[50,-103],[-91,-576],[-251,-221],[-23,-65],[-20,-2],[-15,-74],[-12,16],[-21,-97],[57,-203],[-42,-35],[-25,-146],[55,-407],[-46,-92],[-6,-89],[81,-253],[-7,-85],[-52,-18],[-19,-50],[-63,25],[-33,-159],[-24,-37],[-48,-283],[-31,-28],[-33,-123],[-19,9],[-45,-115],[-42,-404],[-66,-114],[35,-293],[-18,-154],[40,-51],[-36,-123],[-58,6],[8,-43],[-54,-287],[20,-57],[-20,-3],[-19,-62],[-20,30],[-25,-119],[-6,-152],[35,-156],[61,-59],[-11,-61],[-29,-3],[19,-131],[45,-118],[1,-146],[43,-80],[-31,-93],[1,-75],[27,-75],[20,32],[29,-13],[13,-65],[-35,-226],[24,-266],[-64,-33],[-3,-71],[-69,-191],[11,-30],[-30,-213],[-54,-53],[42,-56],[-12,-13],[32,-251],[-17,-31],[9,-109],[-18,-54],[-36,5],[-36,-71],[-2,-85],[-48,8],[-12,-42],[-31,-6],[-3,-117],[-25,-1],[-14,-87],[17,-64],[-20,-12],[33,-76],[-33,-109],[25,-100],[-19,-138],[49,-210],[10,-204],[39,-80],[-31,-106],[-81,-37],[-46,-57],[-3,-234],[-36,-124],[11,-40],[-59,0],[27,-177],[-18,-109],[-37,3],[-2,-67],[41,-66],[-15,-56],[-19,4],[-44,-176],[29,-126],[-15,-247],[14,-115],[-20,-49],[53,-248],[-52,-54],[-24,30],[-34,-94],[26,-111],[-29,-44],[-2,-254],[27,-62],[86,-48],[-2,-61],[-42,-15],[-15,-70],[67,-92],[1,-47],[-30,-42],[44,-97],[-55,-105],[15,-119],[-16,-36],[181,-29],[24,-70],[-48,-142],[-56,30],[-164,-23],[4,-68],[135,-44],[77,-185],[-55,-63],[6,-52],[-77,-42],[2,-159],[40,-71],[-84,-104],[42,-53],[22,-257],[-73,-71],[9,-107],[-25,-36],[37,-47],[-2,-45],[-42,14],[-39,-121],[-53,-25],[5,-87],[-55,-180],[55,-90],[14,-151],[-79,-69],[-4,-195],[-52,-82],[-64,-33],[-48,-129],[24,-33]],[[29695,23456],[-104,-26],[-32,-129],[34,-126]],[[29593,23175],[-30,-99],[26,-45],[-17,-60],[66,-107],[35,-259],[35,-5],[82,82],[26,-30],[43,38],[57,-27],[10,-180],[-39,-83],[41,-80],[-53,-177],[130,-169],[4,-72],[559,-21],[417,-169],[1,-27]],[[30986,21685],[-125,25],[-93,58],[-66,-40],[-56,-149],[-48,26],[-187,-137],[-2,37],[-48,-46],[-46,10],[35,-36],[-42,-74],[22,-28],[-51,-243],[6,-214],[-87,-75],[-100,36],[-63,73],[-64,4],[-97,162],[47,95],[47,-8],[9,-42],[-44,-60],[41,7],[21,17],[-1,84],[46,12],[18,-124],[-60,-69],[53,23],[17,34],[3,137],[106,62],[45,111],[22,2],[-14,62],[-50,3],[-13,45],[0,-59],[-141,-103],[-32,-66],[-74,55],[5,-24],[-31,12],[-51,-16],[55,6],[49,-65],[-49,0],[0,-24],[-34,20],[7,-24],[-21,18],[35,-34],[-34,-8],[4,-55],[-35,28],[78,-126],[-46,-3],[-64,89],[-9,-31],[-112,115],[-29,51],[96,-5],[68,-74],[-23,67],[39,12],[-78,28],[16,50],[-28,103],[76,75],[26,-38],[-29,-55],[35,42],[44,-34],[75,117],[86,-24],[104,28],[-26,49],[-198,27],[-38,-80],[-36,35],[44,49],[-50,-29],[-80,32],[-36,-117],[47,68],[41,-38],[-95,-109],[10,-123],[-45,-25],[-10,48],[-6,-51],[-66,52],[64,67],[-100,58],[92,4],[-20,43],[51,95],[33,-5],[-32,15],[7,22],[57,-12],[-37,23],[-34,-8],[-14,34],[10,-77],[-31,-63],[-34,75],[-1,-54],[-61,-65],[-23,20],[35,48],[-27,-7],[-5,27],[53,70],[-5,32],[-42,-2],[29,58],[-5,66],[-43,103],[51,-91],[15,32],[54,-52],[27,66],[58,25],[-23,-100],[23,29],[36,-40],[31,115],[-36,-81],[-17,85],[40,65],[32,-29],[-5,-42],[47,-93],[-18,-68],[-22,10],[-70,-72],[58,24],[56,-24],[-32,29],[39,47],[8,64],[-56,140],[55,19],[1,80],[-62,113],[-66,29],[-45,70],[-48,-42],[58,-5],[-12,-58],[30,45],[54,-41],[64,-104],[-44,-35],[-155,134],[16,-61],[42,-7],[21,-38],[-31,26],[16,-50],[-44,-27],[66,33],[14,-22],[-62,-47],[-22,-87],[-45,253],[26,-296],[-76,73],[-16,131],[62,-117],[-53,153],[36,36],[-54,-1],[-18,-50],[-26,50],[27,29],[-51,8],[23,51],[-26,5],[-7,70],[34,8],[56,-134],[4,111],[-26,10],[-26,104],[7,22],[21,-46],[-3,79],[-21,12],[-30,-69],[-40,73],[-2,-56],[-28,12],[16,134],[-44,-47],[-7,56],[29,38],[62,5],[35,-55],[-21,72],[38,8],[-9,86],[83,-1],[-69,65],[44,89],[-54,-63],[-18,-140],[-61,-37],[-23,35],[18,29],[-24,-10],[-41,143],[24,10],[23,-73],[-6,62],[75,-35],[-70,69],[32,34],[-66,-44],[-19,32],[11,69],[-20,-54],[-24,1],[-27,35],[15,28],[-59,37],[34,49],[19,-19],[3,32],[41,-6],[42,-100],[20,21],[74,-38],[-42,50],[-46,2],[-53,120],[27,34],[106,-83],[-34,49],[36,41],[-8,36],[-36,-62],[-80,54],[-7,45],[79,46],[-62,-16],[-9,62],[74,54],[9,-45],[6,34],[20,-6],[8,-47],[48,-76],[11,36],[-47,40],[-6,70],[-59,18],[-9,43],[13,93],[64,-51],[-39,44],[-16,110],[59,29],[-63,11],[6,-76],[-19,-44],[-24,8],[-7,-182],[-57,80],[14,114],[-27,89],[29,58],[-23,71],[21,51],[10,-20],[77,8],[-69,7],[-26,68],[56,79],[57,-71],[-10,86],[38,21],[-96,35],[36,25],[-45,-17],[-13,71],[-54,71],[12,36],[-33,-31],[-11,44],[31,26],[47,-35],[39,-122],[-29,139],[116,-18],[4,-43],[30,40],[-9,-47],[56,-12],[12,-68],[20,43],[37,-27],[20,81],[-26,-48],[-30,23],[-48,129],[41,-46],[78,-15],[-71,24],[-10,49],[-28,8],[19,32],[-44,19],[-3,143],[-15,-145],[-42,-37],[-40,42],[-133,-8],[-52,38],[22,43],[24,-22],[-17,35],[21,41],[10,-31],[23,28],[25,-47],[-38,-36],[38,16],[39,-49],[-27,45],[47,8],[-33,19],[58,12],[-27,14],[23,30],[-71,-36],[-39,66],[17,20],[-38,9],[57,122],[41,8],[18,-75],[-1,82],[28,9],[12,-44],[-5,50],[-19,6],[32,74],[-58,35],[-16,43],[23,37],[-32,-21],[-7,48],[-90,33],[30,-34],[-44,2],[-9,-40],[66,-4],[-12,-26],[-56,10],[-37,67],[-12,-26],[-41,34],[-22,65],[42,117],[-75,-110],[-109,-41],[-10,-49],[25,50],[33,-9],[-3,-86],[24,-2],[-18,-37],[-39,-10],[-27,43],[-16,126],[53,58],[-7,24],[47,24],[7,44],[21,19],[14,-24],[7,61],[25,-29],[21,3],[-30,17],[13,56],[45,-33],[14,73],[28,-38],[-12,58],[33,45],[10,121],[30,-2],[26,-112],[18,49],[-17,70],[28,14],[72,-27],[-25,-26],[37,-27],[-30,-44],[23,-14],[-23,-61],[25,23],[4,66],[25,-59],[-95,-96],[-49,35],[41,-41],[81,40],[-7,-75],[14,20],[50,-32],[-48,80],[38,36],[30,-103],[-60,-138],[38,-20],[18,56],[13,-21],[14,92],[56,42],[-22,18],[12,54],[50,86],[-24,-2],[-71,-168],[7,199],[39,58],[-11,26],[44,74],[60,23],[-39,25],[-73,-93],[22,189],[18,22],[11,-22],[4,44],[19,-12],[27,55],[59,-83],[43,-11],[8,27],[-42,9],[-76,88],[-47,-22],[-10,38],[43,44],[-22,98],[74,15],[109,109],[13,124],[23,22],[1,95],[-36,-93],[-60,113],[-68,33],[15,59],[-32,-28],[-12,41],[24,36],[24,-14],[-7,58],[35,122],[13,-27],[19,25],[21,-18],[-7,74],[-13,-43],[-44,22],[41,62],[-33,12],[-24,73],[7,83],[48,47],[-6,79],[19,45],[37,-35],[-4,98],[-33,91],[7,131],[36,16],[48,-35],[-85,161],[70,55],[48,-148],[-12,267],[-15,14],[-18,-46],[-43,10],[-42,59],[67,109],[42,3],[54,40],[0,140],[-11,19],[-21,-165],[-47,-30],[-23,16],[-25,80],[-52,35],[-44,-54],[12,-70],[-39,-50],[-82,-12],[-73,33],[73,137],[-33,-51],[-53,25],[-39,336],[26,32],[3,144],[32,70],[-16,69],[14,144],[21,38],[-15,81],[71,78],[22,-39],[-8,119],[46,118],[9,170],[-10,-16],[-77,403],[16,271],[-56,188],[-5,73],[23,87],[-22,57],[20,111],[41,-50],[70,47],[18,188],[-18,34],[21,22],[4,81],[13,-68],[23,7],[1,104],[15,-1],[29,136],[7,178],[61,120],[-18,117],[33,44],[36,148],[47,68],[67,438],[-8,123],[56,204],[45,75],[8,67],[-23,61],[10,63],[-25,129],[52,52],[7,130],[28,69],[-8,75],[19,86],[-37,104],[11,182],[-46,414],[-13,320],[21,215],[27,-25],[27,71],[13,-9],[-4,107],[36,64],[-15,88],[8,184],[-50,113],[-10,156],[62,153],[-4,59],[35,96],[4,180],[38,246],[35,26],[-13,265],[47,95],[-9,75],[25,67],[9,205],[19,30],[-14,21],[13,190],[-29,84],[29,117],[-3,60],[50,80],[9,85],[-42,409],[24,427],[30,119],[-30,62],[-12,-36],[-25,9],[19,263],[16,29],[6,-44],[16,-1],[37,107],[28,586],[37,260],[-31,241],[12,46],[-24,71],[6,256],[17,58],[-2,240],[-11,120],[-18,25],[12,36],[-25,135],[-19,304],[15,189],[-25,62]],[[30446,41272],[117,50],[53,155],[-19,167],[46,20],[48,86]],[[30932,20273],[-3,-50]],[[30929,20223],[-76,62],[53,-68],[-109,-27],[-144,69],[6,75],[-15,-41],[-10,43],[-4,-66],[-12,51],[-10,-55],[-28,-4],[-16,81],[-7,-91],[-28,-8],[2,41],[-22,-39],[-40,4],[18,86],[-33,-84],[-60,32],[-50,-35],[-19,36],[79,46],[15,49],[-90,-79],[-30,22],[41,18],[-47,5],[-23,-60],[21,92],[-31,14],[4,-38],[-15,14],[-21,-40],[-31,15],[27,29],[-11,55],[-32,8],[-18,-36],[21,-15],[-42,-47],[-2,55],[-25,-36],[-4,42],[-13,-42],[-2,32],[-28,4],[-53,-36],[15,50],[-31,-2],[-1,38],[18,-3],[-9,36],[84,-71],[-21,35],[45,-20],[-74,75],[28,10],[52,-65],[19,20],[-33,37],[62,-26],[7,48],[76,-79],[-15,43],[48,-19],[6,75],[42,13],[53,-13],[-33,-51],[-10,-99],[7,28],[29,-29],[-17,61],[31,60],[93,-106],[-15,45],[48,-28],[-83,62],[-41,94],[-74,7],[-25,86],[221,-181],[17,33],[-34,28],[46,37],[72,-172],[-24,159],[90,-94],[10,58],[76,-70],[-53,-92],[11,-33],[30,85],[28,-26],[3,72],[41,-10],[6,23],[-285,183],[-47,174],[75,86],[73,15],[81,66],[2,95],[-151,-18],[-85,-47],[-60,54],[0,209],[29,25],[-6,-48],[26,-6],[42,87],[-36,27],[-22,-29],[5,67],[-40,19],[83,19],[60,-66],[89,118],[-4,70],[52,40],[77,-134],[100,78],[42,-52]],[[30936,21517],[-3,-1235]],[[30933,20282],[-20,7],[19,-16]],[[27567,32386],[5,47],[10,-47],[-15,0]],[[28114,32477],[9,-20],[-64,-15],[28,54],[27,-19]],[[19658,36230],[-61,-60],[20,79],[41,-19]],[[31320,19674],[6,-34],[-53,37],[47,-3]],[[31362,19681],[-2,-51],[-19,31],[21,20]],[[31249,19684],[-33,-56],[-3,34],[-47,-22],[-31,35],[114,9]],[[31284,19725],[-57,24],[21,31],[28,-26],[13,73],[-1,-77],[30,-33],[-24,-16],[-10,24]],[[31210,19871],[15,-51],[-40,-21],[25,72]],[[30635,19958],[21,-25],[-46,-11],[0,44],[25,-8]],[[30551,19981],[19,13],[-17,-53],[-28,48],[26,-8]],[[31429,20001],[-12,-35],[-45,3],[9,52],[48,-20]],[[31548,20050],[-57,-53],[3,46],[54,7]],[[31425,20143],[17,-51],[-73,60],[56,-9]],[[31111,19796],[-25,-51],[-18,69],[-38,-8],[11,49],[-69,19],[-33,48],[4,-31],[-55,23],[9,-41],[-27,-7],[-27,56],[59,16],[-2,28],[-59,-26],[47,108],[-51,-44],[-38,68],[-3,-58],[-30,70],[-55,-20],[42,-4],[6,-35],[-59,-4],[5,-40],[50,-8],[-6,-62],[46,-8],[-7,-42],[-49,23],[-7,49],[-20,-59],[-24,56],[29,24],[-103,27],[61,20],[-28,11],[47,44],[-97,-47],[-21,20],[23,31],[-52,12],[40,49],[83,12],[1,-65],[10,68],[61,-9],[2,34],[244,31],[30,-71],[-30,10],[-19,-39],[-26,27],[-3,-50],[-121,77],[-2,-24],[75,-60],[112,-11],[49,-45],[-81,-28],[-68,23],[51,-32],[-12,-19],[43,19],[35,-42],[49,-3],[-8,-33],[33,-4],[-12,-34],[28,-57]],[[31143,20017],[40,4],[-44,39],[-66,-29],[-14,139],[-40,-7],[-4,40],[290,-5],[66,-82],[-7,-69],[-51,-67],[-50,21],[-14,57],[-40,-51],[-66,10]],[[30473,20110],[-12,-27],[-22,29],[13,-48],[-34,-28],[-12,32],[-3,-34],[-12,94],[-35,-42],[-3,40],[-78,5],[25,32],[-26,14],[125,-2],[-9,20],[68,23],[-48,-59],[-57,-10],[116,-8],[4,-31]],[[30582,20159],[-13,25],[30,6],[-20,32],[56,-35],[-4,48],[59,-17],[-4,-30],[29,27],[72,-32],[-170,-46],[-39,-2],[4,24]],[[30438,20246],[-44,-30],[-46,14],[90,16]],[[30282,20198],[-47,-3],[13,23],[-48,17],[-20,-52],[5,30],[-19,-23],[-16,37],[15,28],[67,-1],[60,-24],[10,-27],[-20,-5]],[[30014,20328],[-14,-29],[-29,63],[21,9],[22,-43]],[[29905,20542],[10,-19],[-46,-36],[-20,48],[56,7]],[[30448,20625],[44,-16],[-7,-29],[-75,53],[38,-8]],[[29917,20688],[25,-40],[-26,-60],[-56,5],[57,75],[-27,11],[27,9]],[[29672,20692],[0,-32],[-82,32],[32,27],[50,-27]],[[30102,20688],[0,71],[32,-20],[15,28],[18,-70],[0,50],[32,-20],[17,-100],[12,57],[6,-40],[12,48],[23,-8],[11,-104],[-18,-37],[-28,19],[14,-46],[-67,39],[37,46],[-55,-2],[-1,71],[-26,-18],[-9,-74],[-2,50],[-29,-29],[6,89]],[[29995,20617],[-30,39],[23,12],[-17,31],[-28,-19],[-15,93],[54,-30],[33,75],[26,-70],[16,44],[39,-17],[-39,-41],[26,7],[-19,-38],[32,-21],[-31,-43],[-51,90],[57,-129],[-35,-30],[6,-32],[-39,12],[23,51],[-31,16]],[[30429,20957],[1,-159],[32,-69],[-29,-31],[-64,64],[36,-157],[-78,63],[-22,138],[35,28],[47,-23],[-30,94],[49,81],[23,-29]],[[29493,21037],[38,-29],[-45,-38],[7,67]],[[29613,21071],[-32,-36],[32,-32],[-25,-23],[-17,35],[-10,-20],[-62,64],[63,-33],[-5,61],[56,-16]],[[29853,20690],[-30,29],[-57,-63],[-24,8],[12,21],[-35,-5],[69,36],[-25,43],[57,55],[-34,-8],[-9,32],[-57,-32],[-14,35],[-11,-130],[-67,48],[28,34],[-22,35],[20,69],[-96,-23],[29,31],[-36,29],[9,39],[28,-3],[17,14],[60,-59],[72,11],[-38,0],[15,36],[-64,-29],[-1,45],[-44,52],[95,-37],[-23,69],[34,15],[10,-62],[-3,49],[28,-11],[8,-146],[7,131],[35,-37],[15,-90],[2,79],[63,-27],[-2,-92],[22,32],[65,-63],[-31,-46],[-39,18],[13,-37],[-21,7],[0,-41],[28,-29],[-32,-14],[-22,35],[-4,-53]],[[29404,21169],[24,-4],[-46,-43],[22,47]],[[29602,21386],[3,-53],[-23,42],[-85,-16],[58,27],[-3,26],[50,-26]],[[29664,21126],[33,-22],[-63,2],[-29,40],[-45,-20],[24,16],[-32,59],[-75,75],[-49,0],[-8,-27],[-45,38],[-19,-34],[-120,197],[21,19],[84,-87],[3,-43],[48,4],[12,-28],[19,24],[124,-114],[2,50],[29,-117],[16,74],[41,-61],[-15,-18],[44,-27]],[[29489,21481],[-32,-4],[30,64],[-38,-32],[31,59],[-70,-90],[-17,69],[67,60],[-24,30],[78,18],[20,-50],[-45,-124]],[[29257,21660],[-39,23],[-24,92],[99,-32],[-14,-86],[-22,3]],[[29508,21666],[-31,6],[16,18],[-71,110],[73,-54],[13,-80]],[[29410,21656],[-34,47],[11,52],[28,-13],[-32,35],[21,-4],[-39,28],[-15,-12],[-21,14],[26,33],[56,-56],[51,-82],[-52,-42]],[[29224,21782],[0,31],[53,35],[-19,-57],[-34,-9]],[[29307,21897],[-67,-61],[53,95],[14,-34]],[[29525,21777],[4,-32],[-116,143],[19,-8],[-6,56],[78,-85],[21,-74]],[[29236,21860],[-34,-54],[34,175],[6,-23],[36,20],[-42,-118]],[[29149,21953],[-15,-7],[2,50],[31,53],[-18,-96]],[[29323,21974],[-19,80],[92,-76],[-13,-20],[34,-2],[-27,-42],[-67,60]],[[29503,22037],[-9,-47],[-33,89],[42,-42]],[[29197,21884],[-35,-59],[11,39],[-26,31],[28,32],[-19,4],[15,45],[33,-21],[9,23],[-25,105],[16,22],[28,-95],[-35,-126]],[[29460,22034],[-20,-34],[-63,59],[47,54],[-7,37],[43,-116]],[[29389,22215],[-18,73],[24,10],[19,-84],[-25,1]],[[29160,22270],[2,-47],[-28,-35],[-12,27],[5,-80],[-20,9],[-26,-47],[24,188],[26,20],[-6,-56],[13,41],[22,-20]],[[29502,22312],[-1,-65],[-28,21],[20,18],[-27,0],[36,26]],[[29239,22249],[-17,-37],[-60,-20],[60,79],[-46,-8],[48,76],[53,3],[16,-92],[-22,-24],[-18,72],[-14,-49]],[[29204,22391],[-43,-30],[14,40],[29,-10]],[[29327,22397],[-3,-55],[-48,73],[33,34],[-9,-44],[27,-8]],[[29375,22326],[-20,180],[34,-146],[-14,-34]],[[29337,22472],[-3,-61],[-22,53],[-69,-64],[12,56],[-26,9],[-16,-48],[-17,15],[15,44],[-35,14],[17,37],[77,-23],[-4,44],[23,18],[-28,52],[72,-68],[4,-78]],[[29192,22578],[-14,39],[31,-11],[-15,41],[19,-18],[8,24],[25,-79],[-18,0],[17,-33],[16,21],[-9,-38],[-67,23],[21,15],[-14,16]],[[29172,22577],[-29,8],[1,75],[26,-2],[2,-81]],[[29275,22740],[-18,-36],[-2,36],[20,0]],[[29131,22752],[-24,-59],[-37,21],[21,-35],[-5,-93],[-48,12],[15,51],[-29,14],[43,34],[-31,55],[95,0]],[[29358,22556],[-57,59],[-18,57],[44,60],[-70,32],[22,23],[64,-23],[35,-117],[-52,14],[68,-75],[-5,-38],[-20,36],[-11,-28]],[[29227,22760],[13,63],[53,-6],[-66,-57]],[[29155,22870],[-51,-85],[-27,21],[35,57],[-72,-36],[18,116],[34,2],[-24,-24],[49,-32],[16,68],[-51,8],[-25,53],[27,17],[7,-37],[32,26],[29,-59],[24,30],[-29,-66],[75,35],[-3,-50],[-64,-44]],[[29042,23166],[-47,-51],[-3,62],[32,22],[-28,47],[30,46],[42,-31],[48,-170],[-23,41],[-2,-37],[-19,23],[-7,80],[-23,-32]],[[29022,23394],[22,-80],[-29,38],[7,42]],[[29193,23568],[-9,-117],[-34,66],[-40,-4],[23,24],[-32,-8],[30,71],[62,-32]],[[29011,23470],[-28,24],[90,125],[6,-83],[-25,-31],[-3,30],[-22,-74],[-18,9]],[[29107,23604],[-17,-28],[-12,63],[-15,1],[-35,-50],[8,50],[-43,-16],[-3,62],[46,17],[-12,-38],[33,46],[-8,-32],[18,-19],[-6,38],[20,-8],[26,-86]],[[29137,23630],[-33,-5],[-23,106],[60,-44],[-4,-57]],[[29111,23169],[-27,79],[17,45],[-23,3],[17,32],[-22,-10],[-35,118],[22,15],[60,-127],[-39,142],[60,-67],[-27,48],[21,-18],[21,34],[-15,35],[55,-95],[25,150],[-42,56],[38,0],[-2,32],[-40,-21],[-13,55],[40,28],[-39,-17],[-13,32],[33,-7],[-12,40],[43,40],[9,-33],[28,39],[20,-25],[-3,-76],[25,86],[27,-343],[-44,-237],[22,49],[23,-8],[5,-59],[-31,-2],[28,-24],[-5,-55],[-19,16],[13,-50],[-38,19],[21,-48],[-64,-34],[-25,36],[49,36],[-65,1],[7,34],[45,14],[-31,4],[18,40],[-30,-17],[-3,105],[51,-14],[-49,60],[29,32],[11,-23],[27,97],[-46,-16],[17,-27],[-54,-68],[-12,37],[-6,-242],[-53,74]],[[29143,23822],[-18,-105],[-28,30],[46,75]],[[29160,23792],[4,30],[51,-13],[-55,-49],[0,32]],[[29072,23829],[12,-59],[-24,17],[-31,-45],[-43,-2],[2,45],[37,-10],[47,54]],[[29075,23871],[-3,-37],[-56,-49],[-18,23],[46,29],[-44,-15],[-21,31],[19,83],[16,-20],[57,26],[4,-71]],[[29313,23926],[-11,27],[57,-46],[-34,-21],[-12,40]],[[29419,23912],[-40,65],[49,-34],[-9,-31]],[[29307,23987],[37,-12],[-9,33],[22,19],[25,-95],[-75,55]],[[29306,23853],[-5,-48],[-26,-16],[-112,62],[18,97],[32,15],[14,-54],[18,18],[-27,64],[21,125],[43,-144],[-25,-24],[21,-84],[19,-34],[9,23]],[[29293,24003],[-4,115],[52,-75],[-48,-40]],[[29122,24017],[11,21],[-38,111],[119,-44],[-7,-130],[-49,-42],[-36,84]],[[29125,23809],[-25,-24],[-22,203],[-47,-43],[-19,15],[58,55],[-58,-4],[34,63],[-27,-19],[-10,35],[-5,49],[22,32],[14,-20],[32,27],[71,-282],[-18,-87]],[[29091,24173],[29,77],[62,6],[43,41],[-13,-113],[30,-56],[-90,68],[-61,-23]],[[29329,24224],[-25,12],[39,50],[32,-27],[-11,40],[133,-46],[-31,-44],[-1,28],[-109,-38],[-27,25]],[[29116,24286],[-48,55],[73,32],[-9,-59],[28,-12],[-57,-30],[13,14]],[[29198,24354],[5,-29],[-25,-7],[-27,49],[47,-13]],[[29314,24721],[42,6],[-38,-59],[-4,53]],[[29423,24753],[28,-16],[-55,-70],[-11,64],[38,22]],[[29521,25311],[11,-31],[-30,-53],[-41,74],[12,33],[48,-23]],[[29525,25384],[7,-54],[-38,11],[13,58],[18,-15]],[[29235,25451],[-8,-117],[-38,-54],[-40,2],[-6,43],[63,16],[-62,8],[14,12],[-22,52],[63,-32],[-24,38],[22,-11],[38,43]],[[29516,25459],[13,-55],[-26,8],[-41,-55],[7,55],[47,47]],[[29464,25487],[-24,-97],[-22,86],[46,11]],[[29224,25552],[5,-42],[-28,53],[23,-11]],[[29290,25585],[-8,-92],[-28,-5],[1,71],[35,26]],[[29424,25518],[-11,60],[23,31],[33,-33],[1,-45],[-26,-30],[-20,17]],[[29304,25495],[11,123],[26,38],[41,-75],[-18,-23],[22,-8],[-55,-75],[-27,20]],[[29537,25665],[23,-44],[-27,-138],[-38,63],[42,119]],[[29476,25645],[19,-2],[-15,-50],[-44,25],[-31,-33],[21,88],[50,-28]],[[29290,25601],[24,75],[-9,-98],[-15,23]],[[29493,25688],[-27,-20],[-28,22],[55,-2]],[[29349,25722],[9,-30],[-19,-7],[-41,61],[38,8],[13,-32]],[[29493,25763],[11,-39],[-63,-11],[-43,58],[27,28],[23,-39],[45,3]],[[29368,25797],[-14,-55],[-25,32],[7,53],[32,-30]],[[29519,25793],[-10,-41],[-21,26],[-41,-3],[-26,61],[-40,-12],[-2,51],[102,44],[42,-68],[-4,-58]],[[29369,25948],[30,46],[69,-49],[-123,-35],[24,38]],[[29455,26026],[-31,-26],[-32,28],[53,20],[10,-22]],[[29463,26038],[26,3],[12,-100],[-36,37],[-1,22],[20,-24],[-21,62]],[[29141,26034],[17,-62],[-28,-13],[-19,68],[14,25],[16,-18]],[[29554,26063],[-6,-49],[-34,16],[2,28],[38,5]],[[29349,26028],[4,-24],[-35,7],[-19,59],[27,9],[23,-51]],[[29310,26126],[4,-35],[-56,15],[13,28],[39,-8]],[[29464,26130],[15,-37],[-107,-64],[-30,33],[14,24],[-27,11],[4,35],[37,13],[94,-15]],[[29539,26103],[19,-18],[-45,-20],[-26,51],[14,58],[37,-4],[1,-67]],[[29390,26209],[11,-39],[-56,0],[45,39]],[[29434,26205],[-36,39],[54,-23],[7,-42],[-50,6],[25,20]],[[29335,26177],[-36,12],[-5,42],[33,-10],[43,37],[12,-35],[-55,-22],[8,-24]],[[29503,26249],[-28,-22],[-4,47],[32,-25]],[[29616,26154],[39,-30],[-11,56],[41,-2],[-30,19],[-1,43],[22,17],[36,-44],[-15,48],[24,23],[21,-44],[-15,-43],[30,43],[42,-52],[-25,-62],[-47,20],[40,-63],[-116,-132],[-42,68],[55,12],[-51,7],[-21,84],[24,32]],[[29520,26247],[-17,25],[37,18],[-20,-43]],[[29436,26288],[28,0],[-3,-55],[-48,71],[23,-16]],[[29649,26269],[4,47],[20,-40],[-24,-7]],[[29482,26300],[-31,25],[47,14],[-16,-39]],[[29337,26348],[24,-34],[-31,14],[7,20]],[[29516,26340],[21,0],[-16,-22],[-5,22]],[[29414,26361],[12,45],[48,-52],[-32,-10],[-3,-41],[-25,58]],[[29477,26424],[6,-44],[-43,30],[37,14]],[[29515,26519],[29,-30],[-3,-73],[-26,103]],[[29659,26485],[-16,44],[35,31],[2,-77],[-21,2]],[[29404,26592],[49,-1],[29,38],[28,-73],[-46,28],[-13,-16],[19,-24],[-25,-15],[-47,35],[6,28]],[[29217,26702],[-2,42],[24,19],[50,-56],[-56,-29],[-16,24]],[[29554,27310],[-3,-34],[-39,23],[42,11]],[[29607,27341],[-2,-22],[-53,65],[-10,45],[29,-3],[36,-85]],[[29698,27502],[-15,-39],[-15,31],[30,8]],[[29849,27563],[-21,21],[16,30],[5,-51]],[[29351,26906],[-20,25],[49,124],[28,190],[-17,150],[9,110],[29,64],[13,140],[-16,47],[41,13],[6,-34],[-28,-9],[63,-25],[7,37],[46,22],[21,-28],[-21,-57],[34,-56],[-13,-42],[35,-93],[-80,-44],[-6,-57],[21,-34],[-39,-12],[-3,44],[-17,-33],[4,-54],[88,-121],[-5,-34],[-55,6],[57,-151],[-76,6],[30,-141],[-36,2],[-13,-37],[-23,34],[-43,-21],[-70,69]],[[29698,27734],[5,62],[18,-62],[-23,0]],[[29712,20470],[23,0],[-37,-22],[14,22]],[[30443,20688],[31,6],[-8,-48],[-53,34],[30,8]],[[30364,21397],[19,2],[-40,-41],[21,39]],[[29325,21595],[17,-72],[-34,44],[17,28]],[[29495,21963],[27,9],[-5,-94],[-67,100],[22,20],[23,-35]],[[29344,22266],[7,-51],[-21,34],[14,17]],[[29175,22871],[22,-4],[-24,-80],[-54,-16],[56,100]],[[29326,23258],[0,109],[38,-70],[-38,-39]],[[29264,24305],[36,-23],[-35,-49],[-1,72]],[[29077,24946],[41,4],[12,-58],[-53,54]],[[29719,27244],[22,-17],[-7,-48],[-15,65]],[[29637,27283],[19,-14],[-33,13],[14,1]],[[29477,29740],[-5,-31],[-15,58],[20,-27]],[[29572,30530],[26,-40],[-20,-12],[-6,52]],[[30691,41750],[-3,79],[-40,47],[12,59],[54,57],[68,206],[41,34],[2,124],[54,72],[-41,69],[-56,9],[-68,327],[38,159],[40,67],[-66,145],[4,104],[29,29],[9,102],[18,-2],[1,43],[49,71],[-6,77],[41,32],[-33,126],[-9,126],[-24,50],[21,18],[15,77],[-3,365],[60,90],[-8,52],[31,68],[-248,893]],[[30673,45525],[214,-24],[13,-10],[-5,-74],[45,16],[89,77],[70,179],[89,-22],[38,117],[73,106],[38,-5],[34,40],[117,201],[154,72],[78,0],[5,29],[57,-60],[37,90],[15,-3],[27,-89],[-10,-73],[14,-138],[-46,-150],[19,-133],[-6,-58],[21,-29],[8,-69],[-27,-106],[3,-71],[16,-29],[2,-86],[43,-80],[-8,-73],[12,-18],[11,48],[13,-36],[19,-140],[57,-21],[14,-65],[14,23],[7,-44],[49,-33],[0,-78],[56,-71],[102,-27],[33,52],[88,-59],[46,-84],[68,29],[24,-110],[55,-91],[29,21],[73,-93],[86,-14],[1,-57],[76,-168],[191,12],[28,32],[7,-41],[35,-10],[118,-141],[23,-107],[-24,-77],[3,-93],[48,-202],[6,-261],[-87,-9],[94,-219],[23,-453],[471,-38],[35,24],[-1,-106],[-38,-121],[23,-319],[108,-149],[58,-21],[20,-180],[49,-195],[24,-19],[-28,-22],[-60,-377],[14,-7],[4,-70],[-20,-9],[-93,-386],[74,-144],[-84,-107]],[[33844,40219],[-4,198],[-254,308],[-255,-7],[-485,-200],[-53,-264],[-90,-258],[-2,-296],[-104,-673]],[[32597,39027],[-37,60],[-10,75],[-228,2],[-28,-31],[-54,28],[-88,-310],[-20,-191],[-76,383],[-118,64],[-201,-10],[-132,188],[-24,-167],[-119,-85],[-14,-117],[-69,-56],[2,-66],[-46,-105]],[[30446,41272],[-145,225],[-130,143],[-5,171],[-27,60],[-172,160],[-74,157],[-110,67],[-178,194],[-78,28],[-96,164],[-97,77],[-18,57],[-194,192],[-2,48],[-27,35],[8,20],[-39,47],[-36,124],[-118,155],[-14,108],[-42,59],[-5,78],[-28,44],[-6,-31],[-6,173],[-28,11],[19,52],[20,-34],[20,179],[-11,105],[-160,488],[2,74],[-69,102],[-4,52],[-34,24],[8,81],[-18,164],[-41,107],[-80,97],[15,73],[-21,137],[-143,471],[-13,182],[-39,103],[-12,146],[-31,53],[8,46],[-17,4],[1,-35],[-16,39],[15,28],[-57,203],[1,96],[-50,99],[10,34],[-23,92],[-133,289],[8,24],[-41,121],[-8,114],[-109,302],[-218,255],[-95,152],[-5,87],[21,56],[37,-37],[24,115],[-21,108],[-74,147],[10,78],[22,-4],[5,33],[-76,198],[13,219],[117,245],[17,77],[76,135],[42,15],[12,49]],[[27683,49878],[21,-19],[28,-267],[-45,-72],[-46,0],[6,-114],[35,9],[-39,-136],[28,-24],[68,111],[85,-113],[49,23],[41,-53],[-5,-50],[21,-111],[41,-87],[67,-29],[23,80],[22,17],[0,86],[63,83],[10,66],[-13,63],[34,200],[39,108],[20,231],[26,-11],[8,-56],[18,17],[-10,65],[92,215],[345,261],[148,236],[144,340],[45,354],[18,-30],[33,7],[-19,124],[10,118],[-40,58],[-22,112],[-44,68],[59,-20],[41,33]],[[29088,51771],[27,44],[70,-103],[30,22],[19,-62],[-9,-19],[41,-16],[62,-117],[42,-247],[53,-11],[61,-127],[28,16],[33,-41],[39,-129],[-10,-112],[51,-68],[25,28],[18,-27],[23,-163],[-24,-81],[11,-46],[47,-26],[15,-50],[56,33],[6,-31],[19,50],[74,-67],[56,23],[32,52],[31,-2],[56,111],[4,-34],[54,-19],[11,-53],[12,35],[10,-70],[58,21],[25,51],[25,-7],[3,38],[32,-8],[55,-67],[16,-71],[20,26],[37,-53],[24,6],[-2,-40],[25,6],[34,-71],[16,21],[12,-47],[-190,-615],[68,-55],[50,28],[96,-234]],[[30565,49393],[-16,-59],[-26,46],[-25,-49],[-31,56],[-4,59],[-51,-22],[-9,24],[-10,-31],[-17,45],[-14,-32],[-25,9],[-51,-132],[-10,22],[-34,-31],[-38,15],[-27,-49],[-152,-34],[-95,-138],[-38,-20],[-7,-48],[-64,-106],[-76,-41],[6,-80],[-23,-219],[-71,-246],[30,-180],[-6,-49],[-170,-237],[-15,-124],[28,-116],[-75,-30],[11,-53],[-21,-55],[85,-141],[0,-45],[-23,-4],[3,-38],[32,-43],[36,-199],[51,-69],[2,-68],[48,-71],[56,-152],[1,-86],[-68,-158],[112,-1],[139,-70],[13,-133],[28,-66],[-9,-74],[249,7],[215,324],[-11,-77],[-16,-1],[23,-82],[-27,-82],[-1,-668],[30,42],[27,-57],[41,-16],[92,84],[106,-19]],[[32597,39027],[7,-40],[94,-103],[92,-317],[62,-121],[60,-58],[4,-36],[109,-115],[28,-114],[186,-122],[85,6],[340,-444],[93,-43],[38,-81],[31,30],[131,-139],[54,-151],[-4,-69],[-56,-79],[10,-12],[-46,-142],[9,-24],[-77,-99],[12,-33],[-18,-18],[-12,-85],[10,-134],[-16,0],[-3,-62],[-26,-29],[7,-38],[-45,-36],[-10,-71],[-39,-55],[14,-92],[161,32],[234,-131],[77,40],[37,-51],[62,30],[41,-76],[33,113],[44,53],[64,-21],[38,-63],[46,67],[-2,92],[38,40],[13,68],[76,15],[4,52],[42,44],[15,66],[35,16],[43,258],[11,359]],[[34833,37104],[42,-66],[15,62],[57,0],[-7,29],[27,21],[5,-59],[5,27],[23,-14],[9,-46],[19,8],[18,-186],[48,-171],[-32,-262],[18,-109],[-30,-136],[-40,-8],[-36,-75],[-24,24],[-30,-107],[-17,20],[-7,-35],[-20,26],[-1,-28],[-39,3],[-28,-57],[-32,15],[-30,-122],[-47,-23],[15,-42],[-79,-37],[-36,-95],[-92,-88],[31,-54],[-9,-43],[-41,31],[-18,-18],[1,-50],[-30,-18],[-8,-65],[-68,-98],[-40,-167],[-52,-53],[-20,-97],[-92,-204],[-76,-75],[-9,-96],[-80,-116]],[[33996,34450],[-8,-6]],[[33988,34444],[-3,-78],[-66,-128],[26,-183],[-30,-35],[14,-75],[-14,-105],[-47,-135],[26,-71],[-19,-114],[-43,-55],[16,-72],[-11,-78],[25,-74],[-29,-95]],[[33833,33146],[15,-347],[-79,-31],[5,-112],[-30,-87],[-8,-148],[47,-278],[-53,-58],[32,-44],[-16,-41],[11,-49],[44,-78],[220,-205],[76,-136],[34,-111],[-63,-165],[-3,-149],[71,-170],[47,-59],[49,47],[18,-54],[8,-286],[-107,-299],[-120,-242],[-20,-166],[-214,-214],[-408,-199],[-478,-100],[-141,43],[-36,73],[-56,13],[-4,-65],[27,-31],[-23,-85],[28,-88],[-19,0],[84,-70],[-9,-20],[-37,58],[-26,0],[64,-95],[-19,-209],[-51,16],[-15,-220],[-37,-66],[21,-89],[42,-52],[-1,-47],[-22,20],[5,-40],[41,24],[-43,-142],[-199,-158],[-158,-8],[-56,6],[-66,87],[-236,101],[46,16],[-14,42],[-52,0],[20,-27],[-61,-41],[-5,-195],[44,-198],[-24,-246],[20,-82],[41,-57],[104,-36],[-33,-96],[43,-14],[95,11],[10,91],[-75,18],[158,92],[48,-128],[5,-168],[-26,-121],[-121,-47],[-40,63],[14,80],[-52,68],[-63,1],[-92,-80],[-14,-75],[98,-81],[95,-32],[-178,-149],[-108,-244],[17,-173],[23,-41],[-34,-95],[26,-96],[-32,-54],[15,-32],[-102,-87],[-23,-82],[3,-35],[54,-35],[-47,-76],[-42,34],[-26,-26],[-73,32],[-83,-55],[7,-46],[-32,17],[18,-44],[-113,-23],[-112,-206],[-9,-100],[-59,-118],[-12,-99],[55,-232],[81,-81],[96,-172],[163,-48],[61,13],[65,-79],[3,-176],[-31,-134],[-52,2],[-99,-72],[136,54],[38,-103],[-45,4],[2,-99],[-53,-5],[-58,-82],[-6,-51],[-86,-45],[-129,-139],[-24,-84],[-99,-113],[-43,-173],[-33,-37],[29,-6],[29,80],[-31,-305],[-45,-124],[-76,-68],[-48,-2],[-111,225],[45,-116],[-121,-46],[120,22],[65,-103],[-147,-105],[-55,-132],[-17,-198],[-76,-104],[67,61],[57,-335],[-43,-25],[-72,27],[-66,-39],[86,18],[41,-24],[-11,-30],[62,39],[169,-395],[-19,-49],[-4,25]],[[29593,23175],[74,45],[38,73],[-10,163]],[[30932,20273],[21,-46],[-24,-4]],[[30936,21517],[88,-157],[24,-110],[-34,50],[-48,-61],[-8,-67],[122,-61],[35,-148],[77,-117],[42,-19],[-4,-41],[223,-197],[79,-124],[178,-105],[195,0],[-61,-161],[-28,25],[-58,-51],[-14,36],[-68,5],[-8,-41],[-127,-46],[-161,85],[-353,65],[-7,-29],[-54,-6],[-33,40]],[[32253,20313],[21,0],[-43,-49],[-3,33],[-74,-46],[-19,34],[-87,-72],[-37,41],[21,35],[45,-6],[-6,38],[44,-40],[6,45],[132,-13]],[[32803,29293],[11,-59],[-44,32],[-20,55],[53,-28]],[[32734,28580],[36,-46],[-23,-63],[-35,31],[22,78]],[[32744,28721],[29,-26],[-1,-97],[-28,123]],[[59383,71976],[-22,-2]],[[59361,71974],[0,9]],[[59361,71983],[-6,26]],[[59355,72009],[48,14],[6,35],[9,-28]],[[59418,72030],[-2,-5]],[[59416,72025],[-28,-13],[26,-46]],[[59414,71966],[-31,10]],[[59361,71974],[-27,-87],[-164,-108]],[[59170,71779],[-43,38],[-27,-27]],[[59100,71790],[-84,40],[-38,101],[-13,111],[38,-27],[48,74]],[[59051,72089],[21,8]],[[59072,72097],[8,-1]],[[59080,72096],[38,-72],[96,59],[36,-28],[32,27],[12,-105],[16,38],[8,-28],[43,-4]],[[59416,72025],[34,-2]],[[59450,72023],[21,-53],[-57,-4]],[[71610,72275],[23,-37],[45,35],[-12,-128],[82,-371],[103,-57],[79,-102],[7,-76],[-68,-80],[19,-336],[77,-115],[105,-26],[-23,-80],[8,-49],[-19,-18],[78,-132],[-47,-133],[-34,33],[-58,-69],[-10,-58],[-37,-15],[-48,67],[-9,97],[-98,-48],[20,-183],[80,-153],[-21,-111],[41,-94],[-33,-56],[18,-38],[-5,-78],[49,-23],[41,111],[17,-13],[75,-239],[49,-49],[76,9],[59,-98],[45,-29],[-13,-101],[116,-57],[111,-151]],[[72498,69224],[-35,1],[-43,-107],[-96,-147],[4,-88],[-47,-109],[18,-61],[-6,-62],[-10,-44],[-25,-9],[-26,-158],[81,-120],[44,-38],[0,54],[19,13],[97,-137],[73,-46],[36,-134],[27,19],[128,-179],[48,36],[104,-136],[77,10],[20,-115],[106,-29],[41,-65],[29,80],[57,-8],[73,-64],[-5,51],[48,4],[30,42],[48,-79],[88,-38],[9,-162],[50,-10],[56,-95],[39,3],[10,-53],[25,-13],[90,66],[25,-32],[3,-82],[33,-50],[50,50],[52,-41],[24,17],[119,-114],[91,96],[18,-101],[54,-34],[33,46],[47,-28],[79,50],[29,-56],[27,50],[26,156],[-4,79],[-51,143],[15,221],[38,161],[-11,50]],[[74477,67878],[-1,50],[73,20],[60,72],[51,-45],[21,-107],[-31,-179],[9,-71],[33,-54]],[[74692,67564],[-46,-95],[28,-30],[6,-88],[16,21],[61,-97],[59,24],[57,-33],[18,-49],[133,17],[72,89],[102,-75],[161,5],[35,55],[28,-42],[84,35],[15,-32],[4,45],[23,-20],[27,24],[-24,135],[28,98],[-31,103],[-69,-7],[-34,42],[-9,50],[18,94],[-20,40],[18,0]],[[75452,67873],[90,-73],[79,81],[18,-46],[25,40],[51,-4],[44,79],[-27,41],[11,44],[147,119],[-6,53],[37,99],[36,39],[133,7],[18,93],[72,51],[27,52],[-17,71],[95,99],[41,-88],[164,-75],[34,19],[21,102],[42,-16],[8,70],[110,16],[26,-73],[37,9],[-54,-85],[6,-97],[48,55],[25,-24],[38,-136],[-81,-194],[19,-25],[53,40],[43,-6],[69,-61],[31,25],[69,-90]],[[77034,68084],[2,-187],[-30,4],[-101,-173],[6,-90],[66,-205],[-71,48],[-3,45],[-41,64],[-156,-59],[-124,-208],[-58,-50],[-22,-62],[-80,-52],[-23,-79],[1,-108],[30,-137],[-42,-73],[3,-107],[-112,-197],[-15,-110],[38,-38],[5,-65],[-35,-170],[-80,-229],[-45,-274],[-117,86],[-71,-26],[-37,69],[-5,-49],[36,-200],[-16,-299],[-29,-71],[-33,25],[6,-96],[-26,-63],[26,-296],[-9,-41],[-33,8],[-15,-124],[-17,18],[-8,-35],[-54,114],[-9,-78],[-21,-24]],[[75715,64490],[-22,413],[-38,133],[-3,247],[-25,203],[-18,-34],[-12,48],[-37,-53],[-27,48],[5,-131],[-54,-128],[14,-106],[-58,-83],[-53,183],[-7,-115],[-16,22],[-7,147],[-43,210],[64,218],[61,-2],[13,69],[20,-42],[9,53],[40,-44],[6,103],[20,-12],[-6,34],[44,17],[32,280],[44,-31],[26,15],[2,37],[-50,84],[-75,62],[-110,-33],[-112,45],[-241,-30],[-152,78],[-10,305],[13,95],[-49,140],[-25,-46],[13,-41],[-19,-65],[-57,23],[-60,85],[-5,104],[-16,31],[-29,34],[-14,-31],[36,-87],[-99,17],[14,37],[-16,50],[-68,74],[-7,46],[-20,-92],[41,-6],[10,-58],[-18,5],[-30,-84],[-45,-44],[-21,-178],[11,-32],[37,8],[75,-166],[38,-22],[29,23],[20,-98],[39,-27],[-17,-68],[-134,13],[-33,-182],[-33,41],[-24,-17],[7,-41],[-33,-115],[24,-83],[102,-107],[44,-12],[7,25],[22,-29],[-17,-76],[10,-132],[-38,-41],[-10,-124],[50,-99],[14,12],[-21,-136],[73,-29],[-33,-130],[29,-74],[-5,-173],[37,-240]],[[74738,64578],[0,-111],[-14,-19],[-29,37],[31,-67],[18,-136],[-53,21],[-9,66],[0,-76],[-14,-7],[1,39],[-6,-71],[-23,6],[-3,151],[19,102],[-15,31],[15,34],[-19,-28],[-2,-78],[-16,-1],[8,150],[-26,-204],[0,-48],[18,-10],[-16,-111],[-24,-1],[13,138],[-11,90],[-11,-189],[-17,-13],[0,56],[-17,12],[-6,-63],[-14,109],[13,-131],[-15,-10],[-20,64],[8,71],[-18,98],[21,69],[-6,51],[-53,42],[-28,106],[16,-103],[47,-38],[8,-51],[-33,-42],[-17,-94],[-41,-72],[-37,-43],[-139,-59],[-79,-130],[-20,-141],[33,-159],[-24,-14],[30,-17],[-13,-31],[29,0],[-81,-120],[-9,-70],[25,27],[-32,-70],[17,12],[-72,-75],[-29,-94],[10,-12],[-61,38],[-15,44],[4,-40],[57,-62],[-248,-172],[-15,22],[42,24],[-2,74],[-36,12],[-48,-67],[-46,-144],[6,-29],[30,43],[-11,16],[15,43],[40,20],[-4,-44],[-25,-8],[12,-14],[69,66],[-111,-124],[-108,-204],[-14,15],[0,-43],[11,14],[-11,-40],[-88,-225],[-49,-64],[29,16],[-66,-147],[-184,-216],[-30,-119],[-27,0],[15,-30],[-24,-17],[7,-24],[-236,-269],[-38,-114],[17,-47],[14,7],[-4,56],[5,-27],[0,-56],[-8,-77],[-16,-33],[7,-24],[-151,-148],[-57,29],[-39,-19],[-1,25],[-43,-29],[-30,-209],[-42,-71],[4,-40],[-29,43],[-3,103],[-25,-181],[-9,97],[-29,13],[-109,-119],[-52,-228],[-11,-122],[16,-218],[19,-63],[-10,-20],[15,-3],[-6,-127],[-36,-80],[25,13],[50,-454],[-48,166],[-2,-63],[-11,44],[-12,-44],[19,-68],[57,-41],[2,-133],[-43,-384],[-65,-181],[17,14],[-40,-127],[-21,-145],[-9,-111],[18,-113],[-19,-4],[-20,-45],[23,36],[20,-9],[7,-604],[-68,9],[41,-29],[-57,23],[9,26],[-53,-11],[-31,-42],[-14,-49],[12,-76],[-83,-212],[-18,-111],[44,-100],[74,9],[32,-91],[-45,53],[-84,16],[-161,-103],[-63,-128],[-6,-71],[15,7],[-28,-62],[4,-98],[-21,-72],[-151,-165],[-56,31],[-87,137],[-126,313],[22,8],[-13,10],[26,37],[-39,-35],[-13,130],[-18,43],[7,-59],[-22,104],[-31,368],[25,-152],[-2,98],[17,-110],[-10,-91],[40,8],[-27,20],[-3,157],[-42,150],[-8,20],[8,-86],[-17,68],[16,76],[-12,18],[1,-40],[-13,12],[-116,663],[-35,65],[-29,140],[-50,99],[-5,19],[26,-7],[-2,31],[-25,-5],[0,44],[-8,-43],[-23,31],[-15,131],[-9,-16],[-77,348],[31,31],[-34,-10],[-36,299],[-6,145],[19,12],[-13,34],[-8,-30],[-46,213],[-18,121],[22,6],[-26,29],[-17,132],[21,-31],[-20,54],[-16,-25],[11,49],[-18,-1],[-6,63],[-43,42],[38,48],[-34,-17],[-55,134],[13,42],[-19,110],[-30,37],[51,-19],[-48,43],[20,51],[-28,-23],[-8,43],[28,51],[-33,-19],[-57,229],[-18,19],[11,75],[-12,-43],[-40,241],[21,-8],[-18,47],[16,6],[-16,20],[-10,249],[-25,131],[17,-12],[-34,157],[21,17],[-22,23],[-32,222],[10,32],[-15,-1],[-17,91],[3,36],[33,-58],[4,50],[-26,13],[-24,77],[9,62],[25,-38],[-29,51],[-16,93],[21,61],[19,-55],[-4,81],[-24,13],[45,70],[-19,-10],[-4,95],[-43,-150],[-14,26],[15,61],[-11,150],[52,-12],[22,-44],[-17,48],[-63,46],[-2,59],[35,29],[-39,28],[-5,-26],[-10,108],[11,-10],[2,42],[-15,-19],[-8,55],[27,252],[55,276],[-13,63],[-17,-19],[14,85],[-32,24],[21,14],[-11,47],[-30,-32],[4,51],[-28,-33],[33,53],[-32,32],[-9,50],[17,13],[-23,13],[51,39],[-46,-21],[67,131],[86,65],[-57,-42],[-105,-10],[5,105],[46,83],[-53,-48],[-11,38],[20,126],[48,-18],[18,41],[29,-7],[0,28],[-95,10],[-30,-32],[-21,12],[2,65],[-20,-61],[-24,24],[-25,-14],[25,6],[0,-29],[18,-5],[1,-87],[-38,-59],[-21,18],[2,-36],[-21,-3],[36,-8],[3,-49],[-31,34],[13,-37],[-28,13],[-2,-34],[47,-3],[37,-96],[-54,-180],[0,-63],[-267,-253],[-44,-32],[-68,5],[-112,120],[-78,130],[-68,180],[-106,182],[-10,55],[-16,-8],[-38,67],[-70,182],[10,71],[25,36],[0,-47],[36,9],[3,-81],[74,39],[10,61],[28,-53],[33,71],[17,-35],[49,71],[57,11],[55,197],[36,44],[-1,72],[-28,-21],[-2,-73],[-45,34],[-19,-30],[-9,26],[1,-37],[-84,-41],[-32,-64],[-143,61],[-152,176],[-9,63],[-23,6],[19,27],[-24,25],[4,30],[-31,14],[17,40],[-13,20],[-7,-31],[-1,73],[23,-2],[-6,23],[97,127],[-109,-95],[-31,-74],[-48,16],[38,42],[-20,6],[-3,45],[-8,-15],[4,54]],[[68939,65564],[41,71],[109,0],[7,210],[25,-54],[18,48],[17,-36],[166,11],[42,-62],[72,-2],[35,77],[88,59],[41,13],[1,-87],[53,-24],[91,104],[-30,30],[-6,69],[30,57],[-60,277],[-53,134],[-1,160],[-108,13],[-41,106],[-14,66],[23,128],[3,180],[-29,34],[-66,-5],[-87,89],[-11,42],[19,183],[128,256],[30,139],[67,115],[53,3],[49,-159],[34,-23],[109,83],[180,66],[10,101],[67,126],[57,238],[160,162],[84,281],[38,225],[103,70],[56,81],[-25,106],[57,91],[73,209],[22,0],[72,109],[-42,53],[30,163],[-35,146],[14,57],[44,80],[24,-4],[12,48],[129,71],[18,65],[-93,118],[-93,2],[-16,68],[15,140],[-31,-46],[-63,9],[-10,131],[-43,26],[-43,79],[-2,43],[29,44],[17,96],[-51,88],[-3,50],[85,131],[-12,29],[-70,-5],[-23,29],[27,95],[-14,49],[-46,38],[42,112],[-2,45],[120,75],[186,-83],[54,9],[111,-84],[45,3],[69,100],[36,-9],[79,58],[60,-9],[29,97],[45,3],[26,38],[10,71]],[[71402,72053],[208,222]],[[72490,60929],[-7,-31],[-20,41],[5,20],[22,-30]],[[76088,55878],[-5,-124],[-19,-36],[-19,102],[-32,52],[7,97],[43,31],[25,-122]],[[76036,56077],[-32,-63],[-6,31],[28,75],[10,-43]],[[75952,56414],[7,-49],[-42,46],[18,39],[17,-36]],[[75990,56440],[2,-43],[-18,32],[16,11]],[[75980,56460],[-13,-25],[9,41],[-19,53],[16,42],[7,-111]],[[75870,56578],[12,-15],[-31,31],[5,51],[14,-67]],[[75780,57149],[6,-50],[-28,-8],[5,75],[17,-17]],[[75717,58036],[-13,-142],[-43,3],[-2,146],[15,39],[27,26],[16,-72]],[[75743,58405],[-1,-26],[-22,7],[11,74],[12,-55]],[[75629,58507],[-4,-34],[-10,39],[14,-5]],[[75844,58721],[7,-35],[-33,52],[19,27],[7,-44]],[[75861,58853],[-2,-57],[-10,36],[12,21]],[[75758,59304],[-14,-101],[0,95],[14,6]],[[75847,59483],[-4,-128],[-28,3],[4,-55],[-13,6],[-8,-37],[25,-30],[7,-199],[-15,-58],[-25,8],[19,-54],[-6,-77],[-38,-74],[10,-23],[-15,-91],[6,35],[11,-23],[-11,-110],[-21,-34],[3,-22],[18,30],[-12,-98],[-53,210],[12,43],[13,-38],[18,203],[13,-27],[18,20],[0,51],[-21,38],[1,137],[17,38],[-12,82],[27,112],[3,197],[46,134],[15,-23],[3,-81],[-28,-30],[21,-35]],[[74686,64270],[12,-27],[-15,-15],[-9,31],[12,11]],[[74458,64333],[26,95],[-2,-138],[-24,6],[0,37]],[[74620,64458],[3,-77],[-17,22],[14,55]],[[71610,72275],[-115,-13],[-169,100]],[[71326,72362],[-57,60],[-4,85],[-108,-53],[-22,99],[-46,31],[-6,47],[31,67],[-7,110],[-55,154],[-61,45],[-38,-25],[-15,99],[-72,56],[-49,-9],[-20,-40],[-22,62],[-69,4]],[[70706,73154],[-49,84],[98,75],[20,-48],[28,10]],[[70803,73275],[75,97],[-75,115],[20,97],[-22,36],[-2,110],[-25,34],[12,221],[-138,117],[-59,1],[-26,-82],[-59,34],[-38,165],[41,60],[-61,133],[7,139]],[[70453,74552],[57,15],[23,62],[-29,117],[44,148],[100,29],[103,137],[43,-3],[-20,55],[13,52],[99,-41],[102,111],[34,-197],[61,4],[95,82],[24,-53],[81,151],[7,89],[60,143],[40,18],[138,-37],[91,48],[68,-14],[76,133],[3,62],[256,233],[129,56],[27,70],[108,19],[-6,89]],[[72280,76130],[16,28],[-35,235],[29,98],[86,48],[-52,74],[118,70],[-13,73],[-29,29],[19,76],[-103,382],[4,306],[38,43],[-69,51],[-70,-13],[-37,63],[68,74],[209,55],[225,127],[28,-23],[8,-64],[43,-30],[82,50],[82,-62],[26,168],[-95,68],[193,812],[10,151],[36,4],[209,-137],[211,5],[24,-37],[-3,-60],[49,21],[86,110],[76,6],[50,128],[-45,372],[56,252],[235,97],[52,109],[10,71],[-22,66],[42,87],[129,-11]],[[74256,80102],[137,46]],[[74393,80148],[15,-114],[-37,-57],[89,-93],[-32,-62],[11,-27],[144,-92],[26,-112],[89,-53],[36,-65],[138,22],[58,-119],[82,31],[10,-71],[73,-56],[34,-201],[68,-170],[48,-40],[45,-218],[-42,-152],[30,-162],[-81,-155],[-17,-149],[62,-177],[51,18],[53,-50],[53,9],[26,-43],[142,2],[49,-37],[174,16],[188,-50],[53,-44],[59,-116],[71,-7],[43,-86],[100,-97],[94,-51],[101,15],[-22,-152],[60,-34],[94,-410],[123,-194],[11,-107],[232,37],[634,-129],[151,65],[334,-85],[85,5],[58,-44],[83,-160],[289,-103],[171,-141],[225,64],[1,-124],[108,-6],[23,-34],[63,90],[435,313],[391,97],[173,-32],[45,28],[146,1],[256,184],[157,315],[165,108],[52,92],[50,19],[-26,140],[-57,73],[-66,162],[43,199],[81,200],[36,27],[122,-12],[93,-116],[246,-68],[127,124],[91,138],[32,106],[47,24],[66,-31],[110,12],[92,35],[93,127],[47,19],[22,55],[-10,60],[98,220],[69,56],[145,-17],[16,123],[48,18],[29,-50],[35,2],[28,51],[103,66],[125,-26],[35,51],[131,-89],[101,-11],[48,39],[12,137],[-55,151],[-116,147],[8,35],[-49,30],[-14,77],[-88,54],[-82,135],[-80,22],[-116,-20],[-113,-197],[-149,129],[-161,-7],[-91,-103],[-94,130],[-18,127],[80,64],[-3,157],[66,146],[182,608]],[[82411,80527],[104,-87],[217,-94],[224,256],[157,35],[36,63],[7,113],[-63,42],[100,198],[6,97],[62,96],[5,82],[43,67],[51,190],[152,144],[37,119],[-43,132],[28,113],[-75,55],[-104,-28],[-13,98],[233,300],[92,-2],[309,126],[24,-26],[127,13],[109,54],[64,-28],[9,25],[7,-28],[20,29],[141,-122],[37,14],[43,-81],[68,-15],[60,-59],[8,45],[49,15],[124,-97],[28,11],[31,-46],[-24,-56],[53,13],[39,-82],[31,6],[-27,-109],[61,-31],[-3,-38],[40,-43],[-8,-44],[34,-23],[-34,-44],[67,-39],[-33,-77],[80,-166],[-14,-76],[36,-25],[-2,-66],[31,-16],[-28,-59],[17,-22],[28,42],[-11,-150],[99,-180],[22,-100],[-22,-64],[12,-79],[72,-69],[-29,-106],[15,-135],[87,-119],[96,-26],[131,42],[36,-27],[-11,-54],[66,-17],[33,-54],[28,25],[34,-29],[11,48],[28,-2],[20,-75],[44,-10],[60,-143],[76,-82],[132,-7],[-41,-146],[27,-78],[37,2],[18,-110],[-41,-132],[64,-104],[16,-104],[39,-16],[93,38],[46,-46],[202,43],[54,-17],[41,140],[37,-8],[79,98],[120,-6],[60,89],[180,75],[92,-68],[-44,-146],[59,-172],[-60,-138],[-68,-29],[-36,-54],[12,-120],[-43,-79],[-16,-182],[-46,-112],[24,-46],[-20,-30],[11,-46],[-59,-67],[-9,-120],[-50,-66],[0,-111],[-82,-77],[-18,-213],[-54,-55],[-265,119],[-32,59],[-63,-80],[-5,-62],[-48,-74],[-107,-30],[-32,-39],[36,-92],[55,-362],[-28,-300],[33,-88],[-27,-149],[-29,-52],[7,-69],[-31,-36],[-62,10],[-101,-75],[-1,-34],[47,-32],[-11,-52]],[[86258,76327],[-8,46],[-14,-35],[-53,91],[-6,112],[-39,11],[6,35],[-59,15],[-41,-151],[-16,-175],[-31,3],[-16,-45],[-54,44],[-41,-74],[5,-56],[-75,-106],[-252,-24],[4,-75],[71,-162],[-44,-119],[-36,21],[-4,33],[-101,-23],[-26,35],[-114,18],[13,36],[-70,125],[-39,-61],[-30,23],[13,-20],[-44,-50],[-13,-151],[-22,-2],[-88,-157],[-33,-102],[-68,-8],[-33,-43],[11,-24],[-31,9],[-44,-88],[-33,10],[-75,-66],[5,-42],[-41,13],[-146,-222]],[[84546,74926],[-21,-95],[-49,-58],[-95,-8],[-33,58],[-18,-78],[-22,8],[-23,-41],[-3,56],[-29,-28],[-19,22],[-6,-77],[-60,0],[-12,-39],[-32,3],[-155,-153],[-69,-168],[-43,-10],[10,-19],[-27,15],[12,-49],[-40,46],[-39,-52],[31,-45],[-128,-37],[-23,-40],[-10,124],[155,83],[-24,101],[98,78],[-116,-20],[-25,83],[-59,12],[67,67],[19,-13],[-17,108],[112,104],[-13,18],[47,59],[85,218],[-42,58],[2,56],[-85,76],[4,94],[-35,-85],[-150,47],[-37,-73],[-27,8],[-9,-44],[23,-12],[-54,-26],[-62,-121],[-36,-144],[-261,-187],[-1,-43],[-28,-12],[-61,-130],[20,4],[-1,-110],[-98,-146],[12,36],[-24,-12],[-2,24],[-22,-36],[-75,-2],[-55,-68],[-83,109],[-87,-62],[17,-75],[-21,8],[-44,-216],[48,-140],[97,-135],[133,-43],[60,50],[53,-33],[13,-78],[73,-142],[-12,-24],[-41,38],[-28,-85],[-2,-171],[51,-67],[82,-34],[92,18],[35,56],[-11,64],[122,137],[3,39],[-26,11],[146,86],[52,-9],[29,-62],[30,-6],[9,-71],[62,26],[-4,-32],[53,-80],[29,7],[-25,8],[14,16],[98,-32],[10,59],[27,20],[17,-84],[17,24],[123,-28],[-32,-38],[6,-28],[-12,14],[22,-73],[-44,-48],[-5,25],[-14,-76],[38,4],[-4,-66],[-33,5],[8,-30],[-22,-24],[-47,12],[22,28],[-29,27],[1,40],[-37,-67],[5,47],[-34,8],[6,-32],[-87,-62],[-3,-52],[-36,20],[31,40],[-41,-9],[-16,-67],[-105,-74],[-48,39],[-28,-20],[0,-44],[28,37],[31,-33],[-25,-96],[-11,43],[-23,2],[-18,-41],[10,-33],[-21,0],[14,-107],[-95,-60],[-17,12],[19,75],[-15,48],[-6,-57],[-53,29],[22,-134],[35,-12],[-57,-41],[-26,-100],[-26,10],[-1,-70],[-18,20],[-27,-48],[-3,26],[-23,-21],[-27,-117],[-36,-39],[-18,-124],[-38,-19],[-8,-37],[0,-163],[43,37],[27,-21],[57,-122],[169,-128],[40,-254],[29,-77],[-6,-50],[74,-219],[21,-138],[19,-9],[3,-116],[-21,-66],[75,-115],[80,-65],[9,-78],[-16,-11],[22,-67],[106,-93],[30,-130],[-71,-2],[-108,96],[-48,-54],[-38,10],[-46,120],[-49,31],[-40,3],[-62,-77],[-38,-3],[-39,42],[-41,163],[-64,32],[20,-36],[-22,-55],[24,23],[27,-22],[-5,-41],[65,-102],[62,-23],[67,66],[78,-26],[21,-87],[-30,19],[4,-27],[114,-75],[49,-103],[113,-129],[70,-211],[-20,-33],[-101,-24],[-145,-141],[-58,-158],[-32,56],[-60,6],[-14,-8],[-14,-67],[-34,14],[-31,-57],[36,45],[30,-16],[19,69],[47,2],[31,-81],[-28,-63],[45,-33],[-41,35],[29,57],[40,-32],[81,97],[53,-8],[96,-210],[59,-42],[54,10],[-71,-87],[-47,-104],[-48,-36],[-13,20],[-16,-44],[4,-31],[18,40],[-6,-54],[63,85],[18,-39],[19,38],[-27,15],[47,45],[15,-110],[-20,-87],[26,-24],[-14,-35],[-44,-16],[16,87],[-15,32],[-18,-111],[-19,1],[-4,71],[-3,-68],[-15,67],[-20,-73],[-26,-10],[13,-16],[-15,-15],[61,3],[-25,-53],[44,-2],[-2,-59],[-51,20],[47,-71],[-18,-58],[-70,-8],[-58,77],[43,-70],[-11,-28],[70,-10],[20,-88],[-20,-9],[27,-7],[14,-79],[-14,-40],[-30,36],[-25,-16],[-22,-91],[-29,53],[-6,53],[17,20],[-27,11],[-11,-46],[-29,0],[27,-12],[1,-28],[-44,-143],[-100,32],[-13,40],[8,-49],[69,-41],[9,-42],[-41,-96],[-24,27],[11,-60],[-22,-51],[24,-51],[-13,-59],[-25,14],[-11,-34],[12,-14],[-9,-68],[-26,11],[2,-28],[-15,36],[-8,8],[-15,0],[5,39],[-32,-11],[-4,-47],[21,23],[14,-24],[11,16],[5,-19],[-5,-17],[21,-19],[-13,-28],[-37,20],[3,-78],[-29,-9],[24,-9],[-5,-29],[-52,-9],[-2,-36],[29,-24],[2,-86],[-80,-71],[2,43],[36,32],[27,82],[-43,-2],[-19,-80],[-8,35],[-10,-15],[15,94],[-25,-66],[-20,43],[11,-66],[-41,52],[-6,-42],[15,-18],[-15,-39],[12,-26],[40,22],[21,-90],[-16,-26],[-30,52],[-22,-34],[21,-1],[9,-69],[40,63],[4,-27],[31,-8],[-83,-54],[4,-29],[-19,-26],[-39,-112],[-6,0],[-6,16],[-24,22],[-14,3],[-17,27],[-34,26],[28,-33],[14,-69],[23,-14],[31,12],[22,46],[50,-28],[-28,-87],[-9,16],[15,-65],[-8,-42],[-40,0],[13,-70],[24,11],[21,-130],[-21,-8],[-1,71],[-9,-52],[-17,-4],[7,60],[-17,-21],[0,39],[-25,12],[7,37],[-22,8],[-18,-71],[-38,-35],[20,-55],[8,19],[0,-57],[21,41],[18,-51],[-24,-38],[-39,22],[10,-43],[-15,-16],[-19,17],[11,43],[-28,6],[16,30],[-42,-20],[28,-35],[-35,-63],[29,-41],[14,28],[4,-52],[-30,-4],[11,-48],[-44,12],[-21,-28],[-14,64],[1,-46],[-27,6],[18,-65],[18,22],[17,-27],[-34,-48],[-6,-77],[-18,-16],[7,24],[-42,41],[1,40],[-8,-54],[-51,-38],[-16,88],[-14,-63],[-19,19],[-19,-37],[23,-21],[-10,-41],[-64,13],[32,-48],[38,13],[-8,-46],[21,8],[10,-45],[-41,-58],[-10,29],[-10,-15],[-4,-91],[-40,-70],[14,66],[-37,24],[8,-63],[-28,-125],[-6,96],[-43,25],[20,-66],[-15,-32],[-44,3],[-5,-96],[-8,45],[-3,-37],[-37,-45],[-5,58],[-33,-23],[-9,29],[-14,-122],[-26,-58],[-69,40],[14,-55],[48,2],[16,-52],[-38,26],[13,-22],[-19,-46],[-10,43],[-28,-2],[26,-15],[-30,-155],[-78,25],[19,-15],[-38,-63],[-14,-13],[8,40],[-23,22],[10,-37],[-74,-70],[-2,39],[-33,36],[12,33],[-47,-49],[-3,26],[-40,18],[22,-14],[-4,-30],[25,-8],[15,16],[-24,-55],[18,-18],[-5,-39],[-56,15],[-9,22],[20,32],[-50,0],[24,67],[-38,-69],[-32,6],[-22,-61],[-35,42],[29,-50],[-19,-74],[-9,31],[-34,5],[0,71],[22,33],[-10,15],[-73,-64],[-4,-34],[23,-1],[-27,-48],[34,-27],[-28,-36],[-30,92],[-49,-32]],[[81730,64823],[-41,-15]],[[81689,64808],[-33,5],[-21,-49],[-36,173],[-24,-4],[-15,83],[-4,-25],[9,108],[-11,-67],[6,67],[-12,-56],[2,48],[-14,-15],[14,59],[38,23],[31,-12],[-36,24],[-44,-42],[-10,-13],[-25,20],[24,-45],[-5,-55],[-76,-11],[38,-9],[40,-66],[-32,-4],[62,-111],[-15,-79],[18,-39],[-7,-76],[-29,-48],[-88,242],[-1,-50],[67,-178],[-28,2],[-14,-39],[-1,-35],[-25,-17],[-20,105],[-18,-47],[1,-101],[-31,-54],[-24,63],[-77,-111],[-34,42],[-4,32],[22,37],[-28,-6],[2,65],[-12,-51],[13,-103],[-32,-53],[-29,26],[3,51],[-46,-26],[4,50],[-20,-35],[-22,59],[4,-64],[26,-23],[-36,-56],[-10,52],[-43,8],[23,-32],[7,-63],[-20,4],[-23,-54],[-14,30],[4,-28],[-33,-11],[-12,51],[1,-40],[-21,5],[12,-9],[-38,-50],[9,34],[-30,19],[-10,-10],[19,-9],[-38,-15],[10,20],[-27,19],[-13,-55],[25,16],[-21,-27],[-63,-16],[-32,-79],[-4,63],[34,43],[-35,-37],[1,-87],[-57,-22],[-2,56],[15,-9],[2,36],[-15,-15],[1,51],[-22,22],[9,-62],[-17,4],[20,-91],[-50,-86],[-7,25],[-11,-128],[59,0],[11,-57],[-14,-10],[-4,51],[-12,-95],[50,-51],[15,-52],[-35,-99],[-35,-30],[-68,28],[-33,-36],[-15,96],[11,14],[22,-46],[7,48],[-52,47],[8,46],[-8,-24],[-19,69],[30,24],[-20,-14],[-8,94],[-12,-27],[-15,69],[14,61],[-12,52],[29,53],[-2,81],[44,4],[5,75],[-28,8],[-8,-28],[-11,71],[0,-55],[-35,20],[8,59],[-19,-28],[2,43],[-15,13],[9,43],[-36,-47],[30,-48],[-12,-52],[-79,-35],[-2,32],[-28,-49],[-27,28],[29,35],[-2,53],[-25,0],[6,24],[-39,-17],[-20,40],[19,48],[-34,29],[12,-42],[-18,-11],[22,-47],[-32,-24],[-5,83],[-21,-8],[7,47],[-13,-39],[-17,27],[19,56],[-21,3],[-2,32],[-25,-51],[4,47],[-8,-45],[16,-45],[-12,-28],[12,-39],[7,27],[-4,-27],[13,4],[-13,-48],[-32,-21],[19,65],[-36,31],[-18,-107],[-18,-23],[11,51],[-11,32],[-10,-40],[-51,-15],[25,-36],[-33,-32],[8,32]],[[79997,64207],[-59,98],[-77,-43],[-21,40],[-22,-30],[-21,69],[-75,53],[2,67],[-78,47],[-19,-27],[1,150],[-38,124],[14,91],[29,-9],[30,125],[-84,74],[-64,-41],[-35,69],[-77,-40],[-45,80],[-39,9],[-6,55],[-60,121],[-31,-64],[-92,-52],[-20,-45],[7,-93],[-34,-61],[-41,10],[-59,-86],[-29,32],[1,48],[-43,-19],[-35,-164],[-87,168],[-40,-125],[-50,120],[-87,-207],[-30,27],[-19,70],[-83,56],[-19,41],[-69,-206],[-27,-7]],[[78366,64732],[-35,28],[-42,-36],[-36,62],[-31,-124],[-24,-18],[80,-357],[-19,-31],[-5,-134],[30,-60],[-16,-48],[-52,14],[-17,39],[-72,-37],[-28,215]],[[78099,64245],[-21,123],[-69,-62],[-59,-109],[-46,-8],[-32,43],[-43,-59],[-27,59],[15,72],[-54,38],[-2,187],[-34,-16],[-188,78],[28,138],[32,59],[-14,144],[29,107],[35,-3],[-13,76],[-44,41],[-33,-41],[-99,70],[9,131],[-31,73],[21,44],[-17,86],[-36,22],[-2,94],[55,71],[3,36],[-78,-41],[-42,32],[-91,-17],[-134,-147],[-30,56],[57,118],[-21,164],[-37,17],[7,163],[65,63],[-20,121],[28,99],[30,-17],[38,60],[26,173],[48,-31],[52,157],[31,-17],[21,30],[-39,145],[20,23],[7,-27],[17,44],[-17,46],[20,78],[10,232],[-24,463],[-71,50],[-7,-74],[-25,-11],[-43,197],[11,20],[-20,35],[3,96],[-61,124],[-37,-2],[-26,92],[-16,-17],[-24,27],[-22,-133],[-34,-46]],[[75452,67873],[2,51],[-61,31],[-35,56],[-79,-72],[-94,71],[-54,-10],[32,93],[-56,38],[-27,-22],[-18,56],[-86,-25],[-127,-154],[-93,-249],[-41,-49],[6,-115],[-29,-9]],[[74477,67878],[-79,28],[-30,-58],[-159,10],[-137,162],[-30,-2],[-12,-87],[-24,-25],[-61,54],[-14,88],[-24,-45],[13,-87],[-37,-24],[-33,149],[-36,45],[-11,65],[-23,-48],[-139,24],[-9,82],[23,92],[-29,25],[-35,-58],[-33,2],[-54,88],[-46,23],[-21,66],[-47,53],[7,49],[-39,133],[-49,19],[-61,-37],[-16,-41],[-32,17],[-47,160],[-25,7],[-25,85],[-30,-24],[-25,49],[-39,-3],[-81,152],[-108,78],[-23,160],[-127,46],[-29,-51],[-34,26],[-10,-124],[-44,-88],[-30,12],[-25,99]],[[80835,63169],[7,-24],[-44,-59],[-15,16],[7,32],[-15,-13],[1,-67],[-35,-59],[-25,-131],[-28,9],[21,-48],[7,36],[-19,-140],[-22,-49],[17,-16],[3,51],[8,-55],[-18,-5],[-18,-66],[-19,6],[19,17],[-37,-20],[-66,-90],[14,-20],[-12,-55],[-20,5],[14,35],[-76,-32],[-4,-71],[-17,0],[19,-8],[-8,-30],[-9,22],[-32,-43],[0,51],[-23,-38],[8,35],[-19,21],[-77,-1],[-7,42],[-41,4],[-85,85],[-19,338],[19,31],[-16,68],[17,60],[72,65],[17,61],[57,73],[26,-7],[-9,47],[-31,-40],[26,100],[15,13],[43,-50],[33,13],[-18,15],[2,40],[54,34],[-1,-30],[28,19],[5,-35],[30,35],[13,-49],[37,39],[7,19],[-22,-13],[24,48],[53,-6],[20,-77],[-10,91],[54,-47],[8,-44],[-11,84],[31,54],[31,-88],[40,-9],[21,-179]],[[81100,64306],[10,-21],[-53,-32],[8,45],[35,8]],[[81290,64337],[1,-41],[-35,-24],[34,65]],[[81345,64373],[-10,-107],[-12,-4],[2,63],[-17,7],[37,41]],[[81497,64519],[-23,-2],[20,37],[3,-35]],[[81489,64594],[-23,-48],[-2,26],[25,22]],[[81553,64955],[-10,-16],[-45,81],[22,2],[33,-67]],[[82519,65351],[15,6],[1,-48],[-52,17],[36,25]],[[82629,65512],[16,-7],[-29,-54],[3,-37],[-31,-5],[21,61],[-15,6],[9,44],[26,-8]],[[83140,66827],[27,-33],[-41,13],[-13,56],[13,-29],[14,-7]],[[83681,68039],[7,-31],[-36,-26],[-8,54],[30,49],[7,-46]],[[83954,69290],[-10,-41],[-36,29],[39,32],[7,-20]],[[83999,69373],[7,-24],[-42,12],[2,27],[33,-15]],[[83843,69902],[12,-22],[-13,-25],[-11,43],[12,4]],[[83299,70334],[6,-30],[-30,28],[7,47],[-28,40],[27,2],[18,-87]],[[83977,74389],[23,28],[0,-32],[-23,4]],[[84065,74428],[29,1],[-14,-24],[-15,23]],[[83728,74567],[-1,-58],[-23,2],[7,39],[-29,-31],[23,52],[23,-4]],[[80720,63903],[-2,-43],[-11,20],[13,23]],[[80707,63948],[-9,-57],[-21,39],[-54,-11],[25,47],[-13,4],[28,12],[8,-32],[30,24],[6,-26]],[[80726,64037],[-20,-50],[-35,43],[55,7]],[[82803,65975],[24,-12],[-12,-61],[-19,18],[7,55]],[[83290,66539],[-13,-11],[13,-32],[-40,-21],[-7,44],[28,12],[-24,42],[11,30],[14,7],[18,-71]],[[83876,68603],[-19,-27],[-6,43],[25,-16]],[[83928,68957],[5,-46],[-36,40],[21,38],[10,-32]],[[83998,69043],[0,-29],[-18,72],[21,-3],[-3,-40]],[[83979,69124],[-9,-52],[-77,37],[-15,83],[39,1],[62,-69]],[[83845,70036],[38,-39],[-1,-36],[-35,-22],[-78,52],[-110,147],[41,26],[145,-128]],[[80686,63724],[-4,-35],[-11,39],[15,-4]],[[81540,64930],[26,-81],[-46,68],[20,13]],[[83208,66351],[-6,-25],[-24,36],[30,-11]],[[83229,66869],[-2,-26],[-18,19],[12,18],[8,-11]],[[83973,69005],[1,-24],[-22,35],[21,-11]],[[83984,69249],[-19,-3],[36,17],[-17,-14]],[[84035,69525],[-28,-9],[0,22],[28,-13]],[[83822,69901],[1,-30],[-50,69],[49,-39]],[[82953,74336],[-36,-89],[-7,71],[22,-23],[21,41]],[[59513,69808],[85,189],[-20,25]],[[59578,70022],[64,212],[65,497],[32,25],[12,133]],[[59751,70889],[104,-1],[19,112],[15,-24],[61,96]],[[59950,71072],[-15,-77],[33,-189],[-36,-115]],[[59932,70691],[-55,-60],[0,-147]],[[59877,70484],[-97,91],[-41,-46],[-29,-160],[22,-160],[-17,-43],[58,-14],[10,40],[12,-75],[-7,-22],[-31,13],[-43,-59],[-29,-135],[16,-29],[66,10],[82,74]],[[59849,69969],[-17,-135],[11,-88],[-82,-388],[1,-177],[-53,-325]],[[59709,68856],[-19,-40]],[[59690,68816],[-177,992]],[[59513,69808],[-14,59]],[[59499,69867],[79,155]],[[59877,70484],[0,-357],[-28,-158]],[[59751,70889],[92,359],[9,109],[29,5],[19,51],[6,180],[39,89],[50,42],[-4,64]],[[59991,71788],[81,-13],[13,35],[37,-34],[-34,-66],[57,-53],[22,-129],[-87,-145],[19,-71],[-61,16],[-40,-52],[-20,-69],[31,-42],[-59,-93]],[[59463,57278],[8,129],[63,314],[-13,196],[40,124],[43,60],[48,-81],[1,-34],[24,26],[33,100],[-12,29],[19,134],[-11,39],[36,170],[0,155],[68,118],[103,366],[118,25],[6,190],[27,190],[44,137],[38,382]],[[60146,60047],[61,40],[87,-32],[17,83],[48,21],[72,-203],[94,446],[32,-89],[62,-26],[55,-151],[122,44],[39,91],[33,-29],[23,-93],[85,73],[105,-81],[83,11],[64,-99],[114,-97],[100,-282],[144,-212],[65,-214],[66,-82],[54,-154]],[[61771,59012],[-123,-368],[-40,-71],[-8,-407],[49,-39],[188,92],[32,-14],[11,-39],[43,1]],[[61923,58167],[-77,-211],[52,-244],[41,-67],[24,-98],[33,-22],[17,-133],[34,-63],[13,-75],[56,-44],[101,-189],[832,-583],[278,0]],[[63327,56438],[-432,-864],[-412,-913],[-270,25],[-122,-65],[-114,-112],[-44,-75],[-36,-124],[-202,-63],[-50,-70],[-11,-54]],[[61634,54123],[-200,-20],[-111,197],[-255,-240],[-23,-105],[-72,-162],[-53,52],[-116,11],[-108,79],[-17,-28],[-96,6],[-301,437],[-48,35],[-223,7],[-28,37],[-6,64]],[[59977,54493],[-47,135],[15,267],[-93,65],[-35,-45],[-16,13],[-7,79],[-45,64],[-34,138],[-5,115],[-71,359],[-49,39],[-6,79],[-62,52],[-28,107],[-41,48],[-7,92],[-81,143],[-71,53],[-47,-10],[-77,68],[5,84],[43,83],[-7,127],[20,54],[107,3],[34,-54],[58,38],[39,71],[-6,518]],[[59977,54493],[-38,0],[-12,36],[-11,-53],[-25,17],[-24,93],[13,71],[-48,13],[4,60],[-286,-237],[-113,-230]],[[59437,54263],[-135,-271],[-90,8],[-47,70],[-67,-67],[-106,-22],[-52,-64],[-8,-62],[-63,50],[-8,61],[-34,64],[-26,-59],[-45,-33],[-99,79],[-62,-65],[-29,-109]],[[58566,53843],[-26,106],[-56,-36],[-5,147],[-94,51],[-18,84],[-55,83],[1,36],[-39,35],[2,108],[-12,14],[-82,51],[-19,-101],[-54,-91],[-58,92],[-47,-10],[-17,43],[-104,-160],[-22,44],[-34,-3],[-22,55],[-14,-13],[-10,75],[-67,26],[-6,105],[-31,65],[-35,19],[-20,85]],[[57622,54753],[-49,109],[-13,95],[12,88],[-38,110],[-85,72],[-12,51],[-64,28],[-18,43],[-15,-19],[23,76],[-61,105],[-5,45],[30,108],[-80,102],[-18,96],[-189,201],[-50,128],[31,53],[-13,111],[-56,38],[-55,142],[-188,88],[-5,70],[32,81],[-4,59],[-19,4]],[[56713,56837],[59,89],[49,25],[34,280],[31,85],[1,171],[50,86],[28,184],[209,76],[18,-39],[3,-98],[200,-403],[127,72],[226,-6],[42,-152],[222,-4],[-5,59],[24,59],[61,79],[97,55],[36,88],[1,82],[110,123],[209,-315],[111,23],[139,259],[77,254],[136,246],[-23,130],[0,228],[-74,171],[185,1],[-4,123],[132,-3],[-35,-352],[28,-436],[-12,-60],[67,-53],[149,-272],[15,-184],[-25,-205],[5,-25],[47,0]],[[63327,56438],[267,838],[0,1035]],[[63594,58311],[133,55],[44,67],[76,2],[116,72],[47,58],[56,152],[44,20],[137,-89],[-58,-284],[1,-88],[29,-29],[-21,-83],[13,-228],[-42,-94],[58,4],[-12,70],[67,-66],[-12,-46],[-37,33],[-87,-56],[-34,-405],[7,-118],[-51,-120],[-4,-80],[-54,-107],[-37,-220],[-59,-198],[-75,-131],[-1,-112],[-159,-535],[-48,-228],[-1,-112],[-61,-228],[-180,-527],[-71,-260],[-367,-826],[-166,-337],[-285,-330],[-339,-544],[-334,-702],[-115,-291],[-26,-15],[-28,-98],[-5,60],[5,-74],[-24,-107],[-15,23],[2,-53],[-84,-250]],[[61537,50856],[-3,71],[-151,404],[-4,2122],[104,223],[151,447]],[[61537,50856],[-70,-157],[-18,26],[-9,-39],[-48,-30],[-2,81],[-17,-98],[-23,63],[14,-132],[19,-29],[-10,-38],[-23,45],[-25,-28],[12,-68],[-46,-82],[-44,6],[-72,-81],[-19,-152],[19,-28],[-30,-164],[-38,-61],[-6,30],[-28,-170],[-23,29],[24,-74],[-23,-128],[-28,0],[17,-30],[-11,-40],[-28,39],[8,-27],[-21,-13],[31,-28],[-36,-197],[-25,-87],[-2,35],[-15,-29],[2,-33],[-27,19],[-30,-47]],[[60886,49139],[-395,588],[-17,74],[-30,8],[-4,58],[32,57],[-16,154],[-500,579],[-512,598],[-27,0]],[[59417,51255],[14,489],[-17,152],[54,136],[17,148],[67,122],[27,154],[86,86],[-5,90],[54,153],[9,152],[-39,248],[16,74],[-13,66],[-16,4],[-24,147],[-41,43],[-14,110],[-28,36],[-14,170],[15,28],[1,82],[-29,38],[-16,-14],[-10,43],[-25,-5],[15,57],[-34,2],[-4,121],[-26,76]],[[61403,50652],[25,-5],[3,-31],[-44,-18],[0,-31],[-7,45],[23,40]],[[59712,45167],[-97,-3],[-15,-145],[-56,-186],[37,-307],[14,-368],[27,-96],[62,-13],[61,-109],[212,-545],[4,-130],[12,-6],[-34,-164],[16,-141],[-15,-360],[-75,-75],[-39,18],[-32,-75],[-9,-115],[-27,-39],[41,-94],[4,-246],[-63,11],[-8,42],[24,60],[-2,57],[-59,53],[-105,254],[-28,15],[-6,124],[-47,97],[3,55],[44,85],[2,96],[43,106],[5,180],[-23,235],[-44,109],[-81,-62],[-69,-22],[-23,25],[-21,-65],[-123,339]],[[59222,43762],[-17,51],[-39,-72],[-35,132],[-31,25],[14,38],[-12,37],[-29,29],[41,39],[52,188],[4,164],[-20,85],[23,91],[41,-4],[23,50],[26,0],[49,102],[-49,16],[-27,108],[17,212],[-4,103],[-24,17],[5,85],[45,145],[-44,162],[74,65],[48,111],[-39,135],[0,64],[-63,97],[10,134],[-35,60],[-11,71],[-22,8],[-5,-42],[-26,19],[2,73],[-18,13],[-2,41]],[[59144,46414],[15,16],[55,-75],[35,11],[39,-75],[82,22],[49,-77],[28,138],[85,-139],[61,-186],[12,-286],[26,-123],[-17,-201],[43,-140],[33,-18],[22,-114]],[[59637,44921],[19,-23],[-21,-48],[2,71]],[[59600,44934],[18,-5],[-4,-49],[-14,54]],[[59144,46414],[-58,71],[-54,16],[-26,66],[-135,47],[0,74],[-74,11],[-33,60],[-4,61],[-51,67],[-89,-7],[-57,122],[-21,111]],[[58542,47113],[-27,154],[-60,191],[-40,257],[-57,150],[-107,155],[-47,177],[-17,179],[38,171],[-80,452],[22,271]],[[58167,49270],[92,-8],[14,52],[61,58],[85,278],[20,1],[14,136],[57,76],[-10,27],[11,23],[48,49],[-10,116],[13,39],[-52,3],[-28,43],[-14,-26],[-20,53],[30,117],[-30,2],[39,141]],[[58487,50450],[78,32],[14,151],[-25,88],[10,194],[-26,107],[-51,51],[-23,145]],[[58464,51218],[46,-4],[39,51],[868,-10]],[[60886,49139],[6,-103],[-14,-48],[0,52],[-15,-39],[6,-54],[-13,-29],[16,-20],[-70,-312],[-31,-240],[22,-63],[-1,-107],[17,-50],[35,-20],[67,-148],[0,-59],[51,-16],[25,-82],[-2,-68],[-61,-110],[7,-35],[-22,-130],[8,-91],[-14,-40],[21,56],[32,-61],[3,-103],[-30,-152],[-18,-20],[20,-233],[56,-120],[-29,37],[-17,-23],[28,-23],[2,-107],[20,18],[21,-56],[-1,-103],[-21,-45],[23,1],[26,-128],[-13,-45],[29,-45],[-30,-127],[37,31],[25,-25],[19,-108],[10,51],[31,-21],[-3,-59],[31,-14],[0,55],[32,-91],[21,2],[1,32],[3,-101]],[[61232,45800],[-119,-194],[-69,-76],[-73,-27],[-65,-102],[-102,0],[-112,-142],[-66,79],[-88,-4],[-20,-25],[-14,-119],[-96,-107],[-91,26],[-31,63],[-59,-5],[-54,-85],[-118,12],[-9,70],[-95,95],[-69,-110],[-170,18]],[[61082,47434],[-21,-159],[-53,-42],[-12,24],[32,72],[31,18],[-11,8],[34,79]],[[60984,48192],[7,-57],[-17,-24],[-26,93],[-3,-42],[-29,77],[-5,-42],[-23,53],[-2,177],[25,41],[9,71],[32,-193],[-4,-80],[24,-2],[-1,42],[13,-114]],[[61011,48715],[2,43],[14,-2],[-10,32],[33,27],[-37,28],[27,-8],[-15,39],[9,33],[-13,20],[2,89],[38,-59],[9,55],[0,-205],[-16,-88],[-19,-28],[-24,24]],[[61039,47228],[16,-7],[-27,-48],[11,55]],[[59991,71788],[-29,158],[27,158],[-12,126],[-54,91],[32,99],[-12,59],[32,39]],[[59975,72518],[68,-55],[11,75],[45,24],[4,135],[81,1],[-37,144],[30,201],[90,-43],[25,-77],[109,8],[216,158],[71,-31],[68,-93],[143,-18],[146,46],[262,206],[215,-14],[147,58],[56,86],[37,-49],[3,-75]],[[61765,73205],[6,-28],[-148,-255],[-128,-59],[-30,-93],[-11,-170],[35,-233],[-45,-237],[1,-259],[-66,-226],[-77,-40],[-532,-553]],[[60770,71052],[-547,-610],[-116,38],[-58,86],[-31,-6],[-34,100],[-52,31]],[[61923,58167],[88,282]],[[62011,58449],[61,-79],[8,17],[4,-99],[116,-279],[118,-178],[66,-18],[105,18],[224,267],[93,-62],[37,12],[59,-57],[58,35],[208,248],[84,-48],[117,20],[109,106],[116,-41]],[[34829,53172],[66,91],[57,213],[-11,158],[58,189],[2,97],[-100,240],[-34,411],[8,155],[77,187]],[[34952,54913],[31,51],[32,177],[272,-173],[156,-271],[4,-45],[31,21],[-17,-119],[30,86],[57,-104],[21,-138],[-27,-70],[31,34],[7,152],[30,-25],[31,-131],[-7,-40],[19,-94],[-10,-65]],[[35643,54159],[-28,-34],[-123,-415],[-36,-62],[-14,-147],[-47,-152],[-4,-74],[-91,-178],[-97,0],[9,32],[-30,57],[-52,-59],[-59,35],[-6,35],[-103,-149],[-95,60],[-38,64]],[[50700,81255],[18,-140],[56,-70],[27,-15],[68,47],[39,-145],[94,-29],[24,-103],[17,28],[69,-1],[53,-50],[-19,-75],[23,-39],[-22,-49],[84,-25],[59,31],[47,101],[12,-215],[111,-55],[55,-111],[93,22]],[[51608,80362],[47,-55],[65,33],[42,-25]],[[51762,80315],[46,-18],[60,-155],[52,30],[36,-57],[64,-2],[38,37],[62,-76],[83,-1],[74,-44],[-108,-198],[-17,-158],[-47,-130],[11,-83],[-30,-152],[21,-71]],[[52107,79237],[-58,-88],[-112,33],[-30,-77],[47,-14],[-103,-178],[-62,-44],[-4,-106],[-86,-102],[-8,-194],[-36,-20],[0,-47],[41,5],[48,58],[-18,44],[24,45],[68,36],[60,-16],[18,-92],[-17,-68],[71,-130]],[[51950,78282],[-67,-85],[10,-47],[41,-32],[5,-75],[50,-57],[-15,-88],[-73,-74],[-30,16],[-37,-31],[39,-113],[72,-46],[14,-83],[-26,-1],[-35,-85],[39,-164],[102,-73],[87,30],[10,-62],[-59,-116],[6,-43]],[[52083,77053],[-18,-28]],[[52065,77025],[-8,12],[-11,-24]],[[52046,77013],[-60,-39],[-7,-61],[-46,-5],[-19,-65],[-45,-11],[-39,-80],[29,2],[-9,-47],[-72,-25],[-8,-33],[-50,11],[-11,-43],[-59,57],[-17,-8],[20,-23],[-27,-20],[-50,78],[-91,20],[-15,81],[-72,-12],[-2,43],[55,41],[-55,45],[7,-75],[-51,-4],[-4,-46],[-44,137],[34,-134],[-63,7],[-22,56],[-92,4],[-21,51],[-42,-7],[-123,-149],[-54,-10],[-57,-91],[-20,-94],[0,-181],[39,-113]],[[50883,76270],[-69,22],[-116,-83],[-66,59],[-74,-47],[-23,52],[-61,38]],[[50474,76311],[16,35],[-12,26],[-50,23],[-31,-31]],[[50397,76364],[-25,65],[-53,-1],[-17,37],[-101,43],[-19,-4],[-4,-89],[-80,19],[-22,-28],[-30,34],[-57,-24],[-79,90],[-69,-40],[-53,100],[-108,34],[-40,29],[2,31],[-22,-44],[-25,7],[15,114],[-96,28],[-13,54]],[[49501,76819],[37,8],[51,104],[61,562],[20,63],[39,3],[-35,62],[-25,-87],[49,543],[89,-140],[14,-111],[50,-138],[-17,75],[28,-15],[-45,58],[-38,218],[-126,134],[23,56],[49,-52],[-45,87],[21,21],[-10,65],[17,12],[-45,78],[28,74],[-36,-10],[-152,143],[-2,-22],[-32,113],[-58,74],[36,124],[-70,62],[21,14],[1,60],[41,17],[80,-52],[-79,63],[-74,-42],[-74,31],[30,4],[-34,43],[46,24],[-28,39],[36,8],[-72,4],[13,24],[-71,-29],[-22,31],[47,-4],[15,31],[-5,22],[-1,-23],[-22,23],[-36,-27],[-16,39],[10,-59],[-51,22],[-2,-70],[-20,93],[23,53],[-20,9],[-9,-52],[-37,23],[21,-3],[-21,11],[21,44],[-46,-47],[-23,43],[-89,12],[-31,57],[-21,-26],[-26,40],[-15,-64],[-52,-3],[-17,97],[-82,37],[123,43],[-26,68],[-29,5],[-20,-37],[-20,63],[23,34],[8,-29],[91,7],[-38,8],[16,24],[-52,-16],[46,55],[-133,-49],[1,100],[52,28],[4,35],[61,29],[42,-17],[61,48],[5,-44],[29,-16],[11,60],[63,-29],[19,92],[33,-20],[46,37],[3,-45],[36,44],[-10,-64],[33,36],[-10,-20],[31,-11],[69,-149],[102,109],[-4,-40],[22,12],[11,-39],[44,39],[20,-79],[-13,75],[23,32],[28,8],[14,-56],[122,16],[-55,60],[-14,59],[27,106],[-24,-3],[-5,108],[17,5],[-21,-3],[-20,79],[-33,16],[-6,136],[-27,60],[91,-43],[96,26],[9,-41],[-21,-38],[51,-122],[50,27],[201,-65],[175,99],[22,24],[-42,-21],[-73,34],[30,108],[114,88],[174,70],[83,136],[42,-13],[-36,50],[19,53],[-8,287],[94,74],[167,52]],[[33108,60162],[-17,-31],[1,39],[-56,-6],[-10,29],[30,28],[-45,59],[-17,103],[23,17],[49,-73],[23,16],[-16,-64],[29,-50],[6,-67]],[[33001,61008],[-22,-33],[-16,33],[18,45],[20,-45]],[[32902,61212],[-4,-145],[-36,-49],[-28,209],[16,31],[52,-46]],[[32904,61212],[14,46],[-11,48],[20,37],[27,-95],[56,-55],[-83,-29],[-23,48]],[[65496,39679],[18,-31],[-11,-107],[-66,-15],[-63,56],[-34,139],[17,68],[81,21],[32,-34],[26,-97]],[[62555,44505],[-4,-141],[-25,-8],[-9,48],[20,-3],[-26,118],[14,30],[30,-44]],[[52379,76141],[34,37],[-39,60],[31,31],[14,86],[21,-10],[92,98],[49,-33],[15,189],[21,8],[38,-501],[-44,-112],[0,-142],[-30,-46],[16,-26],[-39,-77],[3,-43],[-35,18],[-4,45],[-80,45],[2,45],[34,32],[-74,32],[41,91],[-53,-4],[-7,39],[44,51],[-52,56],[2,31]],[[49661,78293],[3,-75],[-55,137],[52,-62]],[[49644,78415],[-77,55],[69,-26],[8,-29]],[[49350,78746],[19,-20],[-28,4],[9,16]],[[49388,78892],[16,-43],[-42,71],[26,-28]],[[49134,79092],[14,-17],[-44,6],[-11,40],[41,-29]],[[34829,53172],[-25,0],[-5,76],[-44,-6],[-27,55],[5,38],[-45,-48],[-4,21],[-51,-25],[-22,-51],[-90,-19],[-69,77],[-49,-158],[21,-8],[43,-111],[-1,-94],[-27,-30],[-129,62]],[[34310,52951],[-62,51],[-62,209],[-6,70],[-14,0],[-25,149],[-31,42],[5,57],[-14,14],[1,99],[-15,0],[-6,146],[-47,-32],[-50,29],[3,73],[-51,84],[-13,86],[-46,122],[-7,85],[31,73],[33,203],[-23,103],[65,102],[112,11],[-11,26],[9,58],[29,7],[-42,77],[25,96]],[[34098,54991],[23,42],[17,190],[40,72],[284,-119],[11,-74],[-1,95],[-14,23],[23,51],[148,-4],[52,-32],[5,-50],[12,36],[62,-16],[-67,31],[-11,37],[103,7],[209,-90],[9,-48],[-51,-229]],[[34310,52951],[-90,-39],[-57,26],[-26,59],[-37,-42],[-22,16],[-68,-154],[-117,-30],[-12,-81],[-81,49],[-19,-64],[-35,-30],[-2,-99],[-49,8],[-33,-54],[-42,71],[-81,45],[-76,181],[-41,32],[9,47],[-31,13],[5,231],[-45,56],[-27,192],[9,201],[41,181],[-12,129],[49,63],[44,143],[-58,152],[14,103],[-34,49],[-97,35],[35,114],[14,191],[-42,107],[-22,14],[-66,-53],[-81,16]],[[33127,54829],[-182,428],[35,93],[41,46],[-5,146],[-20,69],[23,89],[55,10],[7,48],[57,-28],[90,99],[21,66],[1,39],[-20,29],[-29,10],[-20,-37],[-23,38],[8,80],[-36,113],[36,62],[21,103],[42,6],[40,81],[56,46],[20,90],[35,26],[-53,180]],[[33327,56761],[51,-108],[112,-138],[-91,130],[-5,29],[11,-2],[177,-224],[171,-367],[1,-211],[-23,-60],[-12,-228],[-19,-77],[25,23],[6,127],[29,106],[42,41],[85,-58],[113,-210],[19,-93],[18,42],[72,-108],[19,-155],[-7,-140],[-23,-89]],[[33783,55848],[13,-4],[-35,-47],[22,51]],[[85656,74077],[74,-276],[120,-268],[102,-349],[12,-198],[-26,-396],[20,-28],[29,51],[9,-38],[-37,-290],[-12,-23],[-11,35],[-3,-104],[-26,-21],[-21,-93],[-53,-63],[-12,53],[-11,-32],[-6,23],[-4,-23],[-51,8],[-27,68],[14,-88],[-39,25],[-34,-32],[-5,-24],[32,25],[3,-24],[-22,-15],[15,-53],[-17,-31],[-21,63],[-36,-32],[-42,23],[4,87],[-50,-78],[-47,25],[-16,-48],[-24,4],[22,-59],[33,22],[-9,-71],[-33,-16],[5,-46],[-22,25],[-13,132],[-42,-39],[39,-134],[-43,-3],[25,-26],[-27,-55],[-33,59],[-27,-4],[24,56],[-5,-36],[14,5],[8,70],[11,-31],[12,27],[-30,39],[-66,-88],[-31,-113],[-25,20],[-9,78],[-14,-89],[-26,-21],[-8,-55],[-20,-5],[-18,104],[20,52],[-41,-17],[-34,79],[10,47],[21,-86],[25,0],[-24,19],[-2,43],[68,-46],[-72,68],[84,34],[-25,8],[-2,46],[-15,-69],[-39,5],[17,110],[-33,-25],[16,45],[-33,62],[24,19],[23,-79],[8,47],[-25,80],[-15,-4],[19,11],[9,68],[14,-14],[-12,28],[21,75],[42,28],[14,-23],[-7,32],[-43,-7],[-13,36],[54,88],[33,-18],[-21,50],[37,26],[-63,-2],[-25,47],[62,11],[35,41],[-49,-35],[-29,75],[-27,0],[31,24],[-19,27],[13,43],[-19,16],[19,18],[-23,39],[33,30],[-34,-14],[-5,172],[-15,-81],[-23,77],[-13,-91],[-6,79],[-26,-27],[9,31],[-15,20],[-7,-33],[-1,33],[10,32],[13,-20],[-5,60],[23,-7],[9,53],[-7,-93],[20,-9],[-8,33],[22,6],[4,38],[-19,45],[26,2],[11,-94],[9,62],[18,-29],[-23,90],[35,-34],[1,-48],[14,48],[32,-23],[15,-116],[15,39],[-12,27],[50,65],[-46,-19],[-14,31],[24,7],[-5,47],[-12,-34],[-27,19],[33,61],[-47,-30],[-9,22],[14,29],[-13,28],[30,-24],[25,28],[-50,37],[7,30],[-28,-3],[8,72],[-31,144],[32,6],[4,-53],[26,-20],[-21,28],[-3,81]],[[85185,73618],[-1,64],[118,200],[264,11],[51,55],[16,106],[23,23]],[[85112,72830],[7,-29],[-19,2],[-13,98],[12,16],[13,-87]],[[85081,73604],[7,-23],[-27,-1],[20,24]],[[85262,71113],[-29,-96],[-65,-41],[-94,-24],[-27,41],[27,96],[60,49],[85,25],[43,-50]],[[85325,71692],[17,-2],[-2,-28],[-30,4],[15,26]],[[85105,71701],[-10,-52],[-38,-29],[-29,26],[46,68],[-6,31],[37,-44]],[[85494,71808],[5,-60],[-18,26],[13,34]],[[84996,71825],[-1,-31],[-17,6],[18,25]],[[85001,71864],[-30,-32],[4,29],[26,3]],[[85015,71940],[7,-25],[-27,-4],[20,29]],[[85574,71883],[-4,-67],[-22,1],[-11,39],[-12,-32],[-18,90],[21,41],[4,-60],[42,-12]],[[85763,71914],[-16,-76],[-30,-18],[6,75],[-21,-16],[-12,35],[44,13],[-10,37],[26,45],[13,-95]],[[85030,72019],[-12,30],[27,23],[-15,-53]],[[85156,73438],[-34,-54],[-21,12],[55,42]],[[86361,73456],[-2,-48],[-19,5],[-4,30],[25,13]],[[85098,73542],[4,-21],[-25,23],[9,27],[12,-29]],[[85140,73485],[-38,20],[10,109],[31,-31],[-3,-98]],[[84647,73706],[-13,-35],[-20,15],[33,20]],[[85425,71673],[-11,-21],[-11,33],[22,-12]],[[85027,71758],[-18,-37],[7,50],[11,-13]],[[85575,71901],[-30,8],[15,33],[15,-41]],[[85027,73273],[1,23],[15,-21],[-16,-2]],[[85170,73289],[-21,-33],[1,50],[20,-17]],[[85186,71502],[-5,-21],[-3,46],[8,-25]],[[85236,71592],[-26,15],[37,3],[-11,-18]],[[85302,71612],[-14,-18],[-13,25],[27,-7]],[[85211,71592],[-31,12],[1,37],[30,-49]],[[85211,71634],[17,33],[10,-23],[-27,-10]],[[85662,71886],[14,0],[-4,-33],[-25,36],[15,-3]],[[85094,71911],[0,-23],[-31,18],[19,36],[12,-31]],[[85064,72017],[-19,32],[20,-3],[-1,-29]],[[85185,73618],[-26,-29],[-55,65],[-61,-35],[0,-55],[-13,4],[-15,75],[-27,24],[7,-52],[-18,13],[-34,85],[-56,23],[40,-62],[-30,0],[-3,-92],[-26,18],[-50,-69],[4,49],[23,8],[-15,12],[37,13],[-4,44],[-24,10],[-11,-12],[17,-28],[-27,12],[-11,-31],[-19,7],[19,32],[-13,32],[-24,-38],[-54,33],[54,26],[-19,37],[39,-8],[5,33],[-163,22],[49,64],[18,-21],[20,21],[-33,18],[2,50],[38,88],[-9,54],[40,-6],[-1,49],[9,-20],[85,44],[54,-44],[-58,84],[-47,-42],[-11,51],[-14,-31],[-15,37],[18,105],[37,56],[-13,40],[35,36],[-2,86],[15,12],[-32,28],[28,87],[-44,-36],[-17,40],[-30,-15],[-103,125],[-1,-79],[-29,-32],[-21,129],[-40,6],[-27,51],[23,66],[26,-3],[-36,44]],[[86258,76327],[47,-136]],[[86305,76191],[-29,-18],[-24,42],[-29,-7],[-1,-47],[-56,-40],[-11,-58],[-24,3],[-62,-180],[-21,-3],[-24,-64],[-8,-106],[40,-51],[-26,-146],[15,-103],[-13,-63],[-41,3],[-74,-96],[-20,19],[-43,-135],[-122,-91],[7,-65],[-83,-60],[-10,-39],[-18,28],[-30,-35],[-41,16],[-37,-87],[-70,-36],[-30,-53],[13,-243],[-19,67],[-32,-31],[26,-18],[-22,-4],[0,-80],[102,-49],[71,-149],[54,-75],[20,15],[23,-75]],[[84701,74642],[2,-32],[-32,-31],[30,63]],[[84689,74022],[6,-20],[-32,13],[26,7]],[[45274,64169],[25,294],[60,198],[66,59],[50,301],[35,54],[1,51],[-15,7],[122,399],[0,72],[-61,-154],[15,75],[290,536],[21,360],[114,535],[236,282],[108,539],[35,43],[26,97],[247,93],[160,136],[117,246],[136,137],[91,178],[165,476],[12,160],[-25,80],[-52,61],[21,103],[-10,331],[50,189],[84,170],[24,98],[5,219],[109,176],[94,223],[278,209],[167,180],[103,272],[74,267],[101,518],[91,24],[56,59]],[[48500,72522],[16,-44]],[[48516,72478],[25,-152],[51,-96],[122,-122],[78,-32],[119,67],[4,-30],[32,-3],[25,47],[94,-55],[79,54],[30,91],[6,-67]],[[49181,72180],[9,-31]],[[49190,72149],[16,-84],[30,-8],[-36,75],[59,-80],[69,24],[54,-35]],[[49382,72041],[8,-49],[118,-151],[-28,-84],[46,-67],[-29,-62],[39,-169],[-22,-217],[36,-85],[-16,-182],[49,-102],[-16,-73],[37,-110],[109,-143],[-59,-79],[-18,-110],[31,-12],[-4,-32],[-362,24],[-102,-32],[-16,-16],[31,-146],[-231,-85],[-4,-149],[-39,-30],[-8,-96],[31,4],[49,-127],[-29,-69],[4,-72],[-202,-117],[-70,-129],[-153,-177],[-101,-261],[-51,0],[-9,52],[-183,-28],[-79,-28],[-24,-41],[-101,37],[-56,-73],[-84,-4],[-282,-383],[-4,-605]],[[47588,67763],[-38,-1],[18,-270],[-11,-40],[-172,-19],[-112,-137],[-60,35],[-61,-29],[-140,92],[-177,-79],[21,-80],[-6,-64],[-48,-94],[-57,-211],[-95,-65],[-103,-668],[-156,-208],[-89,-282],[-161,-167],[-58,-340],[-34,-455],[-113,-259],[5,-63],[-39,-144],[-61,-34],[-297,34],[-270,-46]],[[47588,67763],[0,-216]],[[47588,67547],[-2,-741],[-924,-2],[-1,-1460],[-167,-109],[-110,-146],[-38,-114],[38,-856],[-1095,0],[-33,-247],[6,-79]],[[45262,63793],[-14,55],[26,321]],[[26751,58131],[2,1]],[[26753,58132],[6,-2]],[[26759,58130],[24,-73],[-12,29],[-4,-79],[17,27],[31,-157],[73,-211],[32,-73],[17,2],[66,-192],[60,-55]],[[27063,57348],[-17,-53],[-59,67],[0,-62],[-27,-21],[1,-229],[61,-79],[-56,-96],[22,-90],[-2,-77],[-56,-79],[30,-46],[13,-123]],[[26973,56460],[-20,107],[-51,86],[16,44],[-21,110],[-20,-8],[-39,67],[-28,-16],[22,-71],[32,-27],[0,-95],[-80,39],[-44,85],[44,113],[-18,-4],[16,38],[-9,25],[11,-8],[-15,20],[-1,76],[-79,145],[-72,59],[-8,39],[-114,65],[-17,42],[12,76],[-27,106],[-33,0],[17,12],[-83,106],[-29,-1],[-27,64],[29,-142],[63,-51],[13,-20],[-6,-43],[19,-5],[-26,-58],[-13,9],[-29,-108],[-53,145],[-101,53],[-58,262],[27,53],[-9,39],[49,62],[-19,-6],[10,96],[-78,65],[19,32],[46,-11],[-10,55],[22,10],[-9,23]],[[26194,58214],[29,75],[191,-156],[64,75],[67,-68],[23,25],[45,-123],[51,4],[25,-43],[71,54],[-9,74]],[[26352,57649],[10,-9],[-29,20],[19,-11]],[[26194,58214],[-221,391],[-77,252],[-110,147],[20,-11],[-69,107],[-33,96],[-61,76],[28,96],[41,-93],[41,-2],[-25,11],[18,25]],[[25746,59309],[77,-1],[31,61],[4,89],[55,26],[-10,272],[113,-1],[61,156],[28,16],[-2,-34],[27,-48],[52,-51],[5,81],[55,50],[57,132],[43,24],[-11,49],[17,90],[32,15],[-6,42],[41,89],[31,2],[26,-84],[60,-32],[34,56],[26,-22],[2,46],[26,-25],[20,12],[-5,33],[52,-17],[0,23],[61,20],[4,28],[21,-8],[30,80],[105,-8]],[[26908,60470],[-45,-111],[-8,63],[-29,-64],[24,-41],[-5,22],[16,1],[31,-244],[-68,-225],[-35,-312],[14,-295],[-9,-186],[16,-94],[-43,-18],[0,103],[23,41],[-3,102],[-22,-15],[16,-89],[-52,-57],[27,-146],[17,39],[-19,-121],[4,-86],[-8,84],[-22,25],[18,-30],[-7,-42],[-18,4],[12,-65],[-21,-44],[19,-38],[19,26],[13,-133],[-30,-35],[-28,-96],[-2,-68],[15,-105],[33,-89]],[[26753,58132],[6,-2]],[[27009,60134],[9,-26],[-21,-2],[12,28]],[[55173,53835],[-3,-201],[-24,-36],[-37,-203],[-89,-318],[-1,-351],[-57,-308],[22,-368],[-63,-330],[9,-189],[-123,-283],[-79,-47],[-53,-99],[-88,-356],[-89,-170],[9,-261],[-14,-142],[14,-249],[-88,-348],[-105,-80],[-20,-90],[-71,-72],[-104,-274],[-44,-49],[-42,33],[-33,-25],[2,106],[-16,82],[33,75],[-23,87],[-102,-79],[-21,-48],[-37,41],[-27,-15],[-1,-134],[-33,-54],[-30,3],[-25,-64],[-78,178],[-11,-34]],[[53631,49163],[-57,129],[-30,12],[-38,-97],[-66,-27],[-18,-99],[-36,8],[-17,-86],[-34,-61]],[[53335,48942],[-52,135],[-4,120],[-112,204],[-12,63],[-68,101]],[[53087,49565],[27,138],[75,109],[57,-110],[42,-7],[19,39],[-23,42],[33,154],[-71,76],[5,70],[20,26],[-39,99],[-30,-19],[26,134],[-16,175],[53,-49],[51,49],[34,-49],[110,49],[12,135],[-17,28],[-4,94],[17,-24],[40,57],[48,-54],[29,-159],[28,-46],[-11,-56],[16,20],[120,-59],[79,198],[45,-151],[-16,-62],[67,-18],[15,62],[25,20],[-24,75],[24,52],[2,88],[46,51],[12,119],[-23,43],[27,37],[7,80],[-17,45],[11,61],[-21,125],[27,235],[-47,90],[-44,-6],[-18,102],[-59,7],[-15,34],[25,88],[-13,144],[20,88],[32,49],[4,60],[44,2],[27,45],[38,169],[-51,124],[-9,116],[-30,35],[-97,25],[-69,-87],[-47,6],[-35,-42],[-28,20],[28,47],[-33,147],[17,136],[-8,41],[33,83],[3,67]],[[53692,53077],[317,-16],[35,44],[57,-83],[25,29],[10,-63],[25,16],[26,-31],[38,34],[35,-68],[40,32],[62,-26],[51,-80],[35,-12],[15,-67],[25,46],[-26,140],[6,98],[31,51]],[[54499,53121],[78,345],[-4,185],[29,177],[20,37],[102,5],[91,47],[34,51],[36,-44],[57,-8],[14,-45],[66,14],[28,-50],[18,56],[63,33],[42,-89]],[[55173,53835],[-9,134],[15,194],[-29,162],[59,42],[91,293],[97,131],[109,-23],[19,-55],[124,-132],[33,-87],[-1,-53],[35,-66],[81,22],[94,-93],[22,24],[69,-51],[56,28],[157,-95],[57,36],[29,106],[-6,57],[27,10],[10,79],[17,56],[19,-8],[12,65],[22,6],[11,-48],[42,-8],[27,-59],[41,-25],[49,82],[100,48],[0,29],[72,51],[14,-15],[39,61],[-11,15],[10,35],[93,-118],[160,66],[16,160],[50,37],[102,-118],[17,33],[15,-21],[29,39],[19,-11],[84,-110],[66,27],[36,-33],[57,95],[102,-76]],[[58566,53843],[16,17],[5,-61],[-48,-207],[31,-116],[-40,-235],[26,-6],[19,-59],[27,42],[24,-66],[34,7],[26,-115],[-68,-187],[-96,-160],[-56,-151],[-67,-59],[-23,-131],[-58,-48],[-2,-188],[-28,-81],[-12,-111],[-26,-54],[-25,-539],[-16,-37],[7,-265]],[[58216,51033],[-40,-68],[-26,-6],[-27,-71],[-32,-117],[1,-204],[-74,-112],[7,-150],[34,-39]],[[58059,50266],[-5,-54],[66,-134],[-5,-491],[34,-112],[18,-205]],[[58542,47113],[-518,-166],[13,-62],[-12,-101],[-81,-190],[-69,-101],[46,-62],[50,-238],[-35,-246],[36,-244],[-41,-110],[-54,-403],[41,-195],[68,-69],[79,-223],[61,8],[68,-50],[6,35],[-21,33],[8,53],[90,51],[-5,-750],[-46,20],[15,81],[-26,32],[-109,-122],[-17,30],[-36,-6],[-79,291],[-24,29],[-22,-26],[-19,85],[11,40],[-25,84],[-28,47],[-101,42],[-29,60],[-60,-17],[-33,65],[-28,149],[-52,65],[-15,137],[-43,-14],[-21,-181],[-64,-60],[-84,58],[-121,5],[-36,63],[-35,-4],[-28,42],[-35,-28],[-42,78],[-19,141],[9,116],[-166,-75],[-41,-69],[-33,-10],[-45,47],[30,59],[-6,103],[-68,33],[-3,71],[-41,27]],[[56657,45571],[-37,-90],[-105,39],[-123,-81],[-142,34],[-17,-60],[-56,-59],[1,98],[-21,131],[42,52],[-13,161],[12,65],[-43,252],[-78,158],[-24,144],[42,548],[-53,264],[30,304],[-21,107],[-351,-2],[25,214],[-81,-2],[-7,-48],[-215,0],[-12,-181],[10,-94],[-19,-55],[-25,1],[0,-247],[-162,0],[-9,40],[-62,0],[-3,-37],[-107,-15],[-6,-50],[-64,38],[-75,-31],[-79,198],[-8,74],[-38,88],[8,26],[-20,7],[-44,121],[-5,83],[12,27],[-59,186],[-19,169],[10,120],[-32,57],[-4,95],[-78,41],[-483,-29],[-176,36],[-167,-28],[-44,20]],[[53662,48460],[-91,21],[-25,-26],[-12,-66],[-80,-41],[6,40],[-17,-14],[-52,139]],[[53391,48513],[83,22],[6,324],[-24,62],[65,76],[35,106],[75,60]],[[53584,48452],[25,1],[-69,-41],[44,40]],[[58823,81838],[40,-41],[90,30],[45,142],[143,-50],[76,73],[83,-6],[8,-40],[81,39],[73,-113],[9,-119],[87,-101],[-10,-39],[-79,-25],[37,-87],[-11,-70],[35,-34],[-34,-49],[117,-9],[18,-38],[112,23],[19,-86],[58,-19],[-19,-47],[51,-158],[-25,-27],[64,-156],[63,41],[75,-1],[45,-80],[39,13],[52,-58],[70,69],[158,62],[51,-81],[-1,-54],[112,-171],[46,23],[2,69],[35,0],[16,-46],[86,-9],[75,-93],[61,41],[29,-75],[83,-11],[18,-64],[49,-41],[55,38],[37,-16],[-27,-54],[35,-88],[-7,-56],[-60,-109],[-66,-16],[21,-72],[82,-15],[-21,-46],[-55,11],[-41,-127],[57,-8],[24,-114],[-30,-39],[50,-20],[-42,-136],[-23,-13],[0,-105],[-258,9],[-27,-98],[-123,-66],[-28,-142],[31,-23],[-28,-48],[4,-52]],[[60615,78960],[-30,-44],[-10,42],[-146,-10],[-59,-115],[-30,31],[-103,-78],[-24,-94],[9,50],[-29,32],[-82,-32],[-34,-67],[-25,35],[-80,-9],[-114,-118],[-85,-174],[-51,-42],[95,151],[-21,9],[5,50],[-27,43],[6,-67],[-28,-57],[-83,-69],[53,-258]],[[59722,78169],[-53,32],[-34,109],[-62,-11],[-36,66],[-148,77],[-37,8],[-11,-53]],[[59341,78397],[-16,14],[-16,-59],[-25,4],[-58,43],[5,55],[-31,-51],[-27,20],[-2,-25],[-143,-29],[-67,30],[2,44],[-106,66],[-1,-23],[-27,7],[4,29],[70,37],[-85,54],[-17,-41],[-49,91],[225,-71],[91,107],[-86,-50],[-25,26],[-28,-27],[-34,39],[-23,75],[18,90],[-3,14],[-17,9],[12,31],[-31,10],[9,38],[-43,96],[36,-95],[-10,-49],[31,-6],[-14,-32],[8,-12],[11,8],[-6,-44],[-22,-31],[9,-90],[-113,-12],[35,106],[-30,-39],[-19,32],[18,-46],[-25,-53],[-174,-44],[-5,-90],[-33,-30],[8,-26],[-52,-126],[-80,-129],[-19,-21],[-3,41],[-9,-44],[-35,14],[-10,-66],[-12,24],[-24,-16],[17,-38],[-36,-33],[-27,122],[-13,-154],[32,8],[-28,-55],[30,-24],[5,23],[7,-28],[-7,-109],[-20,-13]],[[58238,77873],[-2,75],[-61,49],[-57,-4],[-82,-83],[-39,24],[3,-44],[-26,-10],[-105,55],[-36,80]],[[57833,78015],[19,34],[65,-7],[-8,86],[73,103],[1,67],[60,28],[16,104],[-22,44],[3,113],[66,48],[5,-104],[29,66],[19,-32],[23,39],[44,-71],[27,63],[32,-76],[84,48],[-63,63],[7,160],[-103,79],[12,66],[-34,29],[18,14],[4,108],[-41,-25],[-71,98],[-10,48],[33,194],[-32,61],[-48,-24],[-42,102],[-62,25],[-27,-52],[-18,61],[-27,-20],[12,59],[-74,-1],[-5,45],[-131,97],[-110,-71],[-104,18],[-13,-56],[-30,21],[-17,-41]],[[57393,79626],[-87,-27],[-36,-126],[-253,-55],[-51,-89],[-51,-19],[-98,134],[-93,-26],[-55,36],[-43,-15],[-21,30],[-89,-9],[-89,73],[-73,-87]],[[56354,79446],[-21,83],[-54,4],[-35,83],[-34,1],[-24,92],[-39,1]],[[56147,79710],[2,95],[48,64],[63,225]],[[56260,80094],[88,-45],[0,52],[-48,44],[15,66],[-19,168],[282,462],[83,21],[35,78],[-7,99],[-35,55],[52,28],[-46,46],[-32,122],[-63,90],[17,57],[-25,65]],[[56557,81502],[6,65],[98,-25],[73,76],[35,90],[226,43],[241,-25],[223,-90],[82,4],[33,-97],[118,1],[6,-73],[32,86],[67,-31],[39,54],[34,-71],[75,14],[35,-87],[19,75],[74,57],[27,-16],[44,-137],[88,72],[53,-35],[89,31],[109,-143],[29,76],[-36,136],[63,170],[55,55],[-6,37],[86,-12],[43,46],[106,-10]],[[58310,78147],[58,69],[-110,-126],[52,57]],[[59163,78349],[19,-10],[-122,20],[103,-10]],[[58872,78443],[62,-32],[-162,65],[-21,64],[31,-66],[90,-31]],[[56557,81502],[-21,82],[40,193],[-11,52],[-131,118],[63,127],[133,92],[15,42],[-8,236],[-85,264],[-29,189]],[[56523,82897],[40,-23],[150,35],[58,-42],[80,62],[39,-11],[4,92],[70,-2],[37,72],[70,24],[27,-39],[-11,-49],[69,6],[-19,95],[-46,0],[59,143],[11,173],[25,40],[74,17],[35,99],[94,-11],[55,88],[-97,30],[40,196]],[[57387,83892],[63,23],[44,69],[170,-18],[15,74],[74,102],[66,24]],[[57819,84166],[45,-57],[83,26],[55,-89],[62,52],[101,-44],[-15,-93],[39,-61],[118,94],[81,8],[75,-37],[76,-115],[40,4],[9,-123],[-35,-58],[59,-152],[-53,-54],[-12,-82],[110,-95],[-29,-74],[41,-26],[32,-126],[138,-101],[-22,-149],[95,9],[99,-56],[-3,-87],[80,-71],[0,-60],[-73,-20],[-9,-55],[-62,-62],[-75,-5],[-37,14],[-16,46],[-90,4],[-47,-106],[87,-131],[-22,-61],[41,-77],[-22,-21],[5,-115],[37,-35],[18,-87]],[[54579,35377],[-11,-22],[-28,32],[-185,353],[-107,357],[-18,217],[-41,144],[24,60],[-18,99],[-38,49],[3,159],[-38,177],[11,122],[-22,159],[14,115],[-20,150],[-49,139],[2,67],[-42,200],[15,119],[-22,274],[16,61],[-23,195],[7,53],[7,-67],[19,55],[-5,203],[-34,156],[-121,284],[-33,188],[-121,350],[-61,380],[-39,75],[-163,665],[-46,119],[-70,111],[-27,157],[-24,52],[-25,205],[-12,138],[14,169]],[[53268,41896],[89,66],[43,-49],[90,-6],[89,118],[78,45],[87,-34],[11,-64],[128,-174],[513,20],[727,0],[84,-200],[40,-36],[217,-25],[27,-28],[157,21],[64,-75],[67,-27],[99,58],[62,-48],[554,215]],[[56494,41673],[233,93],[98,-31],[31,23],[98,-51],[62,-122]],[[57016,41585],[-56,-20],[-29,23],[-62,-60],[-46,-92],[-60,55],[-120,-141],[-85,-159],[-30,138],[-30,27],[-28,111],[-505,-173],[-139,-12],[3,-2099],[-4,-21],[-276,0],[1,-1585]],[[55550,37577],[0,-2113],[-115,-63],[-31,-100],[-53,-22],[6,-81],[-46,-43],[-46,53],[-58,15],[-161,-36],[-71,70],[-79,10],[-12,48],[-50,-14],[4,64],[-26,71],[21,43],[-15,97],[-37,-3],[-9,77],[-29,41],[-51,-32],[-19,-104],[-16,-1],[10,-58],[-17,-66],[-19,12],[-52,-65]],[[55550,37577],[106,-161],[50,-201],[31,-50],[-5,-88],[44,-157],[13,-137],[-66,-208],[3,-150],[21,-80],[60,53],[60,-38],[84,25],[66,-23],[28,33],[5,73],[77,35],[53,156],[56,79],[26,1],[48,129],[35,290],[52,104],[119,10],[129,-200],[72,2],[43,-72],[91,-42],[220,65],[36,53],[69,347],[9,155],[149,66],[35,100],[86,112],[35,315],[13,46],[16,-10],[16,75],[22,1],[40,76],[55,18],[16,83],[41,-3],[5,55],[44,40],[2,53],[101,208],[143,64],[32,30],[30,124],[86,22]],[[58152,39055],[114,32],[160,-123],[139,36],[88,-20],[38,-46]],[[58691,38934],[69,-438],[-3,-173],[90,-272],[5,-135],[33,-149],[2,-699],[-25,-102],[12,-83]],[[58874,36883],[-32,-14],[-113,137],[-33,-8],[-52,-87],[-88,-281],[-2,-224],[23,8],[21,-131],[52,-113],[107,-66],[122,-3],[7,292],[34,-18]],[[58920,36375],[216,-4]],[[59136,36371],[-60,-388],[-35,-375],[-42,-124],[-5,-95],[-82,-143],[-19,9],[0,-28],[15,16],[-16,-35],[-68,-32],[-112,-237],[-101,-328],[16,4],[-47,-89],[-138,-459],[-106,-256],[-167,-222],[-150,-351],[-89,-159],[-110,-130],[-71,-145],[-222,-279],[-162,-133],[-156,26],[-68,-37],[-26,-92],[23,-58],[-191,37],[-27,-23],[-24,-112],[-331,130],[-69,-30],[6,-45],[-96,16],[-18,32],[9,-34],[-26,2],[-45,57],[-13,2],[11,-31],[-51,23],[-115,-52],[-17,-33],[11,-21],[-56,-26],[-15,-65],[-29,-26],[-70,18],[-64,-43],[-96,39],[-43,-24],[10,-38],[-88,6],[-146,-212],[-39,42],[-60,-13],[-68,98],[-28,-9],[17,67],[-19,53],[-48,5],[6,61],[-89,-48],[11,131],[-16,35],[-90,-10],[-2,-139],[-43,110],[16,134],[32,35],[-16,96],[-41,145],[-91,198],[48,-55],[-29,105],[-34,-13],[-16,123],[34,69],[42,-40],[50,95],[14,200],[-20,212],[-276,890],[-127,718],[-62,140],[-32,164]],[[58050,35183],[-78,127],[-19,68],[-69,-32],[-24,-46],[-40,2],[-39,-101],[-74,-17],[-110,-330],[-93,-83],[51,-204],[50,-94],[-4,-97],[24,0],[73,-157],[101,-43],[13,116],[31,60],[-10,40],[51,80],[114,32],[99,102],[-10,93],[45,79],[2,73],[32,32],[10,51],[-34,145],[-92,104]],[[60461,24863],[44,-9],[12,-55],[-73,-5],[17,69]],[[32495,62218],[-25,17]],[[32470,62235],[-11,5],[36,29],[0,-51]],[[32495,62218],[-22,2],[-3,15]],[[65627,66421],[24,-37],[-31,-32],[7,69]],[[65576,66842],[37,116],[1,-32],[53,4],[-26,4],[15,95],[38,-16],[-28,-52],[24,-19],[-15,-8],[13,-44],[-24,32],[-18,-16],[2,-35],[8,19],[0,-23],[30,-4],[-26,-34],[21,-53],[-20,-12],[-29,-172]],[[65632,66592],[-37,25],[11,198],[-6,34],[-24,-7]],[[65661,66218],[64,-278],[150,-312],[204,-134],[68,-4],[52,-54],[74,15],[49,-60],[91,-284],[40,-61],[79,-220],[30,11],[32,-48],[1,24],[22,-17],[-3,-156],[-130,-457],[-81,-97],[-104,-258],[-3,-32],[17,-3],[-38,-71],[-21,-131],[-20,-33],[-67,26],[17,105],[-16,15],[-32,-27],[-4,-50],[-34,-46],[3,-40],[-31,-40],[-11,-163],[-35,-144],[35,-424],[-169,-47],[-111,-94],[-46,-108],[-22,-236],[-57,-120],[-90,2],[-163,-59],[-60,-174],[20,-71],[-12,-105],[-64,-128],[-66,-35],[-55,50],[-141,-15],[-29,-59],[-63,-24],[-38,-63],[-77,-14],[-69,-53]],[[64747,61417],[-81,360],[-22,18],[-206,978]],[[64438,62773],[833,575],[183,1143],[-125,417]],[[65329,64908],[11,241],[87,373],[-23,111],[150,68],[-18,81],[-49,5],[15,92],[-14,97],[16,49],[-5,140],[50,49],[14,-63],[-18,-5],[37,-71],[79,143]],[[65570,61946],[11,-24],[-34,-12],[23,36]],[[66362,63712],[12,-68],[-82,-195],[-1,114],[33,48],[38,142],[0,-41]],[[69940,74863],[-8,-49],[-23,13],[31,36]],[[69710,75007],[-93,-23],[-28,83],[-42,13],[-1,63],[111,151],[-36,19],[-3,26],[22,-5],[-85,134],[-33,-93],[-157,-139],[-58,79],[-42,4],[-13,-107],[-31,-16],[32,-129],[-2,-28],[-27,2],[21,-59],[-74,21],[-121,-39],[29,-31],[68,21],[15,-40],[-48,-22],[-11,23],[30,-116],[-34,59],[8,-57],[-13,-36],[-32,18],[-7,-119],[-23,-55],[-50,-12],[-172,55],[-64,-49],[-38,-183],[88,-51],[6,-82],[114,-6],[20,-77],[-29,-33],[-3,-145],[84,-208],[-31,-130],[-35,-23],[-81,-219],[-14,-196]],[[68827,73250],[-41,38],[-20,-20],[-16,36],[-68,-56],[-70,115],[-135,-12]],[[68477,73351],[0,241],[29,122],[-208,161],[-75,-21],[-174,216],[-96,76],[-82,131],[-52,-13],[-123,139],[-64,122],[-285,350],[-27,242],[-61,85],[-71,315],[-124,101],[-42,-82],[-117,55],[-106,-24],[-107,103],[-6,71],[26,41],[-32,97],[56,16],[-45,80],[-51,27],[25,25],[9,109],[-45,60],[-122,-10],[-47,35],[-31,104],[-70,12],[-85,140],[-15,-79],[-77,20],[-38,-37],[52,-55],[51,-133],[-26,-6],[-20,83],[-86,39],[-30,-40],[-16,-138],[-130,-16],[-112,-154],[11,-247],[40,-57],[-37,-61],[-292,35]],[[65549,75631],[-1,2115],[710,325],[696,-678],[35,-123],[240,-396],[328,84],[339,-46],[137,99],[97,-174],[68,-69],[78,-242],[85,66],[-26,-569],[138,-6],[63,-481],[306,0],[29,25],[27,-91],[27,-8],[-39,-126],[130,-130],[43,14],[-12,175],[128,170],[1,96],[102,58],[-3,40],[64,71],[80,26],[124,201],[31,17],[31,-43],[43,104],[59,29]],[[69707,76164],[27,25],[54,-76],[-109,-74],[-9,-64],[-46,-19],[-54,-101],[-79,-77],[-1,-33],[49,-15],[31,-51],[59,38],[29,-134],[114,-75],[7,46],[19,-44],[14,26],[25,-17],[1,126],[46,-13],[3,98],[21,31],[0,-71],[21,16],[28,-64],[7,-85],[79,-4],[2,-108],[47,42],[90,-118],[59,-2],[0,-26],[37,29],[40,-32],[-101,-83],[-44,-92],[-76,53],[12,-122],[-64,37],[-58,-80],[18,-43],[-51,5],[-36,-61],[-22,66],[-30,-31],[-74,69],[-15,-35],[-67,-14]],[[69771,74894],[18,2],[-19,-30],[9,-61],[-55,-1],[12,44],[-26,58],[5,47],[56,-59]],[[72280,76130],[-81,136],[-137,26],[-61,107],[-16,78],[-43,-20],[-157,71],[-306,10],[-103,52],[-151,-59],[-171,29],[-49,-75],[-123,26],[-129,86],[-148,151],[5,-38],[-65,12],[-17,-49],[-92,-58],[-44,-233],[25,-129],[-49,15],[-14,49],[-112,17],[-41,63],[-244,105],[-73,-43],[-50,20],[-44,-28],[-29,-83],[-39,-22],[17,-54],[-28,-1],[-30,-94],[26,-33]],[[65549,75631],[-147,-25],[-139,297],[-12,79],[-218,234],[-197,-46],[-120,-76],[-151,-217]],[[64565,75877],[15,88],[-25,109],[77,257],[-32,118],[41,-91],[7,67],[-73,72],[-55,-16],[-29,51],[-72,-26],[-72,201],[-104,-21],[10,177],[-126,325],[-3,94],[-159,85],[-14,133],[24,54],[156,-19],[75,-83],[62,44],[54,-28],[-34,56],[-33,-8],[-24,71],[-75,83],[-1,67],[66,50],[21,-24],[-8,79],[47,132],[36,-32],[60,70],[50,-52],[161,24],[108,-55],[98,17],[-147,122],[97,260],[21,194],[-34,74],[19,-16],[-6,40],[-23,-4],[58,109],[-28,24],[-13,90],[-39,37],[-134,24],[-22,-61],[-47,-5],[16,-43],[-37,2],[-26,71],[-21,-32],[-25,9],[12,20],[-42,-2],[-18,75],[-24,-41],[-19,38],[-87,39],[-102,-48],[-29,-75],[3,39],[-38,-22],[-13,-62],[3,29],[-41,10],[-56,-98],[-8,21],[-106,-128],[-32,12],[0,-24],[-23,37],[-12,-49],[-30,55],[6,-54],[-52,50],[19,-108],[-41,41],[19,-43],[-35,8],[17,-47]],[[63674,78514],[-191,138],[-24,53],[28,59],[34,-3],[24,-43],[67,50],[-86,191],[-47,178],[-32,20],[-66,154],[-212,71],[-14,-88],[-66,72],[10,37],[-32,66],[41,49],[-24,17],[-2,95],[-172,83],[77,290],[79,136],[-74,105],[35,281],[114,129],[-4,133],[48,79],[36,23],[58,-76],[120,-262],[53,-32],[99,71],[25,79],[-26,24],[-30,269],[-29,33],[72,-23],[87,107],[74,38],[-17,67],[25,85],[95,-6],[58,74],[94,42],[9,63],[47,33],[15,95],[31,-14],[-6,-25],[33,17],[-7,94],[44,-46],[86,3],[38,-32],[-3,-39],[-34,-15],[19,-37],[77,37],[31,-47],[48,126],[62,-8],[60,67],[66,-182],[65,28],[46,-32],[62,36],[67,-18],[56,-55],[18,-97],[73,-20],[94,-162],[56,-29],[-27,-135],[33,-55],[49,46],[-10,163],[-38,24],[38,57],[113,-82],[72,-127],[45,-4],[53,-73],[117,112],[22,104],[44,-12],[45,108],[58,-59],[8,59],[122,16],[50,-117],[37,-22],[24,35],[46,-6],[13,121],[111,-37],[39,55],[19,-46],[61,-27],[-13,-75],[32,-60],[73,-64],[142,-27],[35,-30],[-31,-24],[19,-36],[82,51],[57,167],[32,-5],[45,-92],[117,-19],[104,41],[86,46],[36,232],[36,30],[-53,97],[-125,34],[-24,72],[-156,30],[22,82],[-88,48],[-21,-17],[-21,54],[60,23],[62,79],[69,8],[102,110],[-29,89],[-34,19],[-3,61],[-36,25],[107,144],[-23,29],[131,29],[44,-42],[60,17],[38,-25],[38,33],[-12,76],[-247,101],[20,117],[49,-39],[40,41],[-14,47],[-62,-26],[-111,52],[35,1],[53,93],[-61,50],[5,33],[59,-19],[-4,64],[40,26],[67,-67],[59,31],[59,-40],[-1,49],[114,6],[-6,-49],[37,-41],[16,105],[140,19],[20,54],[59,-10],[94,50],[53,-32],[30,20],[-1,52],[160,38],[39,-30],[53,40],[76,-53],[4,118],[70,24],[0,41],[82,-16],[52,59],[12,-53],[344,107],[27,36],[86,-3],[72,67],[79,-8],[40,67],[-37,56],[119,15],[27,95],[75,-47],[-12,89],[54,-21],[18,-41],[41,34],[94,-30],[150,-116],[63,87],[106,7],[-8,-36],[51,-89],[8,-175],[72,-65],[-34,-56],[13,-142],[-61,-7],[53,-117],[45,57],[36,-11],[7,-42],[47,0],[32,80],[62,-9],[47,-60],[-31,144],[78,-72],[-7,-43],[51,-25],[-34,-24],[9,-107],[46,40],[40,-11],[-12,49],[-43,4],[34,49],[88,-8],[34,-82],[82,-23],[44,10],[23,66],[39,-7],[-16,-106],[-70,-5],[-56,-117],[0,-52],[45,-30],[5,-52],[67,103],[70,17],[43,-8],[5,-34],[41,17],[46,-77],[14,122],[49,4],[43,87],[71,-13],[113,102],[-20,42],[19,18],[209,93],[14,55],[68,-14],[40,19],[14,47],[62,15],[-39,-50],[23,-46],[-48,-94],[-80,12],[33,-93],[381,-415],[608,-1451],[-11,50],[35,-13],[82,81],[-4,132],[49,13],[23,53],[62,-10],[32,-61],[37,5],[-28,-133],[97,2],[16,-132],[79,32],[112,-48],[50,29],[41,-22],[55,43],[15,64],[69,-11],[37,64],[90,0],[144,-122],[68,-155],[15,-145],[205,-111],[-9,-92],[28,-19],[46,-160],[109,12],[16,-33],[75,0],[1,-45],[35,26],[29,-37],[121,192],[38,-7],[8,-51],[-49,-70],[62,-37],[25,-98],[34,-56],[65,-21],[15,-69]],[[67606,78075],[115,69],[47,168],[-47,168],[-115,70],[-115,-70],[-47,-168],[47,-168],[115,-69]],[[63961,77755],[24,43],[-12,-72],[-12,29]],[[63936,77651],[-26,2],[-26,65],[36,77],[-26,-78],[42,-66]],[[64095,77683],[-13,-16],[-19,63],[32,-47]],[[64636,78014],[-4,-36],[-35,46],[23,28],[16,-38]],[[63839,78506],[-5,-60],[-24,84],[29,-24]],[[69710,75007],[-8,-39],[-73,-39],[-15,-74],[-38,-43],[14,77],[-145,101],[-135,-49],[-5,-116],[-26,-15],[-26,52],[-20,-91],[16,-181],[103,36],[129,-16],[18,40],[7,-58],[70,48],[41,-22],[41,-105],[57,8],[33,68],[43,1],[58,56],[20,-34],[-5,-54],[63,-6],[3,-101],[83,55],[50,-104],[24,81],[56,27],[181,-12],[55,51],[74,3]],[[70803,73275],[-65,93],[-95,19],[-36,-51],[-133,-69],[-31,25],[39,44],[4,52],[-127,21],[-140,-141],[-37,-110],[-111,-35],[-117,-155],[-51,-7],[-28,48],[-34,171],[47,479],[-17,27],[-55,-30],[-23,19],[28,187],[-107,128],[-86,-39],[-54,-164],[-58,-104],[-24,3],[30,-138],[-34,-95],[-42,5],[-25,39],[-114,-22],[-36,-82],[18,-123],[-33,-59],[-22,-10],[-99,135],[8,-34],[-23,29],[-4,-45],[-42,16],[-12,-42],[-94,-59],[-3,-54],[-71,-48],[-69,106],[2,45]],[[69582,74801],[58,-34],[-35,-32],[-23,66]],[[56523,82897],[-3,100],[-33,60],[-85,45],[-24,50],[-54,-15]],[[56324,83137],[-24,123],[45,152],[-77,135],[-136,-22],[-20,37],[-139,58],[-36,55],[-30,-24]],[[55907,83651],[-57,312],[-2,163]],[[55848,84126],[38,7],[38,80],[213,111],[159,-39],[71,36],[39,-62],[62,40],[117,-11],[120,-56],[95,7],[108,100],[56,-141],[164,-33],[171,-229],[88,-44]],[[55830,83665],[-18,6]],[[55812,83671],[44,124],[0,129],[6,-173],[-32,-86]],[[33999,34445],[-3,5]],[[34833,37104],[1,102],[47,143],[-10,64],[56,391],[-20,121],[25,56],[-110,142],[-84,-95],[-62,-27],[-71,36],[-7,126],[-23,76],[-2,216],[-28,131],[4,209],[-28,39],[-10,103],[-28,59],[-98,8],[-54,115],[-29,-9],[-38,-99],[-19,27],[-39,-44],[-13,32],[-134,14],[-63,20],[-14,44],[-50,-24],[-40,40],[26,222],[-15,104],[26,102],[-14,32],[20,58],[4,127],[-27,28],[16,42],[-23,22],[22,37],[-16,35],[-17,-14],[-3,150],[-46,99],[11,27],[-12,28]],[[30565,49393],[157,1758],[-12,101],[-52,158],[13,51],[-10,70],[-125,209],[4,431],[121,36],[39,48],[51,-66],[44,18],[-15,45],[11,80],[-38,99],[-157,12],[-1,373],[87,38],[53,-31],[330,1],[-32,62],[24,107],[45,-137],[29,-21],[30,25],[63,156],[47,48],[23,-28],[62,-219],[9,-307],[58,27]],[[31423,52537],[164,-275],[42,-8],[108,140],[42,5],[22,-69],[-19,-99],[18,-24],[53,150],[35,8],[18,117],[32,7],[51,76],[30,-14],[89,150],[13,-6],[-9,-61],[12,-15],[72,148],[11,156],[16,37],[59,10],[46,73],[57,27],[13,152],[-189,34],[14,140],[-63,236],[6,271],[-123,218],[-47,137],[6,42],[25,-12],[31,-83],[63,19],[60,-24],[30,-131],[46,38],[56,-2],[45,-52],[24,65],[20,-5],[98,-208],[30,-22],[39,58],[-11,137],[13,78],[51,2],[6,51],[31,33],[76,-54],[33,40],[41,-5],[36,55],[57,5],[14,85],[58,26],[-6,42],[40,-17],[54,25],[22,100],[50,44],[35,95],[-21,127],[-21,19]],[[35643,54159],[31,113],[38,-176],[-31,187],[9,107],[81,-159],[13,-297],[11,126],[16,8],[-4,-291],[21,-196],[94,-498],[-31,-5],[3,-53],[8,-15],[14,50],[23,-15],[42,-167],[84,0],[59,-54],[19,-238],[-74,-50],[64,-2],[9,-25],[-25,-59],[-15,20],[-8,-51],[-109,-204],[-94,-285],[-52,-28],[-29,-88],[-68,-27],[21,-28],[-56,-207],[-35,-22],[13,-15],[-50,-139],[-1,-135],[-59,-87],[-2,-93],[-36,-38],[-48,34],[-128,-118],[-2,-28],[119,47],[13,-48],[-8,-54],[16,3],[255,264],[78,126],[2,52],[17,-19],[-2,27],[29,-2],[3,-76],[-36,-48],[38,-60],[0,-118],[46,-173],[-23,0],[6,-49],[-20,-43],[-26,26],[10,-59],[65,81],[40,-66],[-5,-28],[12,24],[7,-79],[29,94],[42,-4],[14,39],[37,13],[30,-36],[-5,-115],[9,24],[12,-35],[-10,118],[4,-27],[6,28],[38,-5],[23,-59],[-17,67],[32,20],[15,56],[17,-9],[-9,-44],[24,-49],[-50,-266],[1,-66],[-40,-88],[19,0],[50,102],[58,314],[74,200],[30,24],[-49,-166],[29,34],[76,233],[63,-161],[-15,87],[44,24],[-48,5],[4,104],[13,36],[3,-46],[24,-10],[10,73],[15,0],[-8,35],[15,8],[-20,34],[30,21],[21,169],[21,37],[21,-70],[26,63],[18,-10],[-2,72],[11,-41],[13,-4],[-1,-65],[32,36],[8,67],[24,-108],[29,-27],[0,37],[-15,30],[-6,-20],[2,79],[17,0],[-2,-51],[31,51],[11,-48],[4,32],[12,-18],[-10,-37],[20,20],[-9,-46],[15,-21],[18,76],[5,-116],[25,99],[6,-118],[32,110],[13,-110],[8,47],[11,-34],[-9,-37],[14,35],[3,32],[12,-24],[-3,38],[11,-7],[1,-64],[-38,-54],[89,86],[-15,-29],[2,-72],[30,21],[12,-57],[7,43],[14,-35],[-9,62],[22,45],[8,-28],[-25,-131],[34,40],[-2,-36],[13,59],[1,-70],[13,19],[0,-27],[20,89],[8,-50],[-15,-29],[15,-34],[23,108],[-9,-112],[9,16],[1,-25],[7,41],[7,-71],[31,110],[-9,-67],[15,24],[1,-90],[37,55],[3,-84],[34,69],[-37,-112],[11,12],[12,-44],[2,53],[35,81],[8,-59],[-26,-39],[11,4],[-14,-48],[17,-13],[-7,-70],[12,-23],[28,41],[-7,54],[23,56],[24,-1],[4,32],[27,-68],[-15,-31],[15,4],[3,53],[26,43],[-20,-132],[13,32],[16,-20],[2,34],[8,-24],[-3,-50],[9,-11],[-14,-21],[13,11],[2,8],[-2,13],[19,-7],[-29,-56],[37,2],[7,54],[15,-16],[-17,-55],[36,4],[-17,-40],[19,4],[10,-53],[-36,-30],[34,-4],[-42,-63],[16,-6],[-29,-57],[-36,-8],[44,5],[-16,-76],[16,26],[3,-42],[6,91],[47,73],[28,-95],[-9,-53],[-32,20],[-12,-13],[12,0],[-3,-63],[-38,-54],[32,32],[-40,-218],[-2,-45],[20,-33],[-45,-84],[-4,-59],[101,201],[18,231],[12,14],[10,-31],[-1,57],[72,38],[-16,-17],[16,-40],[-29,-90],[-21,0],[-37,-81],[10,18],[4,-32],[31,44],[-4,-64],[26,69],[10,-26],[41,143],[12,-51],[0,37],[43,54],[1,-48],[17,8],[-6,24],[10,16],[-6,-20],[35,-8],[1,52],[23,-68],[-3,39],[13,1],[-12,24],[14,-8],[-21,35],[17,33],[202,-130],[33,-62],[26,1],[-6,-30],[15,-17],[53,-4],[6,-44],[44,20],[39,-22],[1,37],[-20,27],[48,-1],[42,-85],[61,-7],[4,-32],[30,14],[28,-55],[-20,65],[16,16],[49,-24],[-6,24],[76,-4],[92,55],[142,-36],[71,-106],[31,-4],[176,-205],[20,-63],[71,-99],[50,-12],[125,-311],[72,-91],[45,-122],[88,-64],[30,-111],[79,-15],[30,-65],[68,-44],[-10,26],[83,-13],[79,33],[116,-41],[45,-54],[44,-156],[43,-290],[4,-115],[-17,-17],[31,-8],[16,-93],[11,-216],[23,-86],[-15,-124],[21,91],[13,-117],[-3,-195],[-35,-24],[26,-4],[8,-34],[-6,-34],[-13,36],[-9,-66],[12,9],[-8,-50],[23,-74],[-11,-78],[-22,19],[14,-31],[-17,-149],[-101,-487],[-109,-276],[-23,-16],[9,34],[-15,33],[2,-55],[-18,-32],[-29,72],[25,-84],[21,20],[-66,-198],[-68,-124],[-36,-128],[-47,-28],[-90,-128],[-66,-203],[-38,59],[35,-94],[-50,-135],[-20,12],[36,87],[-7,31],[-2,-27],[-11,33],[7,-49],[-27,-79],[-15,28],[21,-45],[-27,-46],[37,36],[-82,-343],[-110,-341],[-75,-169],[-59,-47],[15,47],[-8,122],[-33,12],[-18,75],[-32,-151],[-16,23],[1,81],[-18,-48],[20,-66],[36,-12],[-18,-78],[-30,-42],[24,-42],[-38,-53],[-2,-73],[-24,23],[-6,-39],[-15,-118],[29,62],[9,-195],[-31,71],[-16,-14],[43,-73],[-22,-17],[26,-96],[-25,-9],[-1,-37],[9,-20],[-6,37],[29,26],[1,59],[-10,19],[17,19],[1,-62],[-39,-386],[39,-599],[18,-80],[-54,-335],[-43,-418],[20,-298],[-38,-108],[-49,-47],[-58,-187],[-24,-236],[12,-399],[-23,-131],[-67,-93],[-36,-112],[-21,-177],[-38,19],[1,-52],[29,1],[-24,-103],[-66,-174],[-48,-35],[-54,-216],[-3,-73],[-30,-91],[27,-267],[-75,-91],[-117,-79],[-84,-146],[-7,-95],[16,-39],[18,9],[-33,-42],[-7,-90],[-144,27],[-139,-23],[-27,32],[29,106],[-14,40],[-54,-47],[33,-107],[-19,-36],[-218,-55],[31,40],[80,8],[-68,67],[-50,-46],[-7,18],[-36,-63],[-47,29],[2,46],[-31,-52],[-55,-19],[-14,-99],[17,16],[-2,-56],[27,32],[15,-39],[-90,-51],[-26,21],[-34,-33],[9,-32],[-17,-31],[-21,16],[-15,-49],[-59,-26],[-4,-123],[-121,43],[-79,-51],[-25,-39],[35,27],[-15,-67],[-34,-23],[-3,56],[-24,29],[-19,-30],[21,-57],[-155,-143],[-22,-86],[-172,-192],[-53,-79],[-38,-90],[-13,3],[10,20],[-22,-16],[28,-24],[18,13],[-18,-83],[-72,-148],[-3,68],[26,34],[-44,-5],[-13,-40],[2,75],[-12,-44],[-24,33],[7,-44],[-19,-8],[23,-42],[-16,-37],[-45,18],[-30,53],[9,-83],[97,-43],[-50,-158],[-10,28],[-2,-34],[-51,-7],[57,1],[-8,-183],[-40,-24],[-17,90],[11,-104],[-11,-32],[52,-76],[-21,-130],[2,-39],[28,-26],[-14,-51],[6,-138],[7,-31],[29,2],[-5,-36],[-13,20],[-21,-32],[18,-86],[-26,-42],[19,-77],[-20,-31],[23,-123],[-19,-213],[-35,-148],[-9,68],[-22,13],[5,-74],[27,-30],[-163,-228],[-130,-299],[-65,-214],[-75,-373],[-113,-335],[-119,-252],[-198,-259],[-59,-136],[18,125],[-21,70],[70,-15],[0,31],[47,18],[46,112],[15,-22],[7,74],[12,-24],[37,36],[24,102],[-1,120],[41,9],[11,-39],[-1,137],[61,45],[18,51],[-9,209],[33,-70],[12,20],[7,105],[-21,47],[-16,-59],[-67,-16],[-6,-66],[-27,32],[3,64],[-59,43],[-14,105],[-12,-125],[25,-51],[9,16],[5,-43],[27,4],[-45,-63],[-5,-184],[-15,80],[-15,0],[4,-136],[-26,-6],[-8,-45],[12,-65],[-50,-32],[-4,-70],[-91,-43],[-12,-181],[-21,50],[10,-49],[-48,-55],[-7,-58],[31,-52],[-29,-20],[-6,-51],[13,-18],[37,31],[-25,-40],[23,19],[-1,-56],[-45,-67],[-102,-472],[-55,-127],[-156,-241]],[[35172,32401],[-44,52],[0,276],[119,258],[-125,157],[-55,228],[-144,133],[-91,209],[-68,20],[-50,90],[-16,-33],[-44,47],[-35,120],[-62,108],[-73,-130],[-43,-4],[0,163],[-228,401],[-68,-2],[-47,-108],[-81,11],[-18,48]],[[39182,44118],[13,-34],[-2,-125],[-21,41],[3,59],[-21,23],[3,38],[25,-2]],[[39273,44389],[8,-36],[-55,-84],[-2,43],[34,56],[-8,46],[23,-25]],[[37639,50216],[0,-82],[-28,-64],[6,150],[27,55],[-5,-59]],[[38321,50275],[-12,-31],[-28,47],[40,-16]],[[37881,50536],[-2,-86],[-27,-11],[4,75],[25,22]],[[36309,50820],[-23,-79],[-20,16],[25,84],[18,-21]],[[37530,51100],[1,-31],[-37,-30],[13,68],[23,-7]],[[36572,51218],[12,-35],[-11,-44],[-35,23],[11,49],[23,7]],[[36612,51361],[11,-27],[-13,-84],[-29,-5],[-2,39],[33,77]],[[36681,51463],[17,-16],[-21,-35],[4,51]],[[35883,51475],[-6,-55],[-72,-63],[10,86],[62,68],[6,-36]],[[36761,51499],[4,-65],[-16,-10],[-4,42],[-10,8],[-2,27],[28,-2]],[[35781,51479],[10,-26],[-35,-211],[-15,9],[-29,-102],[-85,-134],[-52,-29],[12,123],[56,92],[2,144],[40,122],[51,59],[-9,-71],[8,43],[15,-7],[-3,43],[34,-55]],[[35787,51752],[13,-3],[-13,-92],[-67,-89],[67,184]],[[36538,51501],[-10,-97],[-21,36],[13,-110],[-38,-74],[6,-47],[-49,-69],[-29,35],[22,-41],[-7,-22],[20,-10],[-10,-85],[-30,69],[-14,2],[13,-9],[-13,-38],[13,16],[29,-59],[-63,-48],[-36,83],[4,-102],[-13,-5],[17,-7],[-15,-20],[-37,27],[-9,52],[-8,-33],[16,-55],[-24,1],[-24,79],[8,-51],[-16,-79],[-36,-26],[-15,108],[4,-99],[-13,-31],[-63,35],[-7,52],[-35,-71],[-20,23],[-3,68],[-12,14],[6,65],[-9,-65],[13,-26],[-6,-59],[-11,51],[6,-57],[-23,-10],[19,-18],[-30,-16],[-55,34],[4,50],[-59,144],[3,201],[64,-56],[-16,37],[39,46],[-52,-32],[-25,7],[-10,37],[15,269],[15,-51],[37,-22],[-37,31],[-4,152],[32,97],[47,16],[12,34],[199,-78],[74,-10],[0,42],[50,26],[217,-69],[16,-58],[-26,-124]],[[35840,51665],[-18,52],[26,109],[50,33],[31,-40],[7,-46],[-13,-29],[-69,-102],[-14,23]],[[36157,51773],[26,59],[68,50],[41,-55],[-32,-68],[-70,-11],[-33,25]],[[35935,51874],[6,64],[34,-14],[14,-91],[-34,-3],[-20,44]],[[36086,52009],[-36,-35],[29,53],[7,-18]],[[36101,52005],[49,1],[58,49],[33,-19],[1,-30],[-46,-55],[-48,-125],[-39,-24],[-25,48],[-69,10],[-9,93],[75,8],[20,44]],[[36006,51974],[-12,-45],[-27,24],[42,237],[14,-180],[-17,-36]],[[36024,52071],[15,99],[38,-8],[16,43],[6,-78],[-58,-86],[-17,30]],[[36055,52264],[-23,12],[16,51],[32,34],[26,-14],[-24,-79],[-27,-4]],[[36093,52364],[-10,21],[48,64],[-10,-56],[-28,-29]],[[35985,53048],[15,3],[24,-85],[-30,-60],[-29,79],[20,63]],[[35960,53069],[22,23],[13,-34],[-35,11]],[[36546,36050],[15,-18],[-8,-83],[-42,-138],[6,198],[29,41]],[[36515,36662],[-11,-46],[-33,63],[43,83],[16,-39],[-15,-61]],[[36800,37607],[20,8],[-126,-202],[19,72],[87,122]],[[37131,38053],[10,-37],[-36,25],[26,12]],[[37440,38064],[-8,-35],[-58,44],[40,98],[22,-29],[-12,-56],[16,-22]],[[37749,38501],[-63,-42],[-11,32],[37,56],[37,-46]],[[41831,52342],[16,-18],[-17,-11],[1,29]],[[36577,37214],[18,20],[-10,-81],[-8,61]],[[40318,47400],[2,-67],[-10,5],[8,62]],[[38269,50281],[35,-45],[-40,21],[5,24]],[[37824,50419],[2,27],[19,-23],[-15,-38],[-6,34]],[[37898,50473],[-2,-36],[-11,22],[13,14]],[[36255,50879],[16,-24],[-24,-27],[-4,41],[12,10]],[[35172,32401],[-26,-54],[-18,-132],[-61,-118],[-2,-70],[-58,-56],[-48,-104],[-31,-11],[5,56],[-25,16],[14,-12],[-18,-28],[11,-44],[-182,-153],[-28,49],[-55,-6],[-33,56],[-88,21],[-128,-102],[-17,36],[-26,-15],[-30,36],[12,35],[-139,64],[-77,127],[-123,14],[-72,-26],[-62,161],[-33,19],[-53,125],[-14,225],[20,229],[63,34],[25,105],[-23,63],[-19,205]],[[33988,34444],[11,1]],[[74393,80148],[39,2],[52,59],[15,105],[116,22],[71,-32],[-1,59],[30,-48],[61,38],[6,65],[43,-30],[92,79],[-25,70],[15,50],[84,23],[14,59],[126,83],[58,1],[91,120],[113,21],[92,128],[114,3],[56,104],[80,-112],[41,65],[46,-5],[14,-90],[26,-14],[320,-23],[27,-193],[69,-117],[88,15],[43,-58],[78,1],[40,-35],[91,77],[33,-47],[30,35],[81,-64],[44,20],[22,-38],[33,33],[74,-16],[51,-78],[53,-10],[64,66],[-2,40],[53,25],[20,-22],[61,58],[59,150],[9,135],[-71,60],[-26,88],[11,41],[-49,89],[64,263],[51,10],[31,140],[97,58],[57,178],[121,-112],[107,-30],[58,-76],[165,-13],[233,-159],[49,14],[152,-58],[33,-39],[-13,-120],[20,-172],[31,-47],[-7,-89],[162,-143],[87,-10],[21,-58],[90,-37],[51,31],[94,-22],[79,88],[194,51],[62,50],[182,-44],[66,-62],[121,20],[88,-75],[61,-110],[209,-42],[-5,-152],[170,-197],[208,7],[63,-48],[59,6],[126,-60],[53,46],[100,-60],[169,131],[192,27],[123,70],[84,-19],[79,55],[34,118],[110,126],[196,148],[130,-23],[176,-199],[92,-8],[139,78],[99,-53],[30,-56]],[[63674,78514],[19,-44],[-41,48],[-20,-28],[10,-78],[-20,26],[-30,-64],[-26,37],[-6,-54],[-29,42],[-24,-24],[28,-39],[-20,-36],[27,5],[11,-72],[-21,-16],[-2,40],[-43,49],[-53,-52],[10,-24],[-31,1],[-13,-73],[-106,8],[-12,-67],[-72,94],[26,-122],[-31,61],[-30,17],[20,13],[-33,19],[12,-43],[34,-27],[6,-36],[-22,11],[1,-89],[-32,-11],[22,-12],[-25,-118],[-21,1],[-26,-125],[-29,-8],[-5,-99],[-21,79],[-12,-90],[-66,-64],[-12,-73],[22,-73],[74,-24],[27,-79],[34,-6],[72,-248],[-38,-92],[10,-63],[39,203],[44,6],[-59,-237],[1,-96],[26,2],[-28,-50],[-7,-111],[66,-88],[8,-118],[102,-180],[81,-238],[54,-53]],[[63494,75932],[-58,-153],[-88,-68],[-45,-139],[-41,-16],[-133,64],[-35,143],[-32,3],[-79,170],[-48,-38],[-7,51],[-31,9]],[[62897,75958],[-58,59],[-76,17],[-88,103],[30,156],[-33,34],[-83,-1],[-55,100],[-74,33],[-24,-87],[-26,66],[-47,15],[-158,-114],[-60,42],[21,70],[-179,113],[-90,130],[-60,-18],[-72,57],[-87,-32],[-129,20],[-55,69],[-102,23],[-100,94],[-37,-19],[-80,41],[-44,-15],[-24,-93]],[[61107,76821],[-341,510],[-151,65],[-122,197],[6,-54],[-83,19],[-86,186],[-136,65],[-34,48],[107,55],[-4,21],[-44,-16],[-9,36],[12,-24],[13,31],[-18,12],[-32,-35],[46,67],[85,-62],[-17,-55],[67,18],[-45,32],[62,-12],[38,37],[20,-46],[13,25],[28,-16],[2,83],[-30,91],[-14,-101],[2,117],[9,19],[21,-27],[-10,27],[46,49],[30,154],[44,21],[-18,-19],[2,-120],[35,175],[30,9],[48,-58],[31,-1],[5,31],[-136,178],[-32,-20],[-67,178],[70,-31],[80,67],[12,-33],[73,-13],[-17,46],[-38,-14],[16,80],[102,26],[76,81],[57,-12],[30,59],[-30,-16],[-5,100],[-49,15],[-67,-71],[-102,-12],[92,84],[-165,-107]],[[57819,84166],[19,74],[-26,159],[-72,113],[13,44],[-35,30],[-44,-16],[34,114],[-19,36],[39,32],[5,75],[-92,81],[5,56],[-49,0]],[[57597,84964],[48,161],[76,31],[-37,33],[-47,174],[17,100],[-41,208],[19,69],[66,67],[47,164],[83,46],[-46,72]],[[57782,86089],[-6,135],[25,48],[80,-76],[28,106],[99,-37],[92,124],[278,-77],[23,61],[-83,32],[-17,69],[-51,29],[-181,-9],[-70,106],[-50,8],[-50,102],[73,-57],[-3,160],[-132,-110],[-113,3]],[[57724,86706],[387,399],[160,200],[407,524],[91,232],[-102,177],[-206,150],[-134,155],[62,29],[107,168],[-14,87],[-140,93],[-22,99],[63,43],[-17,72],[-94,16],[-54,112],[73,75],[-5,48],[-70,18],[72,190],[-38,37],[110,15],[4,32],[-59,228],[-236,461],[240,346],[26,102],[-99,79],[-89,144],[-185,76],[-60,187],[98,176],[-109,37],[151,74]],[[58042,91587],[74,41],[44,117],[158,37],[49,43],[30,68],[-31,43],[109,-56],[107,4],[-16,151]],[[58566,92035],[154,-47],[-19,-63],[42,48],[93,-6],[-16,96],[96,-36],[-32,103],[178,-108],[137,-22],[-3,-55],[-66,-39],[-195,42],[-11,58],[-45,-58],[14,-52],[106,11],[29,-38],[-74,-55],[83,50],[101,-15],[-36,-40],[88,36],[-76,-100],[49,53],[149,20],[-81,-92],[59,11],[-42,-34],[69,-12],[-134,-72],[-10,-74],[11,59],[138,72],[16,84],[223,-10],[208,-75],[26,20],[-32,31],[50,4],[256,-95],[397,-229],[181,-156],[16,-57],[105,-31],[-71,44],[35,11],[245,-178],[92,-19],[-16,70],[172,-167],[-25,-17],[40,-49],[52,31],[107,-79],[20,-244],[64,-17],[14,-57],[-68,-193],[-161,-192],[-134,-96],[-206,-89],[-219,-46],[-174,19],[-289,113],[-369,59],[-210,131],[-90,-44],[-34,53],[46,16],[-120,8],[14,59],[-54,-51],[-98,84],[-21,-62],[-116,77],[-82,88],[35,52],[-300,30],[114,-16],[80,-72],[-44,-27],[29,-11],[-21,-28],[143,-83],[-46,0],[154,-55],[-117,-41],[99,25],[77,-47],[-95,25],[-70,-29],[157,-38],[26,22],[37,-43],[-61,-12],[32,-36],[-89,-15],[80,7],[84,-58],[56,10],[125,-88],[40,-106],[44,-5],[32,-100],[-78,48],[25,-123],[-27,-83],[-107,-39],[46,-12],[99,-185],[-32,-36],[67,-71],[-52,-48],[70,-18],[-49,-26],[40,-49],[-65,-33],[157,-105],[11,-44],[67,15],[-2,51],[64,-40],[46,-82],[70,-36],[18,-73],[250,-69],[68,-56],[156,94],[24,59],[-51,105],[34,31],[-77,85],[-114,-59],[-60,32],[-105,165],[-51,21],[-33,115],[102,24],[3,108],[86,6],[151,-70],[34,-66],[70,-39],[94,-5],[5,-41],[-94,4],[-5,-78],[81,65],[37,-8],[-7,42],[311,-157],[99,34],[-38,-4],[18,46],[92,-68],[93,-10],[-29,113],[29,21],[-215,336],[-1,105],[204,157],[66,92],[175,52],[84,64],[142,203],[136,-42],[-27,-39],[210,24],[108,-109],[-108,-78],[14,-35],[45,-39],[-29,71],[118,51],[96,-185],[-24,229],[83,207],[47,26],[-55,67],[44,79],[-61,78],[21,28],[-172,67],[109,273],[-18,110],[50,24],[-40,4],[4,35],[76,40],[-64,-16],[13,150],[-253,213],[185,-66],[444,-22],[101,-39],[23,-70],[141,-111],[45,-182],[-374,-49],[-10,-80],[-80,-35],[-32,-92],[189,-123],[64,-149],[56,-38],[154,23],[-48,-73],[279,105],[47,-34],[45,93],[8,177],[49,61],[-28,90],[57,30],[12,-35],[45,52],[123,19],[113,-44],[-91,51],[4,60],[-58,59],[153,-41],[241,112],[216,185],[77,-16],[311,133],[-33,-55],[84,-6],[-63,-56],[32,-35],[42,12],[92,78],[-67,68],[40,38],[-62,-41],[-23,27],[308,164],[185,47],[127,0],[-268,-54],[120,-35],[-85,-109],[58,-153],[-35,-27],[-54,40],[23,-40],[-101,4],[-25,-56],[209,-18],[54,57],[5,-64],[83,59],[52,-79],[39,-1],[30,129],[126,96],[168,55],[141,-18],[-3,-25],[38,33],[61,-41],[133,-4],[76,103],[91,5],[13,58],[75,21],[41,-89],[-26,101],[251,54],[-87,-40],[148,-102],[-102,-79],[8,-117],[164,-46],[80,74],[-42,128],[182,20],[139,106],[-18,124],[-35,32],[-19,-41],[-33,15],[-13,106],[-112,151],[26,50],[117,4],[14,87],[61,26],[235,-61],[455,-52],[200,-70],[243,-142],[-48,-5],[-13,-85],[79,69],[232,-89],[-72,10],[12,-26],[389,-132],[30,-86],[166,-131],[95,-32],[42,-136],[101,75],[-25,32],[152,291],[-44,14],[75,34],[-148,-25],[-64,38],[-120,193],[23,132],[-19,-34],[-60,12],[-224,111],[-45,-38],[29,-58],[-40,20],[19,254],[26,26],[2,-51],[44,8],[51,71],[-64,66],[66,309],[-54,49],[-125,-42],[-22,64],[72,121],[-36,-48],[-34,14],[82,152],[188,69],[211,150],[174,588],[136,160],[92,-6],[-58,-49],[549,21],[117,-39],[-27,-30],[68,21],[196,-70],[10,-247],[-145,-240],[-2,-90],[-150,-132],[84,-109],[147,-91],[56,-157],[-43,-140],[25,-110],[-94,-80],[52,-72],[-36,-69],[55,-118],[-52,-110],[38,-118],[-42,-16],[44,-70],[-47,-66],[26,-130],[269,-213],[30,-71],[-32,13],[-123,-154],[32,-148],[-25,-153],[-21,22],[-52,-54],[-75,-9],[-50,-168],[-98,-14],[49,-83],[-27,27],[3,-27],[-63,-16],[23,-44],[-69,-80],[-124,21],[60,-43],[17,-126],[-115,0],[19,-20],[-81,-23],[11,-28],[-81,-12],[-109,71],[124,69],[-127,-44],[-108,109],[-17,-32],[-65,13],[-1,-28],[-56,23],[-120,-12],[39,-22],[8,-95],[341,-156],[297,12],[112,-70],[131,31],[30,127],[-26,11],[48,53],[125,21],[17,48],[136,48],[84,81],[29,192],[231,224],[26,147],[-28,122],[-109,134],[41,193],[198,89],[269,62],[125,-10],[14,-117],[185,-138],[-46,-132],[54,-35],[-45,-142],[31,-44],[-62,-44],[11,-37],[154,-87],[5,-42],[377,15],[-64,26],[13,21],[-84,-28],[-28,16],[40,18],[-47,23],[-11,-38],[-146,28],[21,25],[-48,28],[-79,-15],[12,217],[48,54],[129,30],[-68,141],[-39,-3],[-39,229],[-200,56],[-54,71],[-192,62],[-148,13],[-112,-91],[-92,-13],[-128,37],[-98,-36],[-35,20],[18,174],[-107,188],[54,239],[155,183],[15,103],[-109,114],[-103,230],[-149,100],[133,136],[7,90],[399,168],[27,277],[-88,127],[82,38],[135,-70],[-51,-44],[97,-56],[-37,-51],[55,-110],[-87,-185],[-52,-25],[-7,-94],[85,-136],[-26,-46],[-55,-5],[6,-51],[235,-92],[216,-9],[7,-67],[26,64],[216,-24],[46,-96],[128,-46],[175,24],[9,49],[-175,-63],[23,103],[-50,4],[24,-31],[-54,37],[11,86],[-97,-1],[17,68],[-77,-54],[-77,30],[16,-19],[-339,157],[-76,193],[244,82],[197,-127],[145,29],[33,59],[-54,64],[-158,-15],[-6,81],[63,-9],[127,110],[351,1],[172,-103],[229,-71],[-3,-34],[-2,32],[-47,-27],[168,-100],[25,-55],[110,-37],[314,50],[119,-48],[-75,-89],[6,-77],[-215,-79],[22,-105],[-40,-63],[58,-121],[-93,-122],[74,-209],[-53,213],[85,24],[32,172],[43,31],[40,-28],[3,52],[68,-72],[1,-68],[-35,-194],[-102,-142],[76,-58],[72,2],[-63,139],[162,4],[67,83],[-109,321],[-74,46],[39,2],[-30,74],[131,222],[-72,121],[-190,22],[-137,124],[4,108],[-275,42],[-140,110],[31,247],[-105,73],[36,23],[-93,20],[92,26],[-86,63],[118,100],[-48,-3],[2,39],[401,55],[424,-4],[364,63],[176,-30],[44,61],[120,28],[295,3],[-19,-54],[-340,-171],[13,-86],[230,-121],[34,-70],[-45,95],[-202,100],[-4,90],[357,67],[138,161],[-102,-29],[-99,111],[134,-12],[-16,20],[-130,13],[-65,95],[-191,24],[-10,53],[102,-29],[-66,60],[113,20],[41,-40],[92,1],[-66,-51],[65,24],[12,-42],[6,56],[69,-7],[-51,50],[-79,-11],[-72,52],[69,27],[-290,44],[100,57],[-20,45],[258,-118],[-54,55],[42,31],[42,-19],[-1,66],[90,60],[-59,24],[70,12],[41,-44],[60,56],[-241,28],[29,51],[258,-37],[116,90],[71,6],[-4,45],[131,34],[-91,7],[136,52],[127,-36],[-19,35],[117,9],[-28,33],[259,54],[25,-29],[42,26],[125,-16],[34,57],[186,2],[397,83],[95,41],[-112,-32],[-54,31],[-35,-47],[-39,63],[-75,-55],[-51,45],[35,59],[72,-14],[-25,30],[86,7],[-1,-55],[159,25],[-87,45],[191,-7],[24,-40],[77,37],[-46,26],[100,-28],[127,30],[135,-15],[88,-34],[-171,-110],[46,-18],[54,53],[162,38],[40,-29],[-56,-53],[104,9],[115,89],[-18,-65],[58,34],[120,0],[-55,54],[148,5],[-52,30],[234,71],[-29,-36],[146,11],[-41,-34],[135,-5],[-24,-35],[74,-26],[-92,-148],[41,-7],[92,84],[-7,97],[-80,102],[-158,52],[-48,89],[405,-32],[151,45],[46,-46],[84,14],[259,-58],[-381,99],[99,122],[-103,41],[15,79],[80,6],[0,65],[553,323],[110,-16],[130,60],[74,-3],[-1,-36],[119,22],[32,-54],[130,-41],[150,16],[28,-83],[88,-32],[-149,0],[-84,-74],[-364,-88],[333,0],[163,32],[-133,-92],[210,45],[152,-35],[21,31],[48,-30],[79,10],[59,-55],[-159,-122],[-56,3],[-35,-93],[-56,27],[5,-54],[112,-24],[285,38],[28,117],[95,-18],[308,31],[185,-39],[82,37],[204,3],[8,-46],[121,1],[-19,-42],[94,-8],[104,-72],[-103,-75],[119,65],[136,-69],[-15,-59],[-54,4],[100,-55],[-72,-59],[101,14],[27,57],[67,-28],[-103,83],[91,4],[81,-142],[-19,-95],[83,48],[30,-49],[-93,-180],[18,66],[-153,16],[-141,97],[-62,-2],[148,-79],[-16,-89],[62,-2],[-12,33],[76,23],[7,-57],[96,-16],[23,-65],[-47,-2],[15,-70],[-201,-169],[-204,-66],[-104,-120],[-103,13],[-123,-83],[-174,-30],[-33,-71],[-181,-34],[113,-5],[-48,-82],[-222,-84],[-258,-219],[-9,24],[-80,-38],[-167,3],[-100,-159],[-201,-39],[-64,-156],[-211,-137],[114,2],[154,106],[172,-69],[124,14],[-244,70],[30,122],[123,-28],[428,46],[-21,46],[272,50],[-3,47],[58,-31],[-62,78],[144,-57],[210,114],[119,21],[6,46],[-71,12],[-105,-47],[-170,-16],[-38,83],[135,111],[155,-13],[105,-48],[47,70],[114,12],[6,-24],[-100,-18],[27,-63],[141,-72],[158,-22],[159,49],[-27,117],[161,-207],[-82,-106],[101,-66],[-3,-214],[-102,-60],[16,-73],[89,-51],[165,-25],[-194,46],[-65,82],[107,89],[5,159],[132,54],[-73,5],[-85,85],[178,55],[157,-4],[205,68],[564,-70],[280,0],[152,-56],[-81,-28],[-66,20],[-21,-138],[317,-106],[52,-55],[226,-49],[-193,48],[-16,35],[353,-50],[205,26],[231,-86],[-84,71],[176,-34],[-144,50],[8,24],[202,-56],[77,90],[-19,55],[73,-3],[-79,78],[10,50],[-55,10],[18,32],[38,-12],[-48,59],[90,98],[21,-65],[91,14],[-27,84],[51,-51],[90,70],[131,-47],[37,-56],[42,44],[16,-88],[47,18],[79,-33],[-24,-67],[87,30],[20,46],[-2,-65],[96,75],[29,-54],[-61,-3],[-4,-45],[73,16],[40,-101],[0,85],[46,36],[21,-35],[35,27],[-20,60],[313,-36],[-7,-71],[112,4],[-36,-52],[105,1],[97,-44],[-51,-69],[93,30],[102,-82],[-331,-41],[-44,-71],[327,-39],[-30,-36],[-200,40],[-23,-30],[-137,-3],[197,-106],[179,-11],[68,-76],[-40,-40],[57,-18],[-89,-56],[68,-4],[-154,-31],[-122,75],[10,32],[-205,103],[-35,-5],[55,-56],[-33,-4],[140,-69],[188,-269],[72,41],[-40,121],[140,-171],[-67,22],[-134,-59],[15,-36],[80,6],[72,-162],[67,-42],[27,-60],[-38,-36],[127,-1],[24,-66],[125,-59],[42,64],[33,-124],[43,-14],[140,86],[84,185],[94,4],[-68,30],[41,133],[174,258],[97,14],[76,-49],[4,-30],[-90,70],[-88,-83],[122,-134],[210,-103],[195,2],[37,-24],[-21,-56],[28,59],[-20,31],[31,35],[62,33],[109,-4],[-23,20],[78,33],[228,-28],[29,-57],[63,27],[199,-101],[-24,-36],[36,-23],[47,23],[-3,-37],[-46,0],[80,-58],[69,17],[-90,46],[91,-3],[48,31],[-68,14],[102,9],[-148,40],[75,112],[111,18],[-17,-43],[88,60],[81,-42],[41,-89],[69,46],[164,-13],[-83,115],[21,109],[-131,51],[82,3],[67,128],[72,-14],[18,35],[-177,10],[-8,-39],[-76,9],[25,-26],[-72,59],[126,150],[287,0],[149,52],[-50,8],[16,62],[-113,91],[40,18],[418,-113],[576,-35],[708,-165],[-412,-5],[-119,53],[-117,-123],[-50,40],[-66,-9],[104,-62],[164,54],[517,28],[-266,-263],[6,100],[98,56],[-74,25],[-31,-58],[-25,86],[-74,14],[54,-181],[-133,-34],[-99,63],[68,-79],[-92,-41],[2,-55],[122,-8],[229,91],[289,294],[335,-11],[336,-94],[123,-162],[-107,-55],[-84,76],[-61,-76],[-87,24],[57,-32],[-59,-47],[313,-3],[41,-44],[-42,-1],[-23,-75],[213,30],[-33,-97],[-130,-78],[100,43],[69,61],[-17,-65],[122,67],[155,-49],[151,-168],[-126,-24],[229,-74],[10,-32],[224,52],[87,-12],[160,60],[345,55],[14,-49],[21,52],[92,19],[570,-30],[347,-126],[168,-142],[70,-157],[-44,-104],[-69,3],[63,-20],[-62,-108],[21,-86],[136,-25],[17,-37],[55,19],[114,-26],[10,-309],[126,-71],[-86,-217],[-97,-24],[18,-21],[87,19],[122,208],[-39,264],[248,185],[123,-27],[110,38],[116,-21],[123,52],[115,-89],[109,-30],[234,16],[111,-42],[227,-15],[253,160],[78,-38],[-44,-31],[91,-64],[10,-173],[301,-96],[23,-133],[47,-39],[202,29],[76,-46],[-49,66],[51,32],[26,-56],[-13,69],[83,66],[50,-7],[-72,74],[4,76],[-85,165],[-124,13],[120,87],[-31,218],[420,-86],[203,-7],[132,-114],[78,30],[-63,48],[-22,-22],[29,35],[180,-55],[40,24],[283,-24],[174,21],[-52,-15],[130,-50],[41,40],[-101,27],[96,5],[32,-69],[137,-57],[410,-134],[43,25],[195,-89],[-111,30],[12,-56],[165,-17],[181,-151],[-114,68],[40,-56],[86,-20],[0,-243],[0,-287],[0,-287],[0,-287],[0,-287],[0,-288],[0,-287],[0,-287],[0,-2],[-61,-27],[-84,-113],[-85,-17],[-170,-116],[-21,11],[74,47],[-148,-20],[-171,39],[-59,64],[28,8],[-16,45],[-138,89],[-91,-29],[-53,33],[-31,-20],[67,-31],[114,26],[94,-120],[-26,-25],[-49,-12],[-111,54],[-53,-33],[-108,88],[-92,-98],[-354,-58],[353,48],[103,83],[95,-121],[-78,-47],[-8,-50],[95,87],[79,-70],[68,81],[140,32],[-36,-126],[26,-73],[100,-96],[103,-28],[-31,28],[58,57],[-23,50],[108,-233],[-29,20],[-28,-40],[30,-8],[-30,-8],[71,-16],[1,32],[32,-218],[-42,31],[27,-47],[-48,28],[-73,-45],[29,-25],[94,28],[-32,-92],[29,-14],[38,28],[-17,92],[64,-157],[-44,47],[-11,-31],[161,-109],[8,-53],[-46,-48],[80,-79],[8,-126],[-37,-8],[-24,-63],[-55,-6],[-21,-120],[-38,45],[-244,101],[-209,24],[4,94],[38,40],[-75,-61],[-54,92],[13,-58],[-31,-55],[34,-51],[52,-8],[-147,-41],[-13,20],[-107,-125],[-270,-139],[25,27],[-38,27],[-8,-72],[-129,-73],[6,23],[-52,16],[25,-71],[-149,-35],[-22,23],[9,-35],[-84,-75],[-72,57],[-18,-112],[-41,-4],[-57,-87],[-64,44],[-50,-24],[59,-46],[-10,-42],[-63,32],[28,-41],[-34,-41],[-85,11],[26,-39],[-47,-16],[59,-34],[-59,-24],[-71,50],[54,-72],[-43,-67],[-25,54],[-2,-61],[-115,-24],[27,-35],[-61,-32],[-5,54],[-7,-81],[-53,-48],[-119,-17],[-10,-59],[-55,13],[40,-68],[-44,-34],[-28,-177],[-38,-26],[-92,89],[-25,78],[36,12],[-61,25],[-17,82],[-119,77],[30,9],[-44,36],[-13,-36],[-246,17],[-123,-49],[-20,24],[1,-32],[-50,-30],[-31,13],[-13,-27],[-27,29],[11,-38],[-51,-29],[-46,42],[6,-57],[-41,-17],[9,-23],[-191,-247],[-37,-2],[-2,48],[50,165],[-14,115],[39,59],[-100,-34],[-20,-43],[75,53],[-150,-118],[-58,-19],[-5,23],[-60,-93],[-10,42],[-54,-20],[59,-83],[-103,-118],[-98,187],[-46,-13],[5,-56],[-62,-29],[20,-50],[-41,30],[46,52],[-161,29],[16,-42],[30,10],[-29,-54],[-43,4],[-48,-45],[8,-113],[-58,-42],[37,-156],[-19,-28],[11,35],[-42,-5],[-19,-32],[55,-89],[-28,-27],[-24,63],[-54,-6],[52,-95],[-53,-35],[3,42],[-20,-53],[-39,-8],[31,-24],[-106,-102],[-115,-327],[25,-118],[104,-56],[-28,-56],[46,38],[2,105],[45,19],[147,-90],[30,-60],[-70,-143],[-77,-66],[17,-169],[-21,-167],[51,-34],[75,17],[36,-318],[-69,-43],[-19,-58],[-64,29],[-73,100],[146,134],[-18,44],[-30,-65],[-63,34],[-75,-58],[50,-66],[-149,-115],[-81,-296],[13,-217],[94,-182],[-12,-69],[-107,-134],[-114,-12],[-45,62],[-114,-36],[-191,-207],[-65,-297],[27,-39],[-12,43],[16,-12],[5,-98],[-44,24],[52,-107],[-17,-36],[15,-31],[13,29],[12,-97],[-80,62],[15,45],[-184,-85],[-126,-140],[-33,98],[-42,-21],[-1,-61],[59,-12],[-41,-69],[27,-38],[-9,-38],[-40,7],[30,-99],[-30,-43],[34,5],[4,-62],[-47,-50],[-28,-149],[-104,-194],[-105,-84],[-17,-71],[-223,-287],[25,123],[-11,68],[-55,67],[-24,521],[-43,180],[25,-47],[20,37],[-50,50],[-43,194],[-139,1129],[-16,270],[28,321],[82,403],[49,121],[-17,-67],[40,80],[71,54],[25,93],[36,-35],[82,197],[-11,148],[-53,47],[15,25],[50,49],[72,-50],[64,19],[47,127],[85,-24],[77,25],[32,-42],[-26,57],[252,262],[24,-23],[-12,43],[148,196],[21,123],[148,153],[45,110],[97,38],[172,238],[119,99],[12,123],[74,70],[152,62],[46,65],[113,26],[-3,-48],[34,64],[81,21],[13,29],[-80,48],[151,198],[-22,51],[-55,5],[31,117],[50,21],[23,334],[114,108],[56,6],[135,-45],[20,-35],[-3,25],[-45,49],[146,5],[-150,15],[-184,118],[-109,-20],[-41,-41],[-141,-5],[-65,-83],[56,-60],[-77,-58],[28,-92],[-60,-154],[102,-54],[-4,-28],[-60,-24],[-26,-57],[-50,110],[-60,-28],[42,-37],[-99,47],[-120,-175],[-27,34],[1,-55],[-23,21],[-67,-109],[-27,7],[-7,-43],[-147,-127],[-35,-105],[-29,24],[-60,-35],[-11,29],[-68,-98],[18,112],[-22,30],[76,121],[-67,2],[-85,-71],[-28,9],[57,101],[-16,79],[-47,-1],[12,27],[49,-3],[-23,17],[54,67],[-20,17],[70,55],[-8,78],[43,43],[-18,104],[-86,-57],[-44,-81],[-48,9],[-36,-39],[-3,94],[-25,-31],[-32,75],[-68,14],[-61,-13],[-17,-42],[-160,2],[-50,-53],[-151,34],[-48,-62],[-93,-20],[-29,-57],[-70,-20],[-5,-184],[-78,-28],[-119,-130],[-9,-126],[-23,15],[-97,-113],[-147,-96],[-129,-242],[21,85],[-43,-18],[18,-106],[-70,-5],[41,-170],[-41,51],[-40,-89],[17,-30],[45,-8],[29,53],[-7,-38],[38,-34],[-24,79],[125,-50],[23,20],[69,-87],[-4,-97],[-106,11],[-7,-37],[-97,49],[-30,-14],[7,-47],[-86,-33],[-99,76],[22,36],[-34,-32],[-77,29],[-9,-87],[-92,-17],[-30,-91],[-95,27],[-54,63],[-95,-106],[-185,-25],[-70,163],[32,-13],[61,45],[135,-19],[111,40],[-52,51],[-112,7],[-19,87],[-74,84],[-21,-28],[-115,2],[9,-57],[-45,-16],[-4,30],[-72,2],[75,42],[-48,-12],[-82,61],[-259,73],[1,-28],[-94,-47],[48,-100],[-89,-1],[-13,49],[-28,-47],[-2,-59],[70,4],[-15,-82],[-26,25],[-15,-23],[-97,15],[-12,67],[-49,17],[-104,-18],[-5,-62],[-65,20],[-13,-38],[-289,129],[-52,-35],[1,-128],[-33,15],[-42,-38],[-63,59],[37,101],[-39,-1],[-2,-28],[-38,40],[-187,-38],[-305,30],[-114,-60],[-91,36],[-251,-147],[-188,-292],[-189,-136],[-66,-110],[-47,-200],[-54,-55],[-74,-20],[-68,-133],[-47,-9],[-57,-98],[-84,-36],[-64,-124],[-72,-34],[-12,-101],[-9,43],[-26,-12],[-54,-128],[-37,-18],[27,-93],[-43,8],[-96,-173],[-78,-51],[-15,-59],[-26,9],[-145,-173],[-96,-55],[-74,-143],[-174,-133],[-88,-111],[7,-111],[114,-20],[27,-55],[217,14],[36,52],[5,-41],[40,19],[4,-124],[-28,-10],[21,-147],[-43,-129],[29,-92],[54,47],[42,-28],[21,24],[29,107],[-37,5],[-26,58],[92,94],[95,7],[-70,-136],[-13,35],[-36,-16],[4,-39],[75,-54],[75,7],[-70,-77],[-34,-95],[-75,-40],[33,-41],[162,33],[64,50],[37,38],[23,98],[59,52],[1,-99],[-102,-194],[62,13],[61,126],[32,163],[-1,51],[-29,-15],[23,95],[-29,31],[183,-61],[129,65],[14,-51],[118,-91],[25,-50],[-21,-59],[90,-132],[144,-94],[-41,8],[-5,-30],[132,-77],[-14,-48],[21,-41],[-19,-43],[-49,-14],[20,-8],[-20,-28],[-91,76],[-43,-5],[63,-46],[14,-58],[77,-45],[-16,-43],[32,-68],[-53,-136],[119,-150],[-56,-33],[-14,-48],[34,-56],[-63,-58],[-25,-84],[-54,-31],[-4,-75],[-28,-23],[27,-15],[-6,-32],[-52,-34],[5,-162],[-49,-98],[-24,-191],[29,-107],[-7,-111],[22,-44],[25,3],[-77,-119],[34,-56],[7,-116],[-35,-162],[-28,-4],[2,-138],[-34,-19],[17,-28],[33,15],[-52,-129],[-10,-176],[-254,-388],[-81,-271],[-113,-166],[-61,-277],[-39,-54],[-29,-131],[-119,-249],[-146,-242],[-93,-105],[-102,-235],[-38,-23],[-39,-143],[-91,-77],[-60,-187],[-31,-67],[-13,16],[15,-40],[-26,-67],[-41,-43],[-26,12],[11,-38],[-23,-78],[-263,-247],[-74,-113],[-24,8],[-34,-47],[-35,21],[-121,-94],[-37,6],[15,29],[-24,44],[-49,-40],[-14,87],[-52,-39],[-48,59],[-26,-56],[10,261],[-16,8],[-100,-140],[-2,29],[-20,-11],[56,123],[-23,-25],[-42,38],[-15,-87],[-32,-10],[-23,-99],[-48,-30],[2,-41],[20,0],[-55,-55],[-15,-128],[-28,64],[-64,-39],[-20,20],[37,11],[-45,1],[11,26],[-47,-20],[60,-79],[-48,-134]],[[56324,83137],[-877,58]],[[55447,83195],[80,121],[22,172],[140,6],[123,177]],[[55830,83665],[-120,-191],[114,-24],[73,23],[-14,146],[24,32]],[[59722,78169],[92,-206],[41,-43],[66,25],[32,75],[43,-62],[36,54],[46,11],[88,-31],[9,-47],[-36,4],[-21,-55],[7,-101],[-63,-40],[-49,24],[-56,-32],[-39,58],[-56,11],[-38,-98],[-31,9],[-49,-95],[-26,27],[-74,-17],[-70,-47],[-38,-106],[-64,-69],[-106,-15],[-97,102],[56,25],[-16,95],[29,84],[-23,108],[-39,41],[-38,-19],[-100,114],[-107,-8],[-9,39],[191,217],[27,-18],[60,58],[58,4],[24,39],[-44,12],[3,101]],[[0,89305],[0,2],[0,287],[0,287],[0,288],[0,287],[0,287],[0,287],[0,287],[0,244],[117,-43],[16,33],[56,-88],[132,-35],[100,-92],[-67,48],[7,-76],[189,-73],[-15,-91],[103,49],[-187,123],[246,-153],[-76,-17],[36,-38],[82,28],[46,-27],[-12,-34],[39,15],[142,-89],[-44,16],[-18,-34],[69,-48],[92,3],[-90,59],[170,-88],[-54,-25],[13,-46],[-72,-10],[34,-37],[133,-44],[15,28],[-94,63],[52,49],[155,-89],[39,-91],[-28,19],[15,-56],[-54,-45],[95,10],[-15,61],[90,-102],[-42,-153],[57,-70],[4,-106],[-79,-39],[149,-77],[-8,-145],[83,69],[-11,42],[52,0],[5,-146],[85,127],[-159,73],[93,59],[-27,169],[-59,6],[-12,43],[-59,-15],[39,23],[-71,0],[239,7],[29,25],[51,-50],[20,28],[89,-19],[-56,4],[36,-30],[-43,-11],[-2,-91],[60,14],[-38,37],[42,47],[6,-34],[75,-23],[117,23],[-174,61],[352,-51],[25,-70],[77,-33],[-3,-56],[272,-206],[-67,-48],[98,32],[46,-56],[-64,-4],[56,-27],[51,26],[86,-66],[-21,-36],[-73,19],[-174,-103],[33,-109],[-28,-39],[-79,11],[-164,121],[56,-102],[78,-37],[-16,-72],[-59,32],[-217,-27],[80,14],[-97,39],[-46,-13],[-8,70],[-159,19],[131,-68],[0,-86],[82,30],[-26,-139],[-143,3],[139,-18],[-7,-67],[41,-14],[-68,-73],[-122,-64],[-66,10],[-45,-52],[99,22],[14,-40],[-79,-43],[55,-6],[-34,-50],[42,29],[97,-31],[68,-87],[-103,-21],[-81,71],[-36,-19],[62,-13],[-9,-68],[-36,11],[8,-43],[-51,-14],[-73,26],[29,92],[-42,99],[8,-128],[-69,-36],[-98,46],[-88,146],[-97,34],[0,99],[-19,-52],[-49,-5],[-15,37],[-10,-55],[-117,3],[12,43],[-138,88],[36,85],[-86,176],[-259,89],[-122,-96],[-291,19],[11,138],[-25,29],[-32,-20],[-97,185],[81,-22],[1,52],[52,22],[5,140],[-86,-124],[-54,-5],[-38,48],[-13,99],[-2,-72],[-70,31],[48,-114],[-90,-20],[-33,42],[-20,-210],[136,-109],[4,-56],[-66,-79],[-45,-146],[-94,-44]],[[99999,93032],[0,-279],[0,-35],[-93,-67],[-148,2],[-94,-43],[-35,170],[66,79],[304,173]],[[0,92718],[0,35],[0,279],[73,29],[373,-27],[264,-175],[-135,-112],[-392,-77],[-183,48]],[[86644,76608],[-11,-34],[-35,17],[20,44],[26,-27]],[[89591,83103],[3,-34],[26,16],[24,92],[78,-167],[-42,-152],[23,-8],[19,-90],[-21,74],[-6,-36],[46,-97],[-23,-21],[37,-25],[-8,-79],[33,-11],[41,-283],[-17,-240],[-29,-68],[21,151],[-42,-150],[2,-214],[54,-150],[-26,-106],[31,-8],[8,79],[30,-174],[-26,4],[29,-79],[10,42],[75,-562],[91,-312],[46,-298],[35,-122],[76,-95],[20,-133],[-22,8],[-48,168],[-124,176],[-222,80],[20,-46],[94,1],[-137,-40],[-46,-71],[-6,-118],[-125,-523],[2,-140],[47,-189],[46,-28],[38,-78],[22,-218],[22,-7],[-23,-34],[22,-56],[47,-13],[8,31],[-49,24],[-4,30],[60,-22],[17,31],[28,-260],[19,-12],[-54,-202],[-17,306],[-26,3],[8,-27],[-40,48],[-101,-2],[-20,84],[-30,-12],[-59,-95],[-89,-376],[-42,77],[-33,290],[67,297],[-25,322],[63,204],[-16,211],[-77,254],[30,50],[44,346],[14,359],[-37,268],[63,323],[-53,207],[-108,159],[37,-7],[-3,41],[-48,45],[17,162],[-16,88],[56,157],[24,247],[-45,202],[132,91],[6,-86],[53,0],[64,86],[-28,27],[-20,-18],[-4,65],[61,-10],[23,33],[-17,85],[-38,-85],[29,144],[-118,205],[69,-4]],[[2155,89161],[55,-37],[-164,-38],[48,82],[61,-7]],[[69480,90164],[-72,-46],[-91,66],[-33,102],[-47,-13],[-30,37],[90,-7],[46,-60],[-21,43],[136,-35],[22,-87]],[[64249,91280],[55,-4],[-196,-63],[141,67]],[[65380,91541],[38,-20],[-78,0],[40,20]],[[94857,91586],[-22,-77],[13,63],[-89,52],[-19,187],[81,77],[-11,-177],[47,-125]],[[94897,91894],[-5,-64],[-67,-24],[28,132],[44,-44]],[[69820,94096],[-60,-53],[31,72],[29,-19]],[[64280,93187],[55,165],[72,38],[55,-49],[34,32],[50,-31],[13,123],[48,-14],[-2,63],[80,-16],[-50,12],[37,48],[-37,23],[115,64],[-105,-24],[8,45],[129,6],[-178,13],[-56,34],[67,77],[114,35],[99,-21],[-67,43],[3,30],[64,-2],[-73,52],[56,69],[120,45],[121,-16],[207,89],[103,-50],[314,-63],[41,-58],[-215,-36],[160,1],[-2,-36],[-212,-24],[177,5],[-9,-84],[-44,-28],[-161,16],[129,-79],[-92,16],[1,-89],[-98,26],[75,-66],[-117,-13],[97,-8],[-24,-77],[55,-59],[-65,-78],[14,-70],[-46,-8],[78,-18],[166,-368],[259,-224],[119,-30],[48,-51],[-57,8],[5,-79],[-187,60],[157,-80],[-207,59],[15,-25],[-44,37],[16,34],[-91,-7],[-1,-43],[59,5],[59,-58],[-47,-16],[16,29],[-123,41],[11,-42],[-89,57],[59,-70],[-110,35],[46,0],[-15,42],[-36,15],[39,-49],[-95,59],[18,-55],[-61,14],[-25,-73],[-180,157],[-10,-51],[81,-51],[-134,74],[-17,-27],[-189,72],[-2,-29],[-66,36],[77,13],[35,-25],[6,71],[-62,72],[112,-23],[-27,46],[121,-6],[-70,21],[48,29],[-28,15],[-33,-35],[-40,20],[-1,-32],[-96,63],[139,114],[-150,-87],[-45,83],[54,52],[-27,13],[-65,-84],[-23,45],[-41,-61],[-17,43],[0,-23],[-59,23],[-17,95],[-37,-91],[-41,64],[-35,-24],[38,-40],[-122,-12],[-85,64],[-34,138]],[[74136,94276],[-30,-51],[-107,-8],[137,59]],[[76988,95653],[49,12],[-163,-74],[114,62]],[[76437,95701],[-47,4],[26,27],[21,-31]],[[76388,95760],[-42,-50],[-122,15],[103,-1],[-10,28],[71,8]],[[76826,95799],[53,-4],[-23,-23],[-84,23],[54,4]],[[76915,95750],[40,-10],[-83,-37],[31,104],[62,-27],[-60,-21],[-20,-34],[30,25]],[[76156,95946],[55,-13],[-137,8],[82,5]],[[76462,95989],[-123,-16],[83,43],[40,-27]],[[65829,94848],[-107,4],[-38,59],[-180,5],[239,81],[-89,-5],[18,56],[-153,-23],[21,44],[-61,4],[53,67],[88,0],[-17,-27],[55,22],[21,-70],[125,94],[-45,38],[87,59],[193,-41],[-67,99],[184,46],[-51,53],[173,35],[41,58],[180,60],[257,35],[-78,33],[62,32],[159,7],[-103,-63],[74,-5],[114,64],[-68,24],[49,71],[174,20],[189,-25],[33,-54],[77,53],[49,-36],[205,80],[73,10],[37,-29],[107,49],[42,-14],[56,63],[85,-8],[98,60],[142,-23],[-66,92],[329,147],[303,28],[215,-74],[36,-173],[-210,-142],[29,-24],[-891,-273],[-381,-98],[-43,43],[-69,-71],[-447,-122],[-59,-88],[-57,60],[-154,-173],[-42,52],[-43,-61],[-136,-3],[211,-47],[-137,-40],[23,-61],[-95,-14],[-118,43],[97,-63],[-29,-59],[-185,87],[56,-55],[-58,3],[18,-118],[-267,79],[126,-91],[25,-106],[-54,0],[-1,-39],[-66,29],[2,-35],[61,-7],[-59,-35],[-41,36],[-10,-94],[-198,114],[34,-52],[-76,-8],[80,-11],[101,-84],[-45,-109],[-99,69],[-233,24],[221,-35],[74,-91],[-74,-67],[-171,73],[3,-42],[141,-66],[-96,-102],[-44,27],[3,-63],[-178,22],[-56,91],[2,-79],[-136,12],[-149,67],[-180,-69],[-60,26],[106,60],[-59,15],[161,89],[157,34],[-227,-8],[-70,-60],[-57,5],[-120,79],[3,39],[60,-20],[124,88],[131,20],[-55,30],[119,89],[235,-38],[-219,92],[43,24],[140,-16],[-131,46],[35,49],[248,23],[-115,39],[-58,-19],[0,31],[-44,-4],[31,63],[215,26],[47,-22],[120,4]],[[75682,97394],[74,-20],[-152,31],[78,-11]],[[75640,97591],[-17,-41],[-128,22],[145,19]],[[75380,97610],[45,-21],[-205,66],[160,-45]],[[77833,97721],[-72,-51],[1,55],[71,-4]],[[90603,76907],[10,-31],[-21,-12],[-15,31],[26,12]],[[90800,77092],[9,-33],[-65,-52],[-22,14],[1,42],[77,29]],[[90685,77420],[29,12],[-17,-49],[-110,-63],[-94,-186],[-53,-49],[-9,-112],[-1,37],[-30,4],[-9,65],[88,119],[109,266],[97,-44]],[[91332,77988],[5,-47],[-150,-64],[-101,-149],[-40,-12],[-32,30],[-2,-50],[-117,-188],[-47,-26],[-27,-67],[-27,14],[21,104],[18,-34],[-1,56],[26,-15],[29,44],[-24,65],[30,-16],[69,97],[12,69],[31,-12],[76,91],[-9,75],[22,41],[36,-100],[67,13],[115,144],[35,-25],[-15,-38]],[[91759,78446],[65,12],[-152,-235],[-107,-122],[-56,-14],[64,153],[40,16],[58,111],[88,79]],[[92278,78975],[25,8],[-86,-152],[-51,-65],[-22,19],[-5,28],[47,14],[98,175],[-6,-27]],[[92361,79121],[6,-48],[-31,24],[25,24]],[[92505,79361],[13,-32],[-25,-34],[12,66]],[[92579,79521],[-15,-21],[-19,47],[34,-26]],[[92836,80005],[-43,-103],[-24,1],[67,102]],[[92933,80143],[11,-26],[-32,-14],[-12,45],[33,-5]],[[92901,80523],[0,-50],[-20,28],[20,22]],[[93367,80996],[8,-69],[-75,-152],[-106,-67],[-29,-82],[-6,30],[-41,4],[-7,138],[135,63],[56,165],[51,53],[14,-83]],[[93460,81132],[11,-72],[-26,-69],[-37,2],[-25,74],[77,65]],[[93211,81094],[-25,65],[56,-29],[-1,-34],[-30,-2]],[[88283,83196],[27,30],[-57,-82],[30,52]],[[88228,83261],[5,-98],[-21,-2],[16,100]],[[96682,83247],[14,-25],[-186,209],[172,-184]],[[88102,83577],[-27,-107],[-49,15],[-63,-30],[39,64],[100,58]],[[88345,83542],[46,-13],[-56,-59],[-6,-79],[-75,-99],[-65,147],[-72,-59],[95,240],[107,-27],[-19,-83],[45,32]],[[96295,83368],[0,-44],[-46,83],[-85,69],[-56,160],[-68,43],[54,39],[87,-19],[-1,-103],[111,-177],[4,-51]],[[91867,85885],[16,-21],[-48,-49],[-38,-1],[70,71]],[[95751,85798],[-21,-64],[-128,-23],[-90,-77],[-99,-142],[-21,61],[54,33],[84,222],[-54,7],[157,62],[77,73],[41,-152]],[[57975,86558],[-24,-15],[-23,45],[47,-30]],[[59984,88925],[17,-42],[-41,31],[24,11]],[[59962,89285],[-34,-40],[-61,105],[73,12],[22,-77]],[[3032,89737],[25,0],[-23,-35],[-2,35]],[[61845,90271],[0,-44],[-60,49],[60,-5]],[[59452,91798],[105,-24],[-106,1],[1,23]],[[63978,91658],[-43,-80],[11,83],[-136,-153],[-130,-64],[-183,-28],[-103,95],[23,219],[167,134],[102,0],[248,-143],[44,-63]],[[97067,92060],[-58,-148],[-100,-14],[-312,152],[142,111],[328,-101]],[[66816,92042],[-18,-55],[-61,-19],[-192,15],[16,51],[-53,49],[-137,31],[54,-40],[-32,-8],[-89,83],[-79,148],[114,-26],[-84,76],[33,-9],[28,55],[79,30],[147,-161],[239,-137],[35,-83]],[[65865,92469],[6,-36],[-82,63],[76,-27]],[[95105,92539],[29,-15],[-69,0],[40,15]],[[94905,92603],[9,-24],[-58,52],[49,-28]],[[94644,92630],[12,-20],[-72,0],[-22,71],[69,-8],[13,-43]],[[64786,92847],[-62,-143],[-70,121],[-139,55],[-11,35],[87,31],[53,-22],[6,33],[77,-72],[-69,55],[2,-34],[126,-59]],[[88309,93044],[7,-36],[-69,-44],[-112,46],[15,-41],[-98,52],[63,34],[194,-11]],[[71743,93617],[22,-46],[-163,-97],[-250,2],[194,184],[197,-43]],[[85786,93676],[39,-35],[-89,-38],[-152,61],[202,12]],[[85643,93767],[188,69],[62,-4],[55,-65],[-58,-29],[-247,29]],[[72100,93741],[-46,-37],[-222,65],[160,164],[102,-101],[6,-91]],[[70756,93936],[66,-27],[-72,11],[-13,-127],[-156,98],[33,50],[142,-5]],[[83410,93933],[-14,-36],[-141,-3],[-24,54],[108,23],[71,-38]],[[71303,93982],[-17,-32],[-139,45],[156,-13]],[[69907,94006],[17,-112],[-98,84],[-254,-74],[-57,-7],[-41,36],[-2,-48],[-63,12],[53,114],[-30,93],[142,58],[133,11],[78,-31],[-69,-115],[86,-7],[41,58],[64,-72]],[[71321,94134],[-191,43],[50,17],[141,-60]],[[71089,94176],[-33,-40],[-85,-2],[13,28],[-62,-59],[83,90],[115,15],[-31,-32]],[[89853,94059],[15,-65],[-98,-18],[-462,71],[-201,64],[-229,-48],[-55,53],[39,30],[163,8],[176,228],[255,20],[149,-52],[229,-163],[19,-128]],[[84606,94402],[-20,-43],[-60,18],[23,39],[57,-14]],[[73431,94461],[7,-36],[-137,29],[130,7]],[[73197,94520],[28,-23],[-50,-25],[-172,33],[102,35],[92,-20]],[[72935,94544],[48,-35],[-34,-27],[-83,27],[69,35]],[[87849,94426],[-31,-46],[-221,220],[183,-90],[69,-84]],[[89193,94536],[-31,-94],[-152,-44],[-76,93],[16,86],[186,33],[57,-74]],[[82249,94655],[-2,-36],[-56,6],[14,38],[44,-8]],[[73575,94742],[-92,-28],[53,-36],[-93,26],[132,38]],[[81501,94706],[-52,-114],[-123,-91],[-170,29],[-196,101],[52,38],[85,-5],[44,104],[360,-62]],[[73760,94781],[-10,-63],[-71,7],[-19,48],[100,8]],[[73910,94770],[19,-35],[-136,-13],[40,59],[77,-11]],[[72114,94797],[-34,-49],[-95,53],[47,-10],[-20,39],[102,-33]],[[73673,94880],[-31,12],[106,27],[59,-47],[-134,8]],[[74174,95022],[7,-58],[-102,3],[65,-44],[-173,21],[-13,36],[87,-13],[-11,52],[26,-21],[114,24]],[[72844,95243],[-71,-114],[-32,79],[-50,-22],[-55,49],[72,58],[-4,-46],[56,6],[-12,57],[76,16],[-1,-47],[-42,3],[63,-39]],[[91896,95121],[36,-13],[-97,-143],[-248,-74],[-141,-4],[-288,26],[-583,252],[101,205],[93,-52],[-38,-39],[45,-42],[147,-9],[-44,7],[75,16],[-18,29],[287,-11],[57,-118],[143,30],[279,-25],[103,-75],[91,40]],[[87775,95330],[-3,-63],[-148,-24],[68,284],[136,-146],[-53,-51]],[[72807,95538],[32,-16],[-186,40],[154,-24]],[[73132,95577],[-115,-22],[-168,31],[283,-9]],[[90379,95338],[-177,-63],[-15,-60],[74,-31],[-71,-65],[-86,-62],[-105,-16],[-310,70],[-108,132],[11,58],[133,72],[-3,61],[-185,10],[21,-34],[-112,-1],[55,-16],[-55,-8],[120,-242],[63,-66],[263,-44],[23,-43],[-273,-24],[-56,-45],[-150,67],[109,-1],[-46,42],[-99,-3],[-493,-99],[-116,88],[-53,-28],[16,-43],[35,19],[-41,-70],[-102,-67],[-296,83],[-320,275],[-14,51],[50,15],[59,-30],[49,31],[-80,12],[42,110],[-63,71],[37,37],[151,-23],[-86,117],[165,46],[97,72],[15,-54],[28,71],[144,30],[-15,-54],[231,-101],[-3,-53],[193,-50],[-10,-87],[163,6],[-55,51],[28,171],[183,-13],[-87,99],[343,-186],[143,-32],[146,36],[100,-20],[395,-169]],[[76845,95756],[-14,-63],[-41,66],[-56,-39],[28,-57],[-300,65],[23,41],[62,-29],[67,37],[81,-41],[50,44],[100,-24]],[[81469,95812],[-48,7],[41,39],[50,-43],[-43,-3]],[[81099,95949],[107,33],[51,-21],[20,-103],[-178,91]],[[76797,96001],[-44,-40],[-118,-4],[95,55],[67,-11]],[[76569,95993],[51,8],[-85,-25],[-31,33],[65,-16]],[[77076,95977],[14,-39],[-59,15],[29,63],[16,-39]],[[91492,96028],[-48,-65],[-214,2],[121,60],[141,3]],[[76812,96297],[-81,-124],[-153,-22],[65,45],[-183,-23],[352,124]],[[74913,96340],[16,-67],[-124,-10],[-10,87],[118,-10]],[[79928,96368],[-6,-34],[-144,-21],[70,27],[-17,46],[97,-18]],[[79683,96435],[-94,-32],[58,46],[36,-14]],[[79917,96833],[-70,-48],[-17,28],[-277,17],[262,34],[102,-31]],[[79591,96900],[-94,-35],[-56,15],[133,72],[82,-20],[-65,-32]],[[79281,97090],[-174,-142],[-492,-46],[-99,-53],[-15,35],[-388,-18],[-326,-134],[-185,-1],[-28,47],[217,174],[93,235],[60,27],[157,-22],[-95,28],[23,102],[45,28],[155,-27],[-178,43],[16,41],[167,133],[167,-71],[16,110],[236,-71],[-215,-280],[150,136],[196,65],[231,-118],[34,-110],[50,45],[116,-26],[66,-130]],[[71559,97631],[-255,-26],[-179,99],[434,-73]],[[76007,97868],[33,-45],[-193,-81],[-314,-21],[111,45],[-347,54],[63,39],[-120,83],[254,1],[513,-75]],[[64262,97879],[33,-19],[-394,31],[141,8],[124,66],[96,-86]],[[77745,97354],[11,-55],[-144,-71],[-230,-23],[-315,20],[44,15],[-94,5],[-129,79],[-306,5],[-64,65],[-111,-42],[-67,17],[-137,104],[-6,133],[-90,-30],[-81,19],[82,20],[-84,28],[54,35],[-180,-95],[12,46],[-118,21],[118,-2],[247,129],[145,23],[-129,48],[202,118],[80,-48],[73,52],[186,-11],[394,48],[138,-68],[-242,-205],[136,36],[61,80],[125,-14],[50,104],[178,-5],[229,-131],[-93,-288],[-63,-43],[-118,28],[236,-147]],[[63911,97945],[-153,52],[102,44],[121,-30],[-70,-66]],[[65498,98276],[-101,41],[97,27],[208,15],[116,-53],[-172,-40],[-148,10]],[[62968,98211],[-168,-52],[-11,77],[-146,-31],[-183,57],[573,75],[60,54],[378,-25],[64,-108],[-185,30],[-87,62],[-108,-48],[20,-54],[-65,18],[-142,-55]],[[67283,98374],[-29,-110],[-114,-14],[-173,-107],[-216,48],[-186,-37],[-115,128],[131,106],[132,10],[-56,-26],[110,-11],[344,61],[172,-48]],[[66147,98356],[-88,16],[95,36],[214,6],[-9,-62],[-212,4]],[[65490,98357],[-247,-36],[-248,62],[205,25],[28,-21],[76,39],[247,-57],[-61,-12]],[[64357,98325],[-205,-110],[-339,-24],[24,-54],[-271,-8],[-59,-53],[114,-31],[-19,-51],[-123,32],[-23,-62],[-91,21],[-126,-39],[74,102],[-287,-31],[-77,59],[131,44],[37,-36],[268,16],[-158,39],[162,7],[-28,34],[-191,-5],[267,60],[54,-38],[172,9],[137,115],[-133,-15],[-56,47],[222,68],[166,16],[-104,-37],[237,31],[39,-43],[-152,-16],[-36,-54],[270,43],[104,-36]],[[72168,98467],[175,-19],[-31,-46],[-333,-31],[23,89],[166,7]],[[66292,98507],[-80,-56],[-145,65],[63,30],[162,-39]],[[65926,98420],[-330,133],[593,-113],[-124,-42],[-139,22]],[[65156,98479],[30,75],[236,-67],[138,20],[168,-36],[301,-114],[-180,-53],[-108,68],[-242,26],[-116,66],[-227,15]],[[64021,98522],[-31,32],[114,26],[53,-43],[-155,-47],[19,32]],[[75429,98571],[-100,-56],[-331,28],[-28,39],[49,24],[410,-35]],[[77151,98333],[63,-12],[-71,-33],[-163,2],[-31,-81],[112,-115],[-65,-53],[-738,-59],[-217,-78],[-468,101],[229,0],[-217,68],[328,-13],[-13,24],[-506,0],[67,44],[268,4],[-205,39],[244,33],[140,161],[-205,-25],[40,72],[131,30],[-27,37],[693,130],[-123,29],[187,10],[275,-195],[274,-69],[-2,-51]],[[65907,98728],[-146,15],[57,40],[232,24],[30,-45],[189,-42],[-215,-20],[-147,28]],[[67361,98858],[-110,16],[150,24],[322,-36],[-94,-41],[-268,37]],[[66193,98893],[-113,-3],[24,62],[396,12],[-13,-48],[-294,-23]],[[93009,80427],[19,-11],[-30,-100],[10,-65],[-37,-46],[-26,16],[1,48],[63,158]],[[66398,95579],[62,14],[-157,-46],[95,32]],[[66389,97895],[-57,36],[203,45],[72,-16],[-14,-77],[-101,-23],[-103,35]],[[65475,97966],[93,55],[-16,79],[287,16],[15,-162],[-379,12]],[[64617,98012],[-122,53],[107,8],[93,71],[108,-3],[147,-96],[-92,-40],[-241,7]],[[65980,97982],[-162,201],[542,-31],[105,-56],[-246,-6],[-87,-33],[106,-16],[-15,-40],[-101,24],[-20,-62],[-122,19]],[[64943,98178],[24,80],[107,-13],[18,-92],[-149,25]],[[66737,98503],[99,32],[303,8],[-199,-106],[-255,33],[52,33]],[[67436,98416],[103,49],[285,23],[71,106],[224,-33],[64,-122],[-243,-98],[-404,-42],[-173,74],[73,43]],[[65926,98600],[208,6],[-193,-53],[-110,25],[95,22]],[[65457,98597],[-51,72],[316,-36],[-74,71],[436,-51],[-358,-68],[-104,28],[-165,-16]],[[66267,98669],[126,45],[102,-42],[-92,-25],[-136,22]],[[67195,98830],[45,-33],[-115,33],[70,0]],[[61237,89026],[-72,-4],[-101,67],[99,10],[74,-73]],[[61151,89114],[-31,15],[83,7],[18,-82],[-70,60]],[[68671,91813],[25,10],[-59,-41],[-44,42],[78,-11]],[[68702,91901],[-20,-77],[-55,6],[26,64],[49,7]],[[68565,92373],[-68,46],[21,38],[47,-84]],[[68488,92460],[2,-26],[-38,173],[36,-147]],[[68499,92673],[-42,-54],[42,106],[0,-52]],[[92464,95690],[-28,-40],[-61,33],[77,32],[12,-25]],[[75572,96541],[-21,-25],[-33,24],[54,1]],[[66337,97858],[-157,13],[101,23],[56,-36]],[[65113,98070],[-70,-55],[-13,56],[83,-1]],[[65416,98089],[-126,-54],[7,44],[119,10]],[[65274,98145],[71,14],[5,-28],[-76,14]],[[65233,98154],[-125,-25],[65,52],[60,-27]],[[65228,98174],[-56,27],[74,12],[51,-28],[-69,-11]],[[63291,77173],[-24,-41],[-38,19],[62,22]],[[63332,78018],[-22,59],[11,47],[11,-106]],[[91397,85922],[30,9],[-10,-26],[-20,17]],[[2090,89061],[-12,-28],[-57,19],[69,9]],[[94970,91948],[-32,-61],[-31,51],[63,10]],[[97256,92016],[42,0],[-49,-49],[-40,23],[47,26]],[[73140,92611],[45,-39],[-46,-54],[2,-116],[-61,-47],[60,256]],[[77123,96038],[-52,-22],[-83,20],[135,2]],[[74735,96259],[-36,-94],[-71,60],[107,34]],[[54113,81123],[48,0],[-6,77],[51,11],[35,-34],[24,-102],[121,-19],[16,-39],[34,2],[3,-43],[97,23],[26,-44],[-63,-93],[40,-20],[88,-160],[99,72],[-34,124],[82,-32],[66,-79],[78,41],[11,-54],[-44,-31],[12,-33],[28,-7],[30,-70],[53,17],[-8,25],[81,-80],[74,0],[16,-111],[47,-26],[13,-92]],[[55231,80346],[-83,-16],[-42,-80],[-62,-48],[-24,-122],[-44,-21],[-52,-85],[-54,-29],[-89,30],[-28,-18],[-47,-132]],[[54706,79825],[-20,66],[-69,37],[-47,11],[-27,-43],[-75,9],[-75,74],[-38,-8],[-113,74],[-36,-28],[-2,32],[-37,9],[-18,-142],[-38,8],[-35,-115],[-60,38],[-37,-49],[-70,19],[-26,67],[-46,34]],[[53837,79918],[-57,104],[-42,-1],[-44,86],[-34,14],[-49,101],[-62,22],[-37,56],[-73,180],[39,94],[-77,80],[-47,156],[45,-34],[17,-55],[59,131],[85,32],[37,-23],[16,51],[42,3],[58,75],[22,-18],[30,64],[77,9],[143,90],[9,24],[-39,35],[13,32],[54,0],[19,-72],[22,5],[-4,-43],[40,-21],[14,28]],[[53837,79918],[-27,-141],[-73,30],[-14,-113],[-185,-152],[70,-153],[-27,-72],[50,-36],[-20,-112],[-62,51],[-5,65],[-73,-22],[-20,36],[-52,-7],[1,30],[-19,-73],[-154,-9],[-106,-112],[-72,-2],[-33,80],[-105,2],[-15,25],[0,-104],[-74,-72],[13,58],[-35,-7],[-38,104],[-45,28],[-30,-38],[-35,7]],[[52652,79209],[-102,78],[-129,14],[-1,36],[-43,25],[-47,-78],[60,-5],[-13,-39],[-91,19],[-152,-45],[-21,12],[14,18],[-20,-7]],[[51762,80315],[44,196],[-78,53],[-29,134]],[[51699,80698],[11,59],[60,61],[-10,88],[-46,21],[21,55],[-70,78]],[[51665,81060],[19,91],[-17,38],[-36,-5],[-6,45],[24,-7],[58,70],[-25,34],[41,142],[-76,206],[63,15],[-9,32],[61,-44],[129,81],[-38,51],[98,104],[6,78],[-20,49],[-72,6],[-12,46],[18,54],[83,7],[43,202],[1,142]],[[51998,82497],[17,43],[31,-9],[-18,17],[-73,9],[-5,59],[33,50],[-15,28],[61,57],[201,13],[38,-89],[-25,-49],[36,-33],[30,37],[-23,29],[11,50],[78,-40],[-13,-107],[17,109],[-22,89],[46,110],[58,-35],[115,20],[81,-153],[74,-33],[-69,40],[-53,126],[-38,31],[-76,7],[-19,23],[-23,57],[46,-3],[6,39],[-58,47],[42,79],[-79,-28],[-22,40],[27,12],[-13,27],[66,7],[35,51],[-90,132],[-8,92]],[[52405,83448],[216,-49]],[[52621,83399],[40,32],[67,-63],[35,13],[22,-126],[-52,-49],[84,9],[0,-96],[49,68],[114,-76],[113,43],[-19,-116],[-88,-77],[38,-50],[80,32],[19,-42],[59,-23],[65,144],[110,22],[8,-55],[-2,49],[118,175],[108,-31],[-83,-6],[-27,-29],[-24,8],[-20,-68],[25,-8],[6,44],[56,46],[1,-22],[47,-9],[50,44],[22,-89],[103,-108],[63,47],[27,-40],[-17,-39],[44,-54],[-24,-52],[61,-56],[59,3],[4,-35]],[[53962,82759],[49,-258],[-88,-231],[144,-157],[-27,-113],[60,-175],[-49,-158],[41,-83],[-6,-74],[65,-47],[21,-102],[-59,-238]],[[53947,82897],[-3,-35]],[[53944,82862],[-100,-16],[25,28],[-7,56],[40,-32],[1,37],[-30,36],[-15,-33],[-8,23],[-24,-16],[11,46],[-15,36],[125,-130]],[[51888,82704],[-12,-24],[-27,21],[39,3]],[[52088,82795],[30,-6],[-40,-14],[10,20]],[[53159,82922],[34,23],[-11,-35],[-23,12]],[[53126,83208],[16,-37],[-85,23],[32,47],[37,-33]],[[53805,83158],[18,-27],[-12,-38],[-20,10],[17,20],[-26,-8],[13,21],[-51,-9],[-34,-36],[14,-27],[-72,35],[0,50],[33,5],[-31,24],[32,32],[-36,35],[43,-14],[20,38],[-6,-35],[8,23],[15,-41],[25,14],[0,31],[-22,-8],[-20,32],[-32,-28],[-3,55],[49,17],[2,-60],[59,0],[-17,-75],[34,-36]],[[52360,83368],[19,-40],[-48,16],[29,24]],[[52322,83478],[8,-31],[73,0],[-96,-16],[-6,-71],[1,86],[35,100],[-15,-68]],[[52398,83245],[18,9],[-22,-38],[4,29]],[[56751,85160],[68,268],[-52,37],[-70,-90],[-36,44],[-67,14],[-17,105],[-49,22],[-1,77],[9,29],[95,14],[-123,-4],[26,32],[-28,63],[57,29],[-19,42],[-2,-47],[-40,32],[30,27],[-13,80],[72,10],[8,31],[89,-7],[-12,68],[52,-20],[-17,27],[48,40],[86,-20],[9,34],[27,-26],[8,69],[37,-36],[58,18],[74,-27],[37,25],[-16,78],[53,-60],[5,60],[36,-55],[45,34],[188,-47],[76,-59],[260,-24],[40,42]],[[57597,84964],[-133,57],[-104,-64],[-131,149],[-3,39],[-115,40],[-89,93],[-14,-51],[-38,48],[-219,-115]],[[56452,85527],[27,-36],[-47,20],[-121,-145],[-52,16],[-66,-35],[-26,-115],[-52,-45],[-15,40],[67,94],[-93,67],[1,45],[39,7],[-50,90],[45,1],[26,-52],[30,71],[21,-25],[14,48],[73,28],[18,-27],[76,17],[85,-64]],[[56494,85570],[-5,-27],[-39,1],[-44,52],[37,32],[51,-58]],[[56489,85828],[-18,-33],[-51,29],[69,4]],[[56192,85751],[-66,34],[113,10],[49,67],[27,-47],[55,-12],[30,-83],[-45,-5],[-10,-32],[-18,28],[-62,-79],[-35,95],[-38,24]],[[55848,84126],[-24,171],[11,86],[20,-67],[-24,84],[16,161],[92,104],[11,161],[85,164],[242,107],[16,-100],[131,-124],[37,-156],[120,-76],[72,27],[124,141],[-26,351]],[[55728,91592],[-145,-8],[71,-126],[-109,-151],[78,-37],[-76,-73],[-259,89],[-110,-2],[-57,42],[-77,-26],[8,-191],[-74,-130],[-167,77],[-150,-120],[-54,-156],[-128,-117],[87,-129],[-7,-85],[-274,-323],[15,-124],[-119,-71],[-143,-16],[31,-186],[-38,-279],[-242,-422],[126,-69],[14,-170],[-51,-92],[-202,47],[-70,-19],[-84,-59],[-142,-206],[14,-71],[-63,-107],[64,-166],[-36,-54],[-1,-185],[62,-173],[-42,-323],[125,-102],[77,-114],[-52,-175],[-125,-25],[99,-297],[-27,-212],[-102,-127],[-82,-15],[13,-91],[-61,-62],[37,-205],[-40,-190],[-59,-14],[-4,55]],[[53177,85807],[-19,63],[-52,9],[-2,46],[-40,-40],[-36,40],[-22,-19],[-14,51],[-10,-20],[12,55],[-30,2],[-22,66],[27,29],[-36,141],[26,75],[18,-68],[-8,100],[-60,-36],[39,-139],[-20,-42],[-29,-10],[-11,98],[-48,21],[43,-38],[0,-71],[-40,14],[67,-75],[10,-73],[-12,-32],[-31,14],[-15,-122],[-22,32],[-5,-57],[-53,10],[-1,-35],[-46,-10],[-18,55],[-68,40],[52,-60],[-10,-34],[-109,-43],[-7,-28],[50,0],[-12,-24],[-28,-31],[-66,2],[40,-12],[-43,-22],[36,-10],[-77,-34],[-1,-61],[-113,-140],[-72,-31],[-11,-46],[-42,-6],[-13,63],[-25,-81],[-93,-37],[-118,19],[-41,-33],[39,62],[-69,-28],[2,28],[-28,0],[51,23],[-59,24],[9,-36],[-22,0],[-2,40],[-10,-40],[21,-35],[-64,35],[87,87],[-46,-28],[2,60],[-17,-47],[-63,16],[-209,159],[-47,119],[17,116],[24,-18],[-21,65],[46,-35],[0,-64],[38,57],[67,-68],[38,-4],[-46,26],[17,44],[139,52],[-129,-31],[-35,-54],[4,54],[-48,39],[69,47],[-32,1],[45,64],[80,34],[-85,-30],[-19,22],[39,14],[-64,2],[13,29],[56,73],[83,28],[-85,-19],[14,71],[-37,-110],[-64,-59],[-10,52],[74,18],[-70,1],[-26,34],[-3,-44],[-42,-31],[38,12],[21,-45],[-69,-33],[-7,71],[-22,-80],[-20,73],[-10,-62],[-14,68],[-14,-41],[-27,116],[40,59],[19,-31],[21,83],[-20,-135],[41,99],[53,-38],[35,26],[-37,12],[19,31],[62,9],[70,55],[-80,-47],[-9,59],[-39,-51],[-51,47],[90,60],[11,57],[78,37],[-10,23],[-42,-31],[-8,52],[77,98],[80,28],[-32,-194],[36,174],[41,52],[84,19],[-57,0],[25,48],[-93,-90],[11,50],[-110,-76],[-34,48],[18,-53],[-34,-6],[6,-66],[-40,6],[-40,-66],[1,-73],[-32,-16],[-14,38],[30,19],[-21,-6],[-4,53],[23,20],[-69,-28],[46,40],[-30,0],[9,24],[-17,-20],[46,88],[-91,-150],[-16,50],[-36,-4],[25,32],[-39,7],[16,25],[-24,17],[43,26],[2,76],[48,-54],[49,-2],[17,31],[10,134],[-24,-8],[3,31],[-41,-74],[-85,-32],[-38,51],[38,-27],[-27,63],[-55,43],[141,-98],[-55,85],[84,57],[-19,18],[-94,-55],[-42,80],[33,-42],[11,66],[-35,-6],[1,37],[33,18],[87,-47],[22,46],[159,27],[44,-16],[-4,-28],[32,13],[-1,-33],[68,95],[99,-51],[15,-45],[-38,-42],[49,16],[15,-59],[16,51],[-45,82],[62,27],[59,-22],[-21,29],[93,46],[-85,-19],[-21,51],[72,114],[-86,-51],[12,-134],[-98,-30],[14,41],[-124,24],[40,103],[-74,-166],[-72,39],[-60,-11],[21,23],[-64,-28],[-6,24],[-100,-68],[-64,15],[10,22],[-47,26],[53,-3],[-73,24],[21,12],[-23,17],[61,39],[33,-52],[-17,55],[104,8],[-130,-3],[-29,-19],[-17,31],[31,31],[-45,-9],[65,33],[173,-9],[-174,30],[-11,26],[61,4],[-59,19],[78,-3],[-44,15],[20,16],[-103,-4],[5,64],[50,-13],[6,25],[-31,3],[88,79],[78,-14],[19,-22],[-35,-19],[90,17],[-12,-61],[26,56],[52,-40],[-34,40],[116,-18],[32,38],[52,-17],[12,20],[-40,12],[-34,-11],[-22,-30],[-207,37],[64,16],[-148,12],[-75,-24],[-5,43],[73,28],[-81,51],[-9,44],[29,16],[78,-119],[36,36],[-56,32],[18,39],[82,-59],[-23,47],[66,11],[-17,-98],[31,69],[26,-41],[88,-4],[-77,27],[-45,67],[38,-12],[-24,44],[92,53],[62,-152],[-37,161],[46,-19],[-6,32],[46,24],[47,-20],[31,-83],[-9,-99],[64,0],[-58,7],[14,88],[50,-9],[28,18],[29,-29],[-11,24],[-23,14],[-36,-6],[-57,22],[5,29],[-51,59],[-152,-16],[120,24],[-115,20],[1,38],[75,13],[21,-31],[40,54],[45,-47],[-8,40],[57,4],[9,-67],[9,55],[107,-72],[65,40],[-88,0],[17,58],[87,33],[87,-23],[-21,51],[-198,-47],[89,55],[-197,-40],[11,52],[57,0],[-55,15],[-30,51],[91,49],[73,-60],[47,40],[31,-4],[-24,-35],[77,37],[51,-93],[108,-91],[0,37],[-100,73],[-10,59],[-75,34],[58,58],[67,-79],[0,-53],[104,-34],[-80,79],[70,12],[-31,24],[-50,-28],[-16,15],[42,12],[-64,3],[-20,52],[33,-23],[-14,43],[113,-23],[-18,37],[102,22],[-89,-7],[-41,54],[80,32],[-26,41],[58,-14],[39,40],[36,-52],[-16,-47],[107,63],[-72,-18],[-10,36],[84,27],[-76,-13],[-14,28],[93,40],[22,-21],[-23,28],[58,32],[72,-125],[-35,-57],[50,19],[64,-21],[4,-34],[-4,45],[-52,16],[10,38],[196,-12],[30,22],[-41,35],[46,49],[-74,-31],[21,38],[201,101],[-12,35],[-88,5],[108,85],[-64,18],[30,46],[-219,-178],[100,52],[39,-36],[-46,-61],[-230,-128],[-45,4],[-35,86],[85,60],[-154,-59],[2,35],[63,24],[-65,3],[91,52],[-22,11],[112,32],[-71,-12],[52,40],[-53,-16],[17,86],[54,-4],[-7,56],[57,-8],[-32,35],[65,28],[-6,36],[25,-16],[-16,24],[41,-8],[-43,41],[37,-18],[-7,32],[70,-43],[-55,43],[51,8],[-5,26],[37,-14],[0,67],[57,-91],[50,-8],[-33,-63],[52,75],[68,16],[-60,-8],[19,47],[76,28],[-40,-8],[-7,26],[-26,-32],[-34,77],[124,51],[-55,16],[40,8],[-39,4],[27,24],[89,43],[44,-12],[-47,20],[-40,-14],[-180,-124],[46,47],[-49,13],[124,43],[-126,-32],[50,39],[36,-15],[-16,24],[90,23],[44,51],[60,-43],[-1,32],[124,47],[81,104],[-119,-96],[-37,4],[36,28],[-40,15],[100,16],[-130,-12],[70,79],[54,-24],[-59,67],[65,-43],[-23,35],[42,16],[-48,0],[-10,75],[-17,-45],[6,41],[-26,-31],[-24,43],[39,75],[81,-55],[-63,66],[44,21],[-29,26],[19,53],[46,23],[91,-64],[-69,80],[32,51],[-103,-12],[238,103],[2,-75],[80,21],[-50,42],[92,10],[47,55],[-306,-88],[34,45],[103,29],[-62,38],[-23,-45],[-53,13],[35,85],[-53,32],[36,12],[34,-51],[38,1],[-28,38],[114,-4],[-59,28],[74,24],[-135,-33],[3,38],[43,6],[-59,24],[99,-16],[-90,43],[130,-13],[55,26],[-88,-13],[4,28],[46,0],[-59,24],[125,-8],[-124,76],[119,42],[-4,-39],[28,77],[25,-51],[34,51],[82,-24],[4,23],[-87,14],[26,44],[17,-29],[10,25],[60,4],[19,-24],[-6,25],[-58,11],[25,14],[104,6],[-24,-36],[28,-31],[-17,31],[45,35],[81,-33],[23,-49],[-25,75],[101,-16],[-189,43],[29,36],[-136,-54],[2,35],[-98,-21],[81,103],[56,-24],[63,40],[-63,0],[-27,24],[92,51],[28,-24],[-42,16],[1,-44],[-50,-7],[52,-4],[44,30],[-11,-58],[81,36],[49,-116],[27,13],[-48,94],[103,52],[-176,-19],[-7,35],[54,-14],[1,30],[-72,3],[34,59],[99,-23],[-71,35],[116,-37],[-35,69],[-79,0],[-11,39],[-52,-86],[-96,-42],[-31,10],[42,23],[-23,17],[90,7],[-80,12],[-16,31],[92,20],[-71,-3],[42,29],[53,-6],[2,-31],[94,51],[-1,-39],[61,57],[30,-30],[56,63],[-45,34],[-83,-17],[-15,21],[-41,-46],[-33,24],[101,76],[26,-38],[-30,-28],[60,24],[37,89],[35,-52],[-17,-75],[123,-133],[-78,118],[72,-60],[-36,59],[58,-23],[-43,56],[83,7],[-52,27],[-59,-15],[35,55],[49,-12],[-38,36],[-78,-15],[51,21],[-58,42],[182,-104],[-65,83],[-97,43],[132,32],[42,-48],[78,29],[57,-119],[24,40],[-47,98],[91,-27],[-59,31],[141,-12],[-112,32],[21,47],[-138,-55],[-17,44],[-38,-36],[-88,-6],[-19,42],[43,13],[-6,56],[101,43],[52,-42],[-13,34],[41,19],[119,-37],[-123,55],[63,35],[89,-39],[-87,48],[99,36],[-29,23],[-82,-20],[65,125],[137,22],[-42,76],[73,116],[66,-68],[0,-78],[17,75],[36,-58],[12,35],[77,-22],[-155,97],[5,35],[105,21],[45,-89],[102,-44],[-56,-39],[92,-14],[-45,86],[-64,4],[-32,45],[18,40],[54,-6],[-9,26],[-65,-16],[-14,43],[84,93],[149,16],[-70,-232],[43,25],[16,97],[102,-16],[-71,24],[-9,49],[96,133],[9,-48],[19,62],[41,-44],[-11,-174],[-119,-188],[148,182],[103,-47],[-100,75],[-3,79],[84,22],[2,45],[83,39],[-55,-55],[35,-37],[42,50],[3,-32],[42,121],[210,-167],[-48,118],[30,24],[8,-28],[17,53],[-87,4],[83,48],[-105,-34],[-66,22],[4,44],[-80,19],[64,35],[14,-35],[17,65],[90,-100],[-19,63],[50,38],[36,-52],[53,31],[-9,-87],[79,-5],[-65,23],[21,53],[157,-30],[-30,-46],[-154,-51],[198,63],[22,-111],[103,18],[20,22],[-101,39],[63,28],[-29,15],[35,16],[-50,12],[80,16],[-61,8],[84,27],[-42,8],[14,27],[112,83],[120,-30],[-68,49],[69,86],[103,-40],[-19,50],[-114,44],[42,47],[67,-50],[-8,110],[59,-36],[59,36],[-32,-56],[42,-12],[24,38],[25,-73],[33,106],[48,-31],[-26,-46],[61,31],[73,-19],[-237,-207],[48,14],[-51,-22],[63,-19],[-86,-131],[7,-95],[25,51],[5,-41],[39,11],[80,113],[-28,26],[326,349],[22,-122],[-97,-51],[87,-4],[-42,-160],[85,67],[81,-6],[-31,66],[76,1],[-43,83],[61,8],[-2,46],[85,-11],[-137,84],[59,-5],[-26,49],[83,-41],[27,99],[20,-39],[100,-11],[30,26],[4,-59],[96,-6],[-79,-102],[-140,-2],[3,-28],[99,-4],[-133,-75],[176,65],[-14,-60],[-107,-76],[10,-32],[17,36],[67,8],[-16,-36],[57,44],[-48,-78],[2,-142],[-43,-37],[57,47],[8,151],[85,51],[-43,26],[62,75],[-19,41],[67,71],[73,6],[96,-57],[-27,-76],[109,52],[-5,-71],[118,52],[-2,-36],[69,-30],[-96,-33],[161,2],[57,-70],[45,17],[36,-95],[-147,-21],[-108,-102],[-418,64],[-7,-43],[293,-80],[-89,-63],[105,28],[-71,-142],[151,66],[-25,-51],[37,30],[31,-30],[-5,111],[64,-24],[-10,-99],[25,83],[74,-23],[34,20]],[[58042,91587],[-28,101],[137,150],[-55,115],[-206,80],[-150,157],[-70,-7],[-143,-93],[-166,10],[-84,-117],[-54,-15],[-74,-271],[16,-130],[-47,-69],[-118,-35],[-19,-95],[-63,-52],[-272,149],[-54,-58],[-149,-56],[-35,36],[-184,19],[-214,321],[-90,12],[-60,-30],[-7,-117],[-91,39],[-34,-39]],[[53944,91177],[0,-39],[-44,37],[44,2]],[[53896,91146],[36,-4],[-13,-28],[-93,-27],[18,-27],[-39,-24],[-39,28],[-13,-46],[-16,18],[37,51],[-30,-16],[0,32],[38,23],[-33,9],[38,30],[46,-15],[33,42],[30,-46]],[[54100,91280],[-26,53],[92,-18],[-66,-35]],[[51465,85984],[6,-75],[-25,-15],[-6,157],[25,-67]],[[51474,86249],[-5,-44],[0,39],[-27,-3],[-11,-88],[-14,159],[57,-63]],[[51524,86308],[-2,-42],[-33,-14],[-29,64],[13,59],[51,-67]],[[51560,86430],[6,-91],[-36,-9],[-41,55],[71,45]],[[51419,86503],[-45,34],[25,31],[-19,75],[39,-140]],[[51382,86690],[-5,20],[53,-34],[12,-47],[-60,61]],[[51579,86777],[-3,-117],[-48,-21],[-50,64],[101,74]],[[51377,87066],[7,-42],[-50,-34],[11,87],[14,-34],[18,23]],[[51351,87476],[99,-24],[-85,-39],[-31,35],[17,28]],[[51593,87701],[12,-42],[-69,-6],[9,54],[48,-6]],[[51663,87768],[25,-32],[-74,-55],[1,81],[28,25],[20,-19]],[[51903,87969],[17,-27],[-67,-25],[3,43],[47,9]],[[51897,88024],[31,0],[-16,-38],[-15,38]],[[52160,88163],[38,0],[-38,-36],[-27,20],[27,16]],[[52122,88147],[18,-28],[-50,-35],[-42,24],[7,43],[46,-24],[5,56],[16,-36]],[[52253,88253],[21,-47],[-59,-8],[-11,25],[49,30]],[[52356,88258],[23,-40],[-40,-10],[-44,41],[7,26],[30,-29],[9,35],[15,-23]],[[52198,88313],[23,0],[-61,39],[81,36],[23,-65],[-44,-26],[-22,16]],[[52538,88442],[-176,-76],[-62,12],[37,59],[86,5],[-44,26],[107,26],[52,-52]],[[52322,88502],[-25,8],[148,75],[-3,-68],[-120,-15]],[[53135,89013],[38,-11],[-2,-38],[-66,20],[12,35],[-50,18],[7,30],[61,-54]],[[53080,89211],[-73,-30],[76,59],[46,-34],[-52,-33],[3,38]],[[53011,89197],[-36,-8],[106,69],[-70,-61]],[[53395,89339],[21,-16],[-40,-24],[-49,16],[59,75],[9,-51]],[[53458,89513],[11,-23],[-121,-96],[76,142],[-36,4],[21,62],[49,-89]],[[53334,89664],[-24,-57],[-38,10],[12,49],[50,-2]],[[53527,89842],[57,10],[-149,-71],[34,57],[58,4]],[[53492,89887],[-77,-35],[74,119],[3,-84]],[[53964,90515],[-32,-95],[-16,35],[-30,12],[78,48]],[[53626,91052],[19,-89],[-41,14],[10,-52],[-63,-39],[75,166]],[[53688,91069],[44,-1],[-55,-81],[11,82]],[[54166,91205],[-73,-63],[-5,47],[-29,-65],[-116,-41],[30,92],[53,-4],[-31,39],[57,-5],[18,37],[15,-29],[15,32],[6,-46],[32,46],[76,12],[-48,-52]],[[54561,91278],[-2,-42],[-81,-23],[19,79],[64,-14]],[[54736,91466],[26,-27],[-84,-26],[44,77],[14,-24]],[[54779,91509],[31,15],[34,-30],[-49,-42],[-50,69],[55,-32],[-21,20]],[[54591,91411],[-9,-97],[-109,-9],[-46,-91],[-19,66],[-65,-110],[-83,16],[76,83],[-19,20],[-151,-148],[54,104],[45,16],[-39,55],[115,32],[-53,55],[76,-4],[-71,39],[50,32],[2,75],[73,3],[-40,-129],[63,16],[-69,-135],[33,60],[40,25],[22,-22],[-14,42],[50,14],[-32,55],[52,5],[-8,36],[83,-45],[-7,-59]],[[54601,91553],[-25,-48],[-59,48],[84,0]],[[53999,91375],[35,85],[28,-41],[1,54],[16,-42],[44,23],[17,-21],[13,61],[15,-42],[12,34],[30,-20],[-41,84],[35,28],[29,-108],[40,16],[-31,-32],[28,-73],[-86,-53],[-62,8],[-2,30],[92,33],[-39,40],[-34,-52],[-62,16],[-17,-48],[-51,-7],[-10,27]],[[54313,91521],[-27,-17],[38,128],[156,118],[-15,-90],[-88,-86],[-64,2],[0,-55]],[[55019,91823],[-53,-108],[30,-36],[-139,-19],[-4,26],[-95,-108],[-6,42],[-92,-9],[110,76],[-76,-4],[68,36],[-66,24],[62,7],[-57,48],[132,-16],[-33,27],[59,9],[-70,15],[-16,28],[37,-24],[7,44],[84,-44],[-49,79],[52,-52],[1,52],[26,-34],[29,27],[-8,-80],[32,43],[29,-15],[-30,-39],[36,5]],[[55277,92048],[16,-37],[-73,-51],[-7,-60],[-160,-23],[-48,26],[3,33],[72,-24],[31,28],[-60,39],[124,-4],[-78,16],[9,39],[33,-27],[42,31],[30,-67],[-23,114],[89,-33]],[[55821,92149],[39,4],[-71,-42],[-11,57],[43,-19]],[[55449,92157],[-68,-112],[-70,-20],[-108,82],[132,97],[51,-62],[40,38],[23,-23]],[[55775,92200],[-53,-28],[-7,38],[-45,-20],[41,91],[69,-7],[-5,-74]],[[55550,92232],[48,-20],[-105,-26],[-63,109],[35,19],[85,-82]],[[56367,92322],[22,-32],[-155,25],[-18,32],[35,-13],[-9,32],[56,11],[11,-36],[12,33],[46,-52]],[[56571,92437],[-77,-107],[-77,-20],[9,76],[-27,-43],[-39,64],[83,58],[23,-44],[8,43],[64,-3],[-21,46],[54,-70]],[[56685,92528],[9,-42],[-97,-37],[-12,129],[100,-50]],[[56228,92441],[-38,18],[-37,-40],[50,81],[-81,-11],[-15,39],[119,-20],[-9,47],[30,-19],[14,24],[51,-66],[-1,84],[69,-50],[59,43],[-32,44],[73,-19],[8,49],[27,-54],[-83,-44],[-19,-62],[-185,-44]],[[56686,92701],[48,-4],[-62,-22],[-17,64],[73,-18],[-42,-20]],[[57259,92745],[-17,-37],[-144,-27],[-38,32],[40,20],[-75,6],[50,43],[68,-29],[-45,51],[31,14],[39,-40],[62,12],[-20,-66],[49,21]],[[53576,90008],[-14,-40],[-35,15],[26,39],[23,-14]],[[53594,90108],[-11,-60],[-23,50],[34,10]],[[54248,90964],[-93,-3],[40,34],[53,-31]],[[54212,90987],[18,29],[16,-34],[-34,5]],[[54165,91514],[-42,-9],[8,25],[34,-16]],[[55750,92083],[1,-41],[-42,-10],[2,55],[39,-4]],[[58339,92050],[-86,-39],[36,83],[50,-44]],[[55503,92148],[-26,-79],[-79,-14],[105,93]],[[55185,92163],[15,51],[23,-33],[46,14],[-75,-57],[-9,25]],[[55345,92263],[-19,-50],[-50,21],[48,60],[21,-31]],[[47788,92824],[-12,-82],[-171,-43],[-128,-84],[-10,36],[167,80],[53,77],[101,16]],[[55322,94753],[34,-47],[-58,-55],[-79,75],[103,27]],[[56784,96654],[-331,-324],[-226,3],[1,94],[99,71],[-56,-24],[-36,37],[-71,-42],[-369,-28],[3,65],[95,23],[124,178],[-218,96],[32,31],[548,68],[140,-57],[-101,-40],[4,-59],[141,-66],[87,-11],[101,34],[33,-49]],[[55840,96880],[-105,-14],[40,46],[-90,24],[54,43],[-133,60],[232,29],[44,45],[89,-32],[163,16],[52,-189],[-346,-28]],[[57505,97157],[-78,-42],[-83,104],[161,-62]],[[53372,96891],[0,-22],[-60,16],[-97,96],[-126,26],[-168,269],[134,-41],[72,-177],[52,12],[118,-58],[75,-121]],[[58177,97275],[74,-4],[-103,-27],[-129,35],[-213,-51],[-73,12],[160,71],[284,-36]],[[55582,97402],[204,-40],[-131,-35],[-88,27],[15,48]],[[55571,97547],[24,-23],[-123,0],[-21,32],[120,-9]],[[53064,97737],[-70,-29],[-19,37],[89,-8]],[[52977,97757],[-2,24],[83,-24],[-81,0]],[[55613,97122],[-124,-8],[-23,-63],[-199,-36],[38,-201],[-193,-48],[-29,-288],[-159,-15],[-109,-257],[-66,4],[63,-44],[-113,-106],[76,-56],[-106,-75],[-105,32],[-25,-29],[-16,78],[-218,97],[76,44],[115,13],[15,-25],[80,39],[-76,-4],[-63,53],[-40,-40],[-150,-4],[-85,73],[-164,27],[-149,203],[147,30],[75,-53],[92,42],[225,-21],[102,-52],[-104,80],[-307,49],[442,77],[215,-13],[-88,58],[61,36],[-90,-42],[-250,-18],[-64,26],[-129,-51],[-254,-4],[-61,-37],[-61,17],[-41,176],[103,23],[103,-75],[-27,74],[223,13],[72,61],[118,-2],[21,72],[317,5],[100,46],[-124,-27],[-144,39],[138,112],[-76,41],[-154,-136],[-156,-14],[-68,76],[75,37],[-23,114],[-111,-147],[-46,79],[-103,-32],[40,-71],[-57,-31],[97,-64],[-124,-2],[-59,-83],[6,26],[-42,-35],[-55,23],[30,-31],[-235,-5],[-34,82],[-145,81],[232,32],[-214,1],[-146,54],[-72,63],[71,55],[-154,64],[62,17],[261,-42],[-23,49],[-100,-13],[-106,55],[120,134],[-78,-3],[5,-41],[-72,48],[30,-81],[-144,-25],[-141,241],[141,11],[-91,20],[44,30],[123,-10],[-64,90],[83,-12],[82,45],[132,-104],[-25,99],[92,-52],[362,76],[16,-81],[-246,-26],[-156,-71],[278,13],[-53,-68],[55,-20],[44,24],[118,-124],[-44,160],[110,43],[69,110],[92,-20],[254,-306],[-25,-75],[55,28],[154,-144],[-221,530],[21,26],[117,-3],[-32,83],[144,18],[78,-98],[40,50],[85,-10],[230,-126],[-141,-103],[17,-103],[193,150],[148,-109],[-80,-103],[70,-4],[28,-56],[234,4],[33,-87],[454,-96],[-44,-108],[-192,20],[-31,-37],[-103,5]],[[59193,98037],[151,-4],[-225,-50],[-371,-21],[445,75]],[[55082,98065],[5,51],[122,-36],[-73,-36],[-54,21]],[[57547,97948],[10,-115],[-384,-142],[1,-106],[-179,-61],[-73,24],[-176,-39],[-65,-70],[-313,19],[-79,55],[70,59],[-577,-24],[-24,46],[-148,6],[-157,82],[160,20],[263,-44],[-189,67],[382,12],[138,47],[-152,-11],[24,31],[-862,-57],[-186,105],[154,60],[34,-21],[40,48],[-194,-5],[36,20],[-162,32],[71,31],[179,-18],[5,26],[175,-67],[71,36],[-168,110],[242,-71],[17,95],[-124,14],[53,55],[124,-73],[79,26],[129,-121],[276,34],[-69,-85],[130,-8],[60,-74],[82,182],[-67,49],[96,25],[19,-56],[9,108],[160,-49],[-66,-181],[33,44],[44,-30],[20,41],[27,-46],[66,29],[-11,72],[158,-13],[-21,51],[73,-69],[86,58],[-14,-62],[160,20],[-24,-28],[132,-5],[-11,-31],[306,1],[101,-58]],[[55881,98286],[-41,20],[85,7],[-44,-27]],[[55731,98329],[-32,20],[128,-41],[-96,21]],[[50960,20508],[-26,-41],[4,41],[22,0]],[[51469,86430],[-10,-46],[-14,71],[24,-25]],[[51311,86987],[-4,-30],[-5,54],[9,-24]],[[51422,87554],[-13,-56],[-25,61],[38,-5]],[[52309,88220],[-29,-12],[-11,34],[40,-22]],[[53184,89030],[-31,-14],[4,41],[27,-27]],[[53152,89067],[-10,-30],[-40,34],[37,19],[13,-23]],[[53267,89336],[-26,-43],[-42,6],[68,37]],[[56899,92777],[-19,-39],[-43,17],[62,22]],[[51601,85880],[-4,-27],[-49,30],[53,-3]],[[51517,85933],[-6,-30],[-16,44],[22,-14]],[[51671,85980],[21,-18],[-37,-19],[16,37]],[[51346,86749],[-18,-20],[2,42],[16,-22]],[[51343,87352],[9,23],[9,-36],[-18,13]],[[55728,91592],[80,-32],[-1,-50],[324,-240],[204,-48],[72,-60],[27,-97],[39,14],[99,-113],[-50,-49],[20,-160],[-34,-58],[93,-38],[-51,-154],[117,-200],[-34,-139],[-63,-61],[2,-82],[139,-284]],[[56711,89741],[-65,-36],[-52,40],[-75,2],[-12,-39],[-15,33],[-49,3],[-26,-71],[-125,117],[3,-86],[-72,61],[-22,-74],[-32,15],[49,-51],[-29,16],[-26,-44],[31,-8],[2,34],[27,-74],[-178,107],[122,-103],[-97,-7],[49,-40],[-29,-36],[-121,-6],[-12,-21],[71,-41],[-22,-26],[-96,63],[92,-104],[-6,-58],[-96,-67],[-17,-67],[-40,-2],[75,-37],[-1,-59],[-44,39],[-6,-29],[64,-66],[37,8],[11,-34],[-50,5],[72,-46],[-178,-175],[-81,-207],[-17,19],[-19,-27],[-11,27],[-30,-81],[-20,42],[-4,-58],[-7,46],[-12,-48],[-47,9],[-12,-37],[-39,1],[-56,-99],[-67,74],[20,-84],[-62,30],[-67,-166],[-46,54],[-42,-11],[44,-32],[-34,-16],[14,29],[-26,7],[7,-43],[-53,12],[25,-37],[-49,-54],[-20,21],[8,-24],[-53,-9],[93,-24],[-49,4],[31,-35],[-31,4],[20,-19],[-27,-24],[-47,19],[21,-16],[-24,-37],[-52,10],[38,16],[-19,19],[-40,-22],[-29,105],[-38,-3],[84,-153],[0,-39],[-34,6],[53,-43],[-26,-21],[-9,32],[-26,-72],[-48,-1],[10,-30],[-40,4],[-38,56],[-26,-31],[13,-89],[76,-58],[-40,-8],[-46,-162],[43,-174],[-46,48],[5,-23],[-59,27],[36,-20],[-47,-31],[42,-16],[-54,-15],[36,-12],[-29,-6],[39,-59],[-32,-28],[47,-50],[-49,4],[32,-49],[-15,-124],[25,-4],[-25,-37],[49,-105],[-41,-43],[42,-40],[65,15],[27,-83],[84,48],[-2,-43],[82,-75],[-7,-32],[53,13],[0,-36],[49,-28],[-56,12],[-24,36],[73,-143],[20,43],[41,-82],[5,64],[24,-98],[47,-29],[-10,-35],[-41,54],[10,-44],[-53,-48],[95,-11],[-45,1],[-76,-97],[-103,-61],[11,-47],[-35,36],[-48,-29],[59,-51],[27,32],[42,-22],[4,56],[45,-60],[-99,-4],[37,-103],[-114,-57],[-33,-106],[-33,57],[0,-43],[-2,135],[-16,-39],[-14,67],[-19,-177],[-40,19],[11,-55],[-42,4],[6,-32],[-92,0],[33,-31],[-47,-6],[17,-26],[-31,-9],[-207,5],[169,-15],[42,-67],[-53,-36],[-93,28],[98,-63],[-38,-8],[22,-32],[25,14],[-26,-30],[33,-45],[-13,-36],[-45,42],[39,-188],[-40,10],[-27,60],[16,-60],[-31,4],[66,-91],[-78,87],[82,-110],[-38,4],[15,-47],[-31,-1],[47,-89],[-61,-113],[32,-133],[-40,4],[9,-158],[-31,-8],[3,-59],[-35,-11],[-109,-320],[-7,42],[-65,0],[-2,28],[-61,-39],[-20,28],[-158,-12],[12,-79],[-44,-12],[-12,27],[-61,-60],[-43,-122],[47,-125],[-50,-77],[-79,26],[-143,-52],[-153,21],[43,38],[-19,57],[38,85],[-37,32],[1,48],[-132,271],[101,-39],[-54,106],[75,20],[12,53],[-17,59],[-39,-1],[-37,100],[-67,59],[-71,180],[-12,128],[-22,-64],[-21,27],[4,131],[-23,23],[25,24],[-61,-3],[29,48],[-43,33],[29,36],[34,249],[-43,-4],[-61,-48],[45,103],[-22,-12],[-10,36],[-44,-115],[8,103],[-57,-56],[19,135],[-48,247],[57,52],[33,-62]],[[54756,84844],[-193,-634],[-3,211],[56,165],[31,19],[65,230],[25,31],[19,-22]],[[55288,85160],[13,-24],[-40,-56],[-37,3],[-12,-62],[2,-89],[43,-46],[-69,-47],[10,-39],[-86,-58],[-1,-80],[-64,-53],[33,104],[-25,-15],[-28,111],[22,70],[-14,97],[153,210],[35,-50],[13,51],[52,-27]],[[55353,85222],[18,-7],[-66,-64],[-4,67],[52,4]],[[53260,85270],[-2,-35],[-55,-28],[-7,55],[64,8]],[[53279,85369],[0,-61],[-97,-31],[-13,43],[70,52],[2,28],[38,-31]],[[55369,85448],[-22,-15],[-18,30],[40,-15]],[[55119,85961],[-24,23],[75,-23],[-51,0]],[[55152,86576],[-41,25],[-6,79],[47,-104]],[[55187,86008],[20,-5],[-19,-19],[-1,24]],[[55182,86104],[-30,-49],[-10,40],[63,28],[-23,-19]],[[55237,86158],[-27,-16],[46,48],[-19,-32]],[[55276,86278],[-29,-14],[19,45],[10,-31]],[[55055,85817],[-41,-28],[14,36],[27,-8]],[[54918,85808],[-6,-53],[-9,98],[15,-45]],[[55034,87936],[-27,-2],[4,40],[33,-4],[-10,-34]],[[56171,89559],[-2,22],[41,-29],[-39,7]],[[56378,89680],[3,-29],[-24,41],[21,-12]],[[56610,89701],[-17,-32],[-15,26],[32,6]],[[57724,86706],[-19,12],[4,-39],[-34,9],[-1,-29],[-43,20],[9,-28],[-76,32],[21,8],[-26,34],[-10,-42],[-37,19],[-23,-57],[-46,23],[-30,-39],[-59,39],[41,71],[36,-21],[-26,45],[-88,-159],[-27,43],[8,-28],[-37,-3],[-62,51],[53,-86],[-19,-21],[-55,59],[24,-90],[-49,43],[27,-31],[-32,-11],[-18,68],[-40,-22],[-6,-47],[-53,16],[-79,-72],[-8,37],[-14,-40],[-40,27],[-38,-51],[-32,32],[11,-56],[-41,-39],[0,32],[-37,-29],[2,45],[-145,-68],[-102,0],[32,67],[-86,-101],[4,-33],[-96,-17],[95,64],[22,50],[-60,-49],[41,67],[-62,2],[-3,53],[-15,-24],[-26,32],[57,118],[-155,-87],[35,43],[-53,-8],[46,78],[-92,-10],[-108,84],[-33,-29],[15,87],[-63,-81],[-9,45],[-48,8],[17,16],[-32,47],[32,24],[-39,55],[28,43],[-36,91],[51,0],[-11,64],[32,19],[-31,115],[35,7],[-42,40],[47,0],[-30,48],[65,-24],[-50,71],[-34,148],[-50,45],[43,128],[-33,117],[-15,-44],[-23,40],[21,103],[-40,8],[13,106],[77,58],[29,110],[54,-26],[-51,110],[66,-11],[42,35],[25,-67],[11,55],[42,-4],[55,52],[-50,78],[58,-23],[-36,55],[46,-23],[42,133],[56,-41],[31,93],[28,-18],[17,52],[98,41],[-6,76],[58,-17],[-8,46],[80,93],[22,-13],[17,82],[95,82],[54,158],[36,-9],[19,38],[99,36],[36,-55],[38,6],[0,45],[-47,32],[70,0],[-24,75],[-40,16],[39,207],[-81,77],[-107,10],[-35,74],[44,86],[-84,-83],[-68,31]],[[55971,86466],[44,11],[-12,-30],[-32,19]],[[56039,86497],[40,-8],[-46,-36],[6,44]],[[55931,86509],[26,-15],[-49,3],[23,12]],[[56127,86509],[-23,-43],[-11,23],[34,20]],[[56345,86527],[31,29],[-63,-165],[-21,15],[-15,-27],[-2,36],[-34,-29],[-13,68],[49,16],[-51,4],[9,41],[5,-21],[105,33]],[[56140,86568],[64,-22],[-71,-3],[7,25]],[[56218,86573],[-21,0],[46,0],[-25,0]],[[56110,86580],[-57,23],[7,57],[50,-80]],[[55942,86710],[14,-51],[-32,31],[18,20]],[[55906,86896],[11,51],[20,-23],[-31,-28]],[[55950,88258],[-50,-56],[-45,79],[45,-4],[12,-40],[38,21]],[[55921,88281],[-25,24],[33,20],[-8,-44]],[[56942,89299],[-48,-7],[-24,-53],[-48,50],[76,33],[44,-23]],[[56198,86498],[20,2],[-24,-28],[4,26]],[[56151,88260],[-21,39],[43,13],[-22,-52]],[[56335,88564],[-19,-34],[-16,25],[35,9]],[[79866,60301],[-8,58],[18,47],[-31,80],[40,19],[21,121],[-49,123],[-33,8],[-61,160],[10,49],[53,35],[16,86],[-38,-3],[-58,125],[-37,15],[-28,62],[-2,67],[-29,-63],[-20,13],[-9,82],[-27,42],[-5,190],[-31,4],[-35,166],[-28,-16],[-128,240],[-71,292],[-16,12],[-13,-29],[-55,90],[-24,85],[25,92],[-16,48],[-112,57],[-156,222],[-83,68],[67,106],[-25,113],[25,-16],[39,31],[107,-57],[17,67],[36,39],[-7,67],[47,50],[-12,104],[-69,21],[6,74],[-29,42],[-60,15],[24,55],[27,0],[20,64],[-145,182],[-86,-67],[-30,-109],[-65,92],[-26,-16],[-61,38],[-67,215],[-24,16],[21,29],[12,83],[-19,-14],[34,86],[-7,93],[-28,-18],[-11,75],[-16,-89],[-28,-13],[-16,140],[-32,32],[2,37],[-77,129],[-24,88]],[[79997,64207],[-17,-25],[-6,48],[-40,-4],[6,-35],[-42,-43],[-13,-52],[-18,32],[1,-29],[-31,17],[8,-23],[-23,-28],[3,-122],[-45,-21],[-4,-31],[-36,12],[23,47],[-34,-4],[-7,-47],[-41,23],[25,-47],[-19,16],[-2,-32],[-27,43],[14,11],[-7,28],[-43,-2],[31,-47],[-15,-33],[30,-118],[-40,12],[11,-22],[-18,-18],[-14,20],[10,-40],[-29,-30],[17,3],[-17,-63],[21,6],[-1,-99],[-26,19],[20,-44],[-53,-12],[-56,-126],[-20,-16],[0,39],[-6,-39],[-16,20],[-20,-43],[-7,-76],[-17,-12],[15,-3],[-36,-94],[5,-187],[-55,-169],[39,-115],[-1,-71],[4,55],[32,-143],[60,-145],[49,-31],[21,-84],[24,37],[25,-100],[-24,-39],[17,-99],[-59,36],[61,-52],[72,-200],[96,-142],[26,-97],[-17,-30],[21,23],[116,-185],[-53,36],[61,-56],[0,-31],[9,13],[40,-81],[-12,4],[4,-42],[23,-21],[10,44],[31,-4],[14,-63],[-11,-1],[42,-11],[-17,-39],[24,-34],[-9,-50],[17,4],[-4,88],[24,-4],[-18,-28],[4,-64],[36,-66],[58,-203],[18,-6],[-15,-36],[19,20],[21,-95],[15,59],[35,-103],[-25,-56],[13,-3],[21,-179],[28,-70],[-7,-87],[68,-396],[-1,-67],[-14,76],[-9,-49],[21,-159],[-24,58],[36,-95],[-9,-34],[-17,45],[-4,-53],[21,-23],[-13,-32],[10,-36],[6,31],[-3,-90],[45,-135],[-28,-42],[29,-97],[-6,-50],[-13,68],[-17,-16],[13,29],[-8,50],[-43,-87],[0,-55],[12,20],[-3,-37],[29,-82],[-12,-16],[-41,51],[25,-77],[-18,-17],[13,-44],[-11,-4],[31,-186],[-20,5],[-1,79],[-12,65],[9,-88],[-23,-65],[10,-23],[12,26],[10,-77],[-29,-95],[-32,36],[-1,-159],[-55,-19],[-25,-82],[-55,-16],[-64,-138],[-12,22],[-42,-19],[-30,-126],[-49,-4],[-153,-181],[-23,15],[8,12],[0,5],[-12,25],[-51,2],[12,26],[-1,47],[-13,53],[12,-90],[-10,47],[6,-60],[-14,-31],[-5,77],[-17,29],[-39,10],[-3,-84],[-42,-40],[44,8],[14,-105],[-102,18],[103,-89],[-16,-62],[-11,17],[-13,-63],[-16,4],[-83,162],[47,-131],[65,-80],[-16,-40],[-68,85],[-76,153],[126,-288],[-8,-89],[-44,-21],[-158,264],[105,-268],[-1,-99],[-181,-139],[-69,-196],[-53,-89],[-68,-39],[-38,27],[68,61],[-31,-4],[21,20],[-2,36],[-29,-22],[-12,27],[23,530],[10,65],[51,53],[10,-50],[-1,56],[-29,80],[-29,3],[-35,74],[-45,-47],[-31,130],[7,28],[-15,-23],[-6,23]],[[79013,57833],[33,63],[79,2],[59,105],[-15,98],[19,36],[66,-62],[26,71],[95,31],[35,-108],[15,39],[68,-75],[-16,92],[19,29],[-8,45],[-20,1],[-68,135],[8,88],[-19,105],[36,10],[23,73],[114,-62],[-9,177],[86,1],[19,55],[50,8],[72,130],[30,13],[27,-43],[27,52],[14,151],[-29,239],[41,200],[-1,75],[-44,164],[-4,116],[-21,10],[-10,67],[9,128],[32,62],[15,147]],[[79502,57373],[21,-44],[-25,38],[0,-22],[-28,109],[32,-81]],[[79645,57747],[8,-19],[-67,34],[59,-15]],[[79769,57859],[11,-22],[-34,-59],[-3,39],[26,42]],[[79704,57845],[11,-20],[-25,-20],[-2,69],[13,18],[3,-47]],[[79696,57898],[-15,57],[21,-19],[-6,-38]],[[79628,56866],[-24,-49],[-2,30],[26,19]],[[79582,57529],[10,-36],[-31,64],[21,-28]],[[78911,57805],[-9,-209],[-57,210],[25,-3],[19,49],[22,-47]],[[79687,57857],[-16,4],[6,-36],[-19,34],[-5,116],[26,-30],[8,-88]],[[79744,63812],[-14,-8],[4,-47],[-37,76],[13,23],[34,-44]],[[79677,63858],[9,-52],[-15,50],[-13,-11],[4,42],[15,-29]],[[79867,63875],[8,36],[-25,-91],[17,55]],[[79928,63939],[14,-20],[-15,-28],[1,48]],[[79869,63939],[-5,-56],[-33,-15],[38,71]],[[79883,64049],[-58,-88],[23,125],[35,-37]],[[79963,64152],[36,7],[-44,-31],[8,24]],[[80386,59090],[2,-25],[-24,32],[22,-7]],[[79013,57833],[-42,36],[-13,51],[-85,11],[-22,64],[-13,-90],[-33,11],[13,-31],[-34,-5],[-34,67],[18,63],[34,9],[9,88],[-13,97],[-40,57],[-18,-6],[-18,-154],[-35,28],[-41,-30],[-3,155],[-17,41],[27,56],[-25,74],[31,-12],[-10,48],[-7,-24],[-14,21],[-7,58],[-2,-36],[-21,9],[13,-5],[-2,50],[13,-6],[-15,27],[-5,-20],[5,38],[27,14],[-29,-8],[-24,67],[21,-67],[-4,-83],[-12,44]],[[78586,58540],[0,69],[-61,237],[19,149],[-78,139],[3,183],[-45,161],[1,167],[74,23],[-16,37],[44,53],[61,244],[61,78],[138,71],[11,-33],[58,-26],[81,36],[102,-25],[63,46],[57,-34],[20,-96],[38,76]],[[79217,60095],[43,-136],[54,31],[59,-44],[43,-95],[47,-4],[22,79],[-49,180],[56,2],[16,70],[52,-14],[26,71],[82,-159],[35,4],[26,66],[29,-4],[43,98],[36,-32],[29,93]],[[78828,57888],[3,-35],[-14,16],[11,19]],[[78693,58013],[-6,-34],[-22,52],[28,-18]],[[78621,58374],[-9,-59],[-5,98],[14,-39]],[[78703,57928],[-3,-22],[-9,39],[12,-17]],[[51608,80362],[26,61],[-46,143],[67,158],[44,-26]],[[65632,66592],[26,-59],[3,-315]],[[65329,64908],[-23,-48],[-707,183],[-268,657],[-7,102]],[[64324,65802],[7,74],[15,-95],[31,41],[11,-157],[36,-31],[115,25],[72,116],[22,-39],[90,14],[39,-25],[5,28],[25,-41],[53,12],[40,-42],[148,56],[85,85],[16,89],[25,0],[-44,51],[19,20],[27,-36],[25,91],[-8,48],[122,154],[56,141],[12,-34],[-7,47],[47,74],[22,96],[-1,-28],[22,3],[93,166],[-2,-30],[34,167]],[[64904,65746],[53,67],[33,-59],[-86,-8]],[[64603,65853],[11,17],[11,-28],[-17,-41],[-5,52]],[[64811,65806],[-38,14],[50,19],[14,53],[7,-41],[-33,-45]],[[65106,65908],[-14,17],[17,31],[21,-57],[-24,9]],[[65073,65824],[-22,25],[13,12],[9,-37]],[[65090,65869],[-5,-34],[-8,30],[13,4]],[[50700,81255],[230,166]],[[50930,81421],[12,-74],[60,25],[55,-49],[87,38],[28,55]],[[51172,81416],[21,-57],[-10,58]],[[51183,81417],[42,-7],[-10,49],[30,19],[41,-33],[41,45],[12,-47],[-17,0],[41,-13],[33,49],[52,-126],[77,16],[21,-45],[73,-29],[-57,-188],[23,-44],[80,-3]],[[62897,75958],[-33,-77],[-34,-9],[-3,-49],[37,-93],[104,-121],[-18,-98],[-35,-40],[-79,90],[-54,-21],[-55,26],[-37,50],[16,22],[-78,55],[-59,8],[-69,-88]],[[62500,75613],[-50,-10],[7,-37],[-65,8],[-17,-27],[-103,31],[-119,-70],[-87,-1]],[[62066,75507],[-16,46],[-42,-8],[-36,44],[23,28],[-88,116],[-28,3],[10,43],[-60,0],[-34,-85],[-143,42],[-38,-48],[-81,53]],[[61533,75741],[61,136],[9,91],[-88,464],[-85,47],[-35,112],[-25,-4],[-22,46],[-144,45],[-33,103],[-64,40]],[[55713,75948],[43,-4],[24,131],[80,59],[56,-60],[19,76],[54,13]],[[55989,76163],[196,71],[21,-32]],[[56206,76202],[52,-106],[85,-64],[48,-161],[-26,-232]],[[56365,75639],[-46,-12],[-13,-101],[-16,23],[-54,-38],[-112,22],[-39,-32],[-40,-100],[-51,-33],[-49,25],[-122,-34]],[[55823,75359],[-7,33],[-62,3],[-60,186],[11,95],[-27,86],[26,20],[-10,86],[19,80]],[[55823,75359],[15,-168],[-69,-79],[-34,-189],[-97,-61],[27,-97],[-32,-9],[-10,-81],[-68,18]],[[55555,74693],[3,99],[-29,23],[-12,80],[-107,97],[-52,119],[51,-41],[1,61],[-25,51],[13,-21],[6,27],[-19,-1],[-23,58],[28,97],[-7,50],[17,24],[0,-44],[23,28],[-8,47],[-13,-40],[-2,121],[21,65],[-35,90],[35,58],[-21,41],[47,12],[-15,32],[10,91],[-63,19]],[[55379,75936],[2,145],[-27,50],[96,239],[28,23],[22,-102],[73,45]],[[55573,76336],[48,-131],[73,-62],[27,-145],[-8,-50]],[[63494,75932],[128,-248],[43,-206],[95,-155],[0,-77],[77,-51],[66,11],[51,-51],[43,-150],[-45,62],[-68,-11],[-25,26],[-112,-124],[-19,-256],[-38,-108],[34,-78],[0,-56],[-38,27],[-19,-174],[-35,-41],[20,69],[-30,59],[-22,-5],[-11,-139],[-25,-37],[12,-252]],[[63576,73967],[-74,-21],[-54,127],[-29,-10],[-24,70],[-59,58],[13,73],[67,39],[-54,145],[65,64],[-106,189],[-238,-230],[-22,-68],[-43,-14],[-98,-163]],[[62920,74226],[-6,115],[-27,65],[58,12],[-68,112],[37,32],[9,51],[-50,37],[-45,-15],[-122,200],[-46,17],[17,32],[65,-9],[29,123],[-125,125],[-43,135],[63,108],[-51,57],[1,32],[-97,26],[-1,28],[37,18],[-46,32],[-9,54]],[[62642,75216],[6,33],[-17,-11],[11,-22]],[[62815,74215],[-194,81],[-35,113],[-44,7],[-96,246]],[[62446,74662],[-9,36]],[[62437,74698],[72,39],[32,-59],[0,-53],[31,14],[48,-64],[98,35],[-8,-104],[63,-69],[-7,-56],[49,-166]],[[55573,76336],[11,61],[-19,57],[41,-5],[45,49]],[[55651,76498],[36,16],[-4,54],[51,59],[-11,84],[60,34],[5,-50],[70,-46],[47,-117],[41,-23],[-8,-59],[107,-43],[-41,-163],[-28,-26],[13,-55]],[[62066,75507],[78,-198],[-4,-87],[-41,-77],[45,-178],[-15,-34],[102,-59],[81,15],[125,-191]],[[62446,74662],[-67,73],[-30,-39],[-20,-164],[-103,-23],[17,-100],[30,-32],[-9,-104],[34,-70],[4,-265],[47,-26],[-71,-254],[109,-104],[-15,-48],[7,-107],[65,-89],[-10,-87]],[[62434,73223],[-43,21],[-90,-120],[-29,68],[15,86],[-41,43],[-27,1],[-50,-65],[-92,25],[-101,73],[-50,-29],[-43,32],[-61,-132],[-57,-21]],[[59975,72518],[18,58],[-52,174],[118,194],[-7,83],[-47,72],[-60,-87],[-55,-20],[-7,-32],[36,20],[-24,-22],[20,14],[-20,-59],[-37,6],[11,-18],[-51,-24],[-182,157],[-115,-130],[-89,-215],[-24,58],[-51,-102],[-11,32],[-27,-38],[-109,6],[-98,-64],[-122,87],[-96,212],[-189,151],[-182,48],[-32,-63],[0,-146],[-40,-174],[-53,48],[-156,-107],[-14,43],[-59,40],[-17,-20],[-70,91],[5,93],[-28,-3],[23,68],[-44,49],[-31,-85],[-22,54],[-35,1],[-3,68],[-35,-9],[-9,48],[-21,-17],[5,-38],[-33,4],[11,19],[-16,10],[10,-73],[-72,-89],[-21,22],[36,24],[-34,25],[42,18],[0,47],[-56,-35],[-55,9],[-13,-57],[-74,5],[-14,27],[81,54],[106,-14],[4,90],[34,-15],[13,51],[33,21],[-213,-37],[-52,32],[-31,-38],[-3,93],[86,1],[-10,39],[23,4],[2,43],[-43,-13],[8,43],[-26,-2],[3,51],[-22,-35],[-39,3],[5,138],[-54,40],[66,45],[-3,141],[-73,44],[-29,-17],[-31,104],[-35,-7],[-11,-58],[-57,91],[-10,-19],[-33,26],[16,56],[26,-30],[35,66],[-35,12],[-10,104],[15,25],[63,-91],[-12,-58],[24,-65],[8,71],[26,-41],[102,55],[-64,-11],[-33,62],[21,-20],[-12,52],[-36,31],[0,40],[52,8],[-2,47],[46,40],[-6,31],[-65,6],[19,81],[-44,99],[-30,7],[89,122],[2,50],[-240,-57],[23,100],[3,187],[40,27],[27,100],[91,121],[71,-9],[82,46],[2,-36],[44,-48],[86,-4],[34,41],[-56,63],[22,24],[76,-36],[-36,-43],[11,-20],[112,22],[195,-21],[23,48],[-60,12],[-35,47],[54,53],[143,48],[17,-22],[105,26],[-76,28],[-80,-16],[-34,31],[2,34],[-71,93],[45,117],[269,-52],[40,41],[153,-78],[111,7],[45,56],[3,74],[210,170],[28,62],[295,172],[381,-42],[91,84],[16,-36],[38,-3],[-28,-10],[-7,-45],[57,-123],[78,-49],[105,61],[-11,-52],[16,48],[20,-16],[25,-59],[0,-79],[72,-118],[34,4],[29,64],[38,-5],[63,-41],[15,-65],[27,-20],[45,-4],[63,-59],[46,59],[26,-10],[31,-81],[121,-37],[305,112],[56,-60],[142,-49],[347,263],[36,77]],[[57782,76005],[8,-47],[-19,-2],[-2,-37],[73,-175],[243,-163],[-34,-134],[-100,-20],[-20,65],[-3,-53],[-105,55],[-62,-65],[-116,10],[-66,-164],[-168,-143],[-93,-148],[8,-26],[-55,-59],[26,103],[-14,58],[169,156],[-11,34],[-79,-36],[-115,4],[-13,77]],[[57234,75295],[87,130],[-10,162],[86,64],[-10,147],[-73,58]],[[57314,75856],[0,44],[54,20],[22,82],[92,17],[30,50],[63,5],[76,-110],[39,39],[36,-12],[-1,27],[57,-13]],[[57238,74776],[4,-31],[-26,29],[22,2]],[[57225,74965],[-68,-40],[-29,17],[73,67],[24,-44]],[[57682,75245],[21,-16],[-55,-13],[3,34],[31,-5]],[[57679,75134],[-18,3],[7,23],[11,-26]],[[48500,72522],[32,-7],[-16,-37]],[[49181,72180],[9,-31]],[[50397,76364],[5,-93],[72,40]],[[50883,76270],[2,-48],[36,-15],[-15,-48],[-40,-12],[32,-146],[-23,-69],[-238,-219],[-65,-110],[-297,-135],[-82,-146],[49,-33],[-7,-31],[-47,-63],[-24,10],[39,29],[-47,-25],[-211,-504],[-37,-135],[29,-212],[33,-101],[95,-112],[-207,-233],[1,-75],[-33,-26],[-38,-211],[-26,-31],[42,-71],[-61,-36],[-46,14],[-5,-28],[-60,17],[-97,-114],[-39,-90],[-24,-153],[-69,-122],[-60,62],[-55,-11],[-44,-79],[-59,41],[-110,-4],[-24,-29],[-118,33],[-157,-16],[-71,-125],[-67,-1],[-79,-55],[-42,-155]],[[48517,72647],[-6,0]],[[48511,72647],[-19,22],[-3,-67],[-48,-33],[-85,103],[-33,3],[-76,198],[22,-35],[14,23],[-56,64],[-16,63],[26,36],[2,51],[40,27],[-42,-17],[-12,-54],[-31,87],[-109,120],[11,74],[-31,-36],[10,-35],[-48,30],[-87,-18]],[[47940,73253],[-28,235],[67,216],[69,26],[22,101],[-44,-14],[-71,158],[25,167],[59,68],[23,91],[-11,48],[-40,5],[-28,61],[-15,142],[-68,128],[149,8],[39,182],[-45,99],[69,101],[-17,49],[11,239],[-35,91],[38,28],[44,117],[91,83],[32,92],[-45,53],[-49,-2],[5,120],[-23,54],[-123,-11],[-30,25],[-17,-61],[-62,-43],[-77,54],[-49,-24],[-3,33],[-39,-57],[-37,-3],[-14,54],[38,79],[-30,16],[-5,49],[-147,-107]],[[47569,76003],[-36,-43],[-4,130],[75,105],[-1,27],[-67,-53],[59,106],[-52,-21],[-28,37],[33,-4],[26,131],[-15,-28],[-15,24],[-48,-87],[-16,37],[11,65],[40,71],[-59,-43],[-10,93],[-44,3],[4,76],[48,49],[-28,-1],[10,29],[66,27],[-15,27],[41,32],[41,-26],[84,53],[10,-21],[6,33],[34,-54],[10,60],[-36,20],[37,23],[-45,-11],[5,55],[73,43],[-2,39],[42,32],[14,-56],[48,72],[-2,-38],[90,-27],[27,-69],[63,-1],[0,-46],[28,50],[243,2],[45,11],[15,43],[48,-59],[79,-3],[-5,-28],[31,18],[228,-89],[182,65],[16,-10],[-12,-31],[64,54],[41,-30],[-8,-31],[126,-53],[17,63],[49,13],[22,-49],[8,25],[148,-71],[93,56]],[[45018,67873],[15,-21],[-28,-100],[-50,46],[63,75]],[[45724,67976],[4,-103],[-56,-68],[-30,17],[-36,79],[31,154],[68,-19],[14,26],[5,-86]],[[45191,68078],[27,-1],[32,-61],[-44,-44],[-24,43],[9,63]],[[45436,68045],[-33,-73],[-40,-14],[-62,205],[113,40],[53,85],[55,0],[-66,-110],[-20,-133]],[[46118,68382],[30,5],[11,-36],[-5,-158],[-25,-94],[-72,-42],[-42,-69],[-45,11],[78,85],[70,298]],[[45067,68430],[10,-51],[-32,-158],[-45,187],[24,43],[43,-21]],[[46254,68672],[18,-17],[-17,-121],[-82,-92],[-25,14],[19,106],[72,52],[15,58]],[[50423,74108],[16,-14],[-55,-7],[13,65],[26,-44]],[[50446,74346],[4,-36],[-61,-113],[-52,30],[39,111],[70,8]],[[50931,74745],[34,-20],[-6,-52],[-56,-157],[-53,-68],[-29,55],[-47,7],[-30,105],[-52,-51],[-38,51],[0,31],[160,174],[69,31],[-23,-31],[30,-12],[-19,-60],[24,-23],[36,20]],[[51195,74826],[9,-33],[-24,-29],[-75,69],[-41,0],[-8,47],[84,35],[55,-89]],[[79217,60095],[64,47],[26,78],[-5,128],[29,118],[-42,82],[34,80],[-24,47],[35,49],[13,113],[-11,50],[-56,45],[-14,69],[17,52],[-101,64],[-12,90],[-72,145],[9,518],[-93,137],[-126,376],[-39,-19],[-128,89],[-43,-35],[14,-53],[-35,-22],[-36,-149],[-52,-11],[-50,-61],[3,-32],[-24,17],[1,66],[-52,23],[-67,118],[-26,8],[-48,-101],[-32,21],[-17,-93],[-42,-26],[-30,-85],[-22,5],[-71,-154],[-64,58],[27,186],[46,97],[-3,155],[-35,61],[57,132],[-3,125],[28,84],[-25,62],[-17,143],[23,98],[-105,38],[-35,-75],[-33,34],[-19,-26],[-25,16],[-27,128],[29,77],[18,166],[-24,13],[-32,115],[-29,-10],[-25,-77],[-14,45]],[[77805,63534],[34,226],[39,68],[48,-12],[32,40],[-37,17],[57,233],[35,2],[86,137]],[[62920,74226],[-38,24],[-67,-35]],[[52405,83448],[6,137],[-33,6],[-18,-45],[-11,22],[9,54],[55,-32],[-20,170],[-49,15],[-35,69],[-21,-15],[21,-51],[-61,46],[24,104],[-15,149],[18,-101],[56,56],[-40,104],[-28,12],[-11,-50],[19,373],[10,23],[26,-91],[72,14],[20,-57],[25,2],[-13,83],[106,107],[31,-60],[-32,-82],[27,55],[33,-16],[14,-60],[-6,96],[-38,-4],[21,33],[-12,111],[66,49],[47,-31],[23,39],[63,12],[-34,27],[-152,-60],[-37,33],[-121,-61],[-52,-92],[10,-57],[-33,-3],[50,0],[-8,-55],[-52,50],[-19,48],[-17,8],[1,-43],[-3,39],[4,24],[102,179],[221,24],[154,246],[87,17],[88,75],[-46,-104],[32,-78],[-2,-115],[-53,-130],[-30,-10],[-68,57],[-19,-19],[21,14],[53,-51],[33,-7],[8,-153],[-149,-44],[147,36],[-42,-135],[41,77],[39,-47],[98,8],[39,-53],[-63,-166],[-30,48],[-31,-78],[0,36],[-45,21],[38,9],[-14,47],[-51,-62],[-21,-206],[-22,28],[-66,-17],[50,-22],[-11,-65],[-124,8],[82,-51],[-99,-79],[45,-7],[-21,-29],[35,-103],[-62,-53],[20,-41],[-35,-27],[79,-21],[12,-58],[-8,-40],[-41,55],[-41,-67]],[[53290,83354],[-10,-45],[-99,-15],[-123,83],[27,34],[-25,41],[59,34],[101,-87],[15,59],[55,-104]],[[52902,83450],[19,-27],[-31,-16],[-60,88],[72,-45]],[[53449,83526],[35,-46],[-119,-25],[17,47],[30,0],[-9,41],[46,-17]],[[52780,83494],[15,-54],[-27,-13],[-52,33],[5,58],[-47,24],[46,13],[60,-61]],[[53015,83533],[22,67],[-67,-244],[-26,59],[71,118]],[[54208,83585],[-22,-82],[-81,35],[-27,28],[22,120],[108,-101]],[[52962,83545],[-130,0],[-36,16],[25,28],[-43,33],[-5,-40],[-28,127],[-50,69],[30,-16],[-36,38],[174,64],[58,-49],[-13,-52],[38,29],[6,69],[31,-72],[-52,-26],[40,-1],[38,-87],[-14,-95],[-33,-35]],[[53504,83904],[16,-50],[-33,-29],[-10,40],[27,39]],[[52933,84007],[-5,76],[35,-68],[-24,-69],[-6,61]],[[53344,83446],[36,-31],[-58,-83],[-3,-72],[-23,52],[12,36],[-55,126],[47,24],[-74,63],[59,-24],[-31,44],[25,12],[-25,35],[-126,-4],[-20,83],[-29,8],[36,26],[-38,63],[15,47],[-56,42],[43,-5],[-59,48],[80,4],[9,-29],[44,32],[-1,48],[36,2],[9,38],[-66,51],[91,-31],[46,16],[-29,-36],[15,-56],[-30,-16],[36,8],[7,-27],[-29,-11],[24,0],[10,-41],[43,158],[32,-114],[-39,-44],[25,22],[17,-25],[9,43],[-19,122],[-49,4],[133,103],[82,-48],[-31,-66],[25,-127],[-112,-127],[74,-114],[-78,-36],[-24,-49],[-23,15],[45,-36],[-8,-64],[-70,0],[-2,-37],[42,-22]],[[52451,84512],[-46,-37],[-40,34],[42,51],[-4,39],[73,49],[-25,-136]],[[53095,84851],[13,-22],[-34,-1],[-11,-52],[-48,36],[80,39]],[[53195,70942],[95,-56],[140,-144],[132,-17],[120,66],[87,-67],[171,-51],[79,-112],[198,-71],[50,-127],[-1,-121],[36,-173],[76,-159],[78,-65],[250,-53],[251,-150],[100,-89],[124,-200],[112,-90],[78,19],[77,71],[135,296],[13,162],[-35,104],[-29,208],[6,115],[37,126],[136,219],[136,124],[101,12],[58,82],[71,-19],[75,26],[16,-35],[250,-143],[12,-93],[-19,-83],[64,-98],[-4,35],[151,-43],[69,-83],[179,16],[69,-37],[47,-180]],[[56986,70064],[-84,-177],[9,-178],[31,-147],[-24,-165],[-61,-204],[35,-146],[47,-408],[0,-2122],[0,-2017]],[[56939,64500],[-1,-1148],[-277,-4],[0,-287]],[[56661,63061],[-549,562],[-549,562],[-549,562],[-574,588],[-279,-259]],[[54161,65076],[-213,-218],[-203,324],[-421,195]],[[53324,65377],[-119,449],[-228,147],[-86,-46],[-41,60],[-19,100],[-45,61],[-7,273],[-175,483],[30,106],[103,98],[15,184],[-23,45],[-29,213],[59,309],[-44,253],[21,299],[-7,197],[-44,277],[-106,293],[65,64]],[[52644,69242],[98,73],[106,280],[-3,136],[-38,202],[44,145],[65,37],[30,120],[46,30],[28,76],[187,171],[4,42],[-31,75],[15,313]],[[52644,69242],[-132,1061],[-198,263],[-14,178],[-54,148],[-101,79],[-4,106],[-62,253],[9,139],[69,86],[18,97],[112,135],[18,242],[37,100],[-39,48],[12,123],[-26,166],[32,348],[-52,55],[72,78],[-5,70],[64,30],[-11,60]],[[52389,73107],[62,23],[107,146],[148,64],[32,-9],[-24,-67],[12,-35],[27,15],[-26,29],[18,20],[49,1],[59,-50],[-40,-11],[25,-17],[-10,-59],[46,-84],[-44,-48],[23,11],[23,-49],[45,14],[19,69],[41,12],[47,88],[41,18],[22,-130],[-30,-38],[-62,-194],[-69,-43],[-21,-153],[41,-155],[116,-118],[1,-175],[32,-66],[-67,-151],[-13,-92],[-68,-94],[-8,-51],[-131,-127],[-33,-89],[18,-129],[72,-140],[44,-32],[63,34],[6,-60],[-18,-33],[18,-39],[48,36],[7,55],[30,-10],[19,-45],[-3,-101],[54,-45],[-45,14],[13,-58],[70,-10],[-22,38],[42,-45]],[[53053,71323],[19,-24],[-48,-92],[-17,51],[-24,-8],[-1,97],[54,7],[17,-31]],[[53045,71792],[41,2],[-16,-23],[-25,21]],[[53129,71859],[9,-26],[-47,-37],[35,93],[14,-11],[-11,-19]],[[57393,79626],[52,-1],[54,-52],[85,-288],[75,-119],[-1,-49],[65,-133],[77,-100],[46,-202],[-46,-349],[24,-220],[-30,-22],[39,-76]],[[58238,77873],[11,-31],[-38,-197],[-103,-15],[-53,-60],[-7,32],[45,34],[-26,35],[19,61],[-36,24],[-31,-40],[21,-102],[-41,-26],[-4,-41],[32,39],[25,-24],[-64,-28],[0,-93],[46,89],[-80,-175],[10,-183],[-26,-148]],[[57938,77024],[-99,12],[-67,50],[-19,83],[-53,-26],[-25,47],[-69,-8],[-37,61],[-62,32],[-243,-95],[-103,-161],[-105,-48],[-260,88],[-86,-28],[-187,73],[-166,-23],[0,89],[38,21],[2,36],[-94,78]],[[56303,77305],[-60,143],[29,51],[45,-8],[-12,45],[-76,60],[-83,-134],[-37,90],[-94,17],[-22,52],[-50,7],[-11,38],[50,19],[-52,63],[40,84],[-142,109],[-60,84],[5,157],[-27,-5],[-124,210]],[[55622,78387],[63,38],[54,-21],[38,75],[65,-21],[31,30],[9,58],[29,19],[5,108],[56,57],[37,184],[102,214],[2,71],[73,119],[51,36],[51,-9],[66,101]],[[55622,78387],[-192,32],[-80,-105],[-48,22],[-28,-55],[-24,4]],[[55250,78285],[-35,-28],[-33,15],[-70,-96],[-152,17],[-56,43],[-18,52],[-84,28],[-22,76],[-44,21],[-59,132],[-90,69]],[[54587,78614],[-41,81],[-12,113],[-64,14]],[[54470,78822],[50,81],[59,-3],[-17,15],[23,65],[-26,29],[5,120],[58,33],[13,49],[-16,48],[-62,23],[45,53],[63,-45],[78,19],[-20,89],[40,82]],[[54763,79480],[53,-4],[65,-97],[70,-46],[241,16],[34,31],[-20,80],[26,40],[164,26],[24,68],[30,13],[85,-55],[110,86],[52,146],[80,21],[86,-47],[88,42],[93,-131],[103,41]],[[54763,79480],[-85,207],[28,138]],[[55231,80346],[35,-10],[1,-59],[50,3],[25,65],[62,52],[47,-113],[40,-5],[-2,-115],[49,18],[31,-30],[24,78],[50,48],[104,5],[63,-63],[43,38],[-1,36],[148,4],[91,-55],[31,-77],[138,-72]],[[53962,82759],[8,29],[82,-87],[-12,61],[24,85],[-13,-23],[-43,54],[-28,-51],[-36,35]],[[53947,82897],[54,-10],[404,189],[89,8],[108,169],[366,154],[119,8],[121,-85],[19,-53],[-31,59],[-77,46],[40,-190],[40,-40],[79,-21],[169,64]],[[47986,83548],[-43,-38],[-39,-151],[-107,-26],[61,-53],[-81,-35],[-43,-60],[83,-131],[69,-41],[83,-15],[4,29],[4,-22],[35,56],[-10,64],[48,45],[64,-121],[41,-20],[3,-73],[100,33]],[[48258,82989],[44,-56],[-69,8],[-5,-57],[37,-29],[4,-121],[42,-58],[-32,-54],[37,-54],[-44,-12],[34,-35],[29,-189],[-104,-353],[-36,11],[24,-43],[10,19],[4,-78],[-124,15],[12,28],[-47,-79],[-18,95],[-6,-87],[-24,20],[-138,-41],[3,-64],[-37,-27],[-35,21],[-47,-90],[-63,-12],[16,52],[-67,-5],[36,-32],[-13,-60],[-59,-11],[8,-55],[-63,20],[17,-39],[-44,11],[-22,-35],[-52,16],[-72,-52],[17,36],[-23,-20],[-12,34],[-104,-66],[76,95],[-84,-35],[108,77],[-28,45],[-19,-44],[-147,-59],[49,86],[111,84],[-154,-79],[-27,64],[-30,-37],[-15,56],[39,14],[-3,46],[141,94],[-189,-32],[-6,48],[80,62],[20,-27],[11,40],[31,-42],[59,6],[-37,15],[10,58],[-32,22],[87,35],[-4,56],[105,4],[145,55],[-59,12],[5,47],[-95,-106],[2,28],[-43,-16],[-41,31],[-35,-49],[-64,-14],[122,113],[40,104],[-34,4],[57,119],[55,-16],[-15,23],[53,-8],[12,43],[-42,0],[28,24],[-22,8],[-136,-27],[-12,36],[-16,-32],[17,86],[-71,-48],[-26,13],[29,55],[-46,-23],[-59,19],[45,40],[-46,42],[134,25],[-59,27],[0,67],[95,20],[2,40],[-107,8],[8,43],[36,-22],[-31,63],[18,50],[-38,-20],[17,23],[-28,58],[-30,-71],[1,81],[32,39],[33,-23],[-27,-12],[19,-22],[18,41],[22,-12],[-22,38],[16,10],[144,-20],[35,-91],[25,83],[104,-11],[46,-36],[-30,27],[42,12],[-28,17],[14,12],[-40,19],[55,67],[71,15],[-17,13],[42,71],[-94,-48],[11,45],[-71,-13],[-34,42],[44,44],[50,-7],[-20,18],[34,-15],[-42,32],[19,20],[46,-12],[-37,99],[38,18],[12,73],[38,0],[-4,-21],[50,56],[-8,-28],[41,-20],[16,68],[-5,-36],[28,-16],[4,-39],[2,63],[-8,-19],[-18,25],[40,31],[33,-90],[-38,-91],[57,56],[-19,135],[75,-3],[-36,59],[124,-85],[-86,-98]],[[47232,82906],[1,-43],[-30,51],[-55,8],[80,22],[4,-38]],[[47986,83548],[51,-15],[28,87],[58,-9],[71,39],[126,-39],[17,-113],[82,-109],[-60,-108],[44,43],[48,0],[39,-126],[-23,-71],[-11,100],[-40,38],[21,-79],[-23,-51],[36,18],[0,-62],[-79,-26],[-9,-73],[-40,-39],[-64,36]],[[49259,81560],[-86,-31],[-58,-96],[-99,1],[-84,128],[-51,-38],[-73,0],[0,36],[61,34],[-68,1],[-14,64],[-78,-33],[-18,-47],[-86,-20],[-26,40],[75,17],[5,47],[-30,-12],[6,-33],[-75,-17],[-19,26],[39,26],[-4,44],[-52,5],[67,94],[64,-7],[33,57],[113,59],[57,86],[15,94],[30,12],[-49,31],[38,75],[-45,45],[20,66],[-92,-20],[-30,-59],[-68,0],[112,138],[50,109],[96,41],[-13,28],[77,-28],[75,36],[68,-68],[-28,91],[36,25],[49,-85],[51,37],[-63,-1],[-49,120],[56,102],[-41,19],[-3,79],[56,36],[7,27],[-24,11],[34,52],[0,71],[-40,-53],[-30,38],[-27,-91],[-27,28],[10,87],[-28,-41],[-91,185],[68,213],[102,53],[-152,11],[-3,-64],[-66,2],[-2,-36],[-52,-32],[-14,36],[-17,-34],[-21,54],[-20,-15],[-37,39],[6,-131],[-132,107],[-27,-35],[27,-99],[-83,141],[12,88],[35,-60],[-6,123],[109,205],[-84,122],[9,122],[24,22],[89,-17],[-54,19],[-46,68],[17,-51],[-20,-2],[-4,45],[31,81],[-27,-54],[-19,32],[-14,-166],[-43,75],[11,-63],[-27,39],[-5,-79],[-30,17],[-8,78],[116,162],[-125,-155],[-21,11],[35,-141],[-48,-80],[-26,-125],[17,-39],[-72,-26],[28,208],[63,98],[-40,-47],[-17,19],[25,79],[-35,-10],[35,70],[-38,-55],[49,83],[6,59],[-27,-28],[32,69],[-28,-6],[6,45],[34,18],[-25,0],[23,47],[69,3],[40,68],[-38,-59],[-71,4],[8,40],[51,15],[-47,-11],[26,67],[90,31],[-68,1],[33,58],[-154,-185],[-92,84],[129,31],[-172,-10],[-20,29],[132,32],[-26,25],[53,26],[-72,12],[25,59],[21,17],[27,-27],[37,14],[-29,-7],[-41,49],[36,31],[68,-14],[-78,30],[29,63],[48,-22],[-27,28],[17,24],[-80,-12],[78,71],[-100,-39],[-8,130],[55,-40],[35,18],[-41,2],[-40,56],[36,39],[-36,19],[-2,52],[32,20],[25,-56],[-2,91],[35,-42],[20,30],[54,-35],[-40,55],[82,-63],[-105,144],[41,-8],[16,45],[-41,65],[127,-22],[-66,76],[8,35],[35,-16],[-25,68],[33,71],[42,-14],[5,-46],[12,48],[32,-30],[-28,-62],[49,73],[30,-5],[-5,-67],[129,84],[185,3],[-3,44],[99,-21],[-46,-180],[-227,-226],[-23,16],[21,-55],[-107,23],[98,-52],[73,22],[-58,-92],[-25,20],[-93,-74],[112,49],[-27,-62],[-44,-16],[4,-32],[60,35],[-14,17],[137,31],[51,48],[103,-32],[289,20],[65,-119],[-209,-521],[-59,-71],[-93,-10],[-73,-49],[122,53],[23,-65],[63,-35],[-20,-32],[-88,-14],[-55,-81],[-50,-21],[-137,45],[50,-55],[160,-37],[71,65],[53,-1],[14,-31],[124,-51],[89,-162],[51,-28],[32,-246],[96,-263],[-9,-43],[178,-86],[54,-132],[82,-78],[-40,-52],[97,-258],[-109,93],[-129,-20],[124,4],[138,-166],[39,-158],[-97,-149],[104,-68],[52,116],[196,-24],[102,-88],[29,-87],[6,-80],[-52,-233],[-69,-81],[-49,51],[32,-42],[-57,-1],[60,-4],[-23,-40],[21,-19],[-59,-40],[-23,39],[-30,-55],[-48,-16],[64,14],[-2,-90],[-150,-78],[87,14],[-33,-48],[41,15],[11,-32],[59,-8],[131,19],[-18,-133],[-99,-64],[-13,-71],[-61,8],[-136,-106],[-150,48],[-136,-31],[-9,-27],[-41,65],[-40,-36],[4,36],[-27,0],[4,-35],[-88,78],[42,-68],[-68,-46],[-105,-17],[-28,29],[-12,-24],[36,-13],[-3,-43],[-121,25],[-15,-68],[-8,37],[-106,82],[-140,-67],[-27,35],[-6,-126],[-19,-16],[19,-15],[-48,-106],[-36,-5],[-48,63],[-26,-13],[-40,92],[-25,-36],[27,-43],[-40,28],[-99,-16],[-86,-114],[-14,29],[-20,-57],[19,-21],[-37,-58],[-32,70],[-47,29],[-25,-41],[-39,-4],[5,63],[69,18],[80,90],[37,108],[48,-13],[-21,43],[35,3],[60,104],[14,138],[53,-10],[36,45],[-6,67],[128,32],[207,-32],[13,111],[78,74],[86,150],[-78,-90]],[[49699,81039],[-24,-63],[-31,-12],[-80,43],[69,66],[66,-34]],[[50253,81442],[0,-28],[-50,28],[50,0]],[[48861,82535],[0,-35],[-86,-69],[6,30],[-30,-1],[-21,55],[0,67],[68,16],[34,-70],[29,7]],[[48591,83801],[-26,-42],[-50,27],[-14,94],[27,44],[38,-26],[25,-97]],[[48324,83928],[-7,-40],[-64,-47],[10,115],[-70,-55],[16,96],[32,24],[5,-42],[48,71],[30,-122]],[[48276,84143],[19,13],[-31,-54],[12,41]],[[48389,84149],[29,20],[-93,-202],[-13,69],[52,34],[-27,19],[52,60]],[[48105,84394],[25,-5],[-65,-40],[-7,25],[47,20]],[[48419,84334],[-33,-66],[-18,22],[-109,-54],[-26,23],[94,45],[-51,-1],[52,71],[-31,-17],[-58,45],[41,53],[37,-2],[26,-66],[47,-5],[29,-48]],[[47946,84666],[-15,-37],[-31,4],[30,61],[16,-28]],[[48243,84694],[22,-28],[-27,-40],[-32,36],[37,32]],[[47987,84847],[-3,-51],[-27,4],[26,-48],[-24,-7],[36,-19],[-38,-9],[-21,166],[21,12],[36,-39],[-41,8],[35,-17]],[[47982,84938],[16,-37],[-53,9],[7,32],[30,-4]],[[48315,84860],[15,94],[6,-94],[-21,0]],[[48019,85036],[9,-26],[-33,15],[25,-36],[-52,-11],[47,-2],[-4,-22],[-107,47],[64,55],[51,-20]],[[48176,84860],[-61,63],[19,33],[30,-40],[-9,94],[91,-84],[-29,106],[29,33],[44,-66],[0,-163],[70,-36],[71,12],[-5,-30],[-95,-106],[45,92],[-39,-7],[-16,31],[-13,-59],[-21,43],[-43,-23],[12,23],[-19,-8],[-38,72],[44,-1],[-58,60],[-9,-39]],[[48090,85361],[-2,23],[25,-27],[-23,4]],[[48068,85088],[-48,54],[80,57],[-76,31],[49,36],[-34,-8],[-15,83],[26,4],[-4,32],[35,-16],[13,-64],[-3,48],[45,0],[-31,55],[160,130],[21,-95],[-55,-63],[60,13],[-3,-24],[-66,-4],[7,-40],[-68,-31],[59,11],[15,-39],[-54,-12],[25,-24],[-22,-31],[-35,4],[-13,43],[32,32],[-26,0],[-21,-32],[28,-71],[-35,11],[13,-39],[-31,1],[-28,-52]],[[49179,85720],[4,-63],[-27,51],[23,12]],[[49097,85692],[33,8],[-47,-15],[-26,81],[56,-39],[-16,-35]],[[49242,85795],[-27,-51],[-44,45],[-61,-26],[-7,71],[-17,-51],[-18,19],[1,66],[20,26],[54,-9],[25,-39],[-34,-35],[93,-5],[-4,-37],[19,26]],[[49293,85881],[3,-21],[-43,3],[6,38],[34,-20]],[[49165,85885],[-27,36],[41,-4],[-14,-32]],[[49213,85925],[20,32],[7,-60],[-27,28]],[[49320,85981],[-68,-58],[22,58],[46,0]],[[49153,85996],[23,24],[37,-63],[-60,39]],[[49782,86742],[-20,-28],[-23,36],[43,-8]],[[49695,86628],[17,19],[-38,-59],[23,-43],[-36,-20],[26,-51],[-42,-170],[-28,31],[30,194],[-17,-24],[-22,32],[17,-28],[-30,-31],[-13,50],[-34,-15],[-18,39],[58,18],[4,-22],[12,28],[17,-23],[28,39],[-37,20],[-14,59],[-46,-5],[23,42],[20,-27],[20,2],[-27,15],[17,40],[29,-8],[4,28],[-19,-139],[42,55],[-1,-51],[35,5]],[[49725,86790],[-10,-113],[-30,-4],[-11,87],[19,-18],[3,69],[29,-21]],[[49748,86782],[-9,66],[32,28],[17,-28],[-40,-66]],[[49704,86482],[-6,-34],[-14,43],[20,-9]],[[56365,75639],[67,-12],[36,48],[90,-16],[79,54],[39,-8],[11,49],[121,15],[19,-70],[54,-53],[31,30],[111,-93],[74,44],[92,-7],[66,31],[12,99],[-30,99],[43,28],[34,-21]],[[57234,75295],[3,53],[-144,23],[-99,41],[-12,39],[-93,-90],[-48,3],[-17,53],[-42,-3],[-29,-38],[8,-28],[-64,-59],[-99,20],[-15,-52],[59,-77],[-25,-19],[12,-54],[38,-15],[2,36],[106,-171],[-26,-14],[-36,85],[-65,52],[-57,-4],[-4,-60],[77,-78],[7,-59],[-22,-37],[-73,153],[-86,25],[-1,-64],[107,-127],[-12,-10],[-96,28],[-17,158],[-114,87],[-18,67],[45,29],[-21,53],[-92,-102],[23,-57],[-30,-117],[5,-64],[215,-504],[-81,-47],[46,47],[-23,67],[-55,37],[-31,-80],[48,-87],[-10,-35],[31,15],[-78,-91],[-48,21],[-27,-32],[144,-64],[17,-63],[23,28],[33,-20],[-5,-55],[26,-12],[-13,-18],[65,-2],[29,-83],[77,-38],[36,-72],[-25,-25],[27,-194],[-15,-77],[-46,90],[-24,-3],[-23,79],[-38,19],[4,42],[-161,-94],[52,-42],[-17,-40],[13,-73],[47,-45],[-7,47],[24,12],[-1,-71],[36,-43],[-73,-22],[5,-30],[-31,-29],[-26,32],[16,54],[-35,6],[-23,47],[-19,-15],[-21,47],[-15,-17],[9,-97],[99,-355],[-23,-32],[1,-45],[45,-124],[-62,50],[-44,87],[-8,71],[-28,9],[-30,-15],[-26,-102],[2,-124],[-38,69],[9,112],[-69,122],[4,60],[-58,-16],[7,-114],[-24,-40],[-17,47],[-32,6],[1,72],[-39,100],[35,115],[-6,46],[-34,95],[-42,54],[-24,-10],[-8,85],[-50,53],[8,40],[53,43],[14,115],[69,-38],[63,107],[231,-158],[51,-73],[30,22],[-27,41],[82,17],[14,46],[-116,39],[-44,94],[-23,-55],[-45,92],[-5,-64],[-54,-11],[-64,51],[-122,-67],[-55,115],[4,-58],[-50,-52],[-20,22],[16,32],[-43,153],[-35,80],[-24,-24],[-12,28],[21,33],[-10,53],[13,-22],[12,23],[46,-16],[16,-40],[5,27],[21,-20],[-5,70],[-21,38],[-7,-31],[-44,39],[-15,-23],[-7,44],[-22,-49],[25,-37],[-18,8],[-9,-16],[-70,191],[-44,12],[-24,55],[7,63],[-36,13],[14,54],[-51,40]],[[56702,71906],[2,-23],[-25,20],[23,3]],[[57493,72238],[8,-19],[-42,-20],[34,39]],[[57311,72171],[-12,-124],[-36,-56],[-46,21],[-268,-62],[-78,0],[1,84],[-94,66],[-200,20],[-46,39],[18,162],[6,22],[5,-51],[27,-7],[6,100],[21,-87],[58,-8],[16,39],[28,-2],[0,-42],[-31,-8],[50,-11],[4,-63],[21,-13],[105,46],[70,-2],[29,-46],[83,-1],[22,-28],[87,24],[-15,-88],[23,-39],[73,68],[27,-20],[46,67]],[[57558,72290],[6,-28],[-27,-40],[-18,115],[42,130],[-18,-112],[15,-65]],[[56392,72743],[25,-41],[-31,-57],[-23,39],[10,106],[19,-47]],[[57844,72815],[-50,-182],[8,-36],[-27,4],[-46,-85],[-26,1],[7,97],[-21,43],[60,105],[95,53]],[[57050,72842],[27,-32],[-4,-47],[-29,8],[21,20],[-15,51]],[[57610,72818],[5,-33],[-32,53],[27,-20]],[[57322,72933],[29,-32],[-41,-43],[-16,46],[40,1],[-12,28]],[[57741,72905],[-7,-35],[-23,27],[22,40],[8,-32]],[[56798,72996],[16,12],[1,-50],[-58,-17],[8,59],[20,-32],[11,10],[-16,26],[18,-8]],[[57020,72980],[9,44],[29,-48],[-10,-34],[-28,38]],[[56835,73047],[-19,-30],[-2,30],[21,0]],[[57577,73089],[21,-26],[-101,-63],[-5,-43],[-14,15],[1,35],[98,82]],[[57223,73106],[19,-26],[-88,-71],[69,97]],[[56966,73114],[-15,32],[13,20],[2,-52]],[[56862,73162],[17,-50],[-16,-26],[-18,84],[17,-8]],[[57475,73110],[12,48],[-18,35],[43,-54],[-1,-29],[-36,0]],[[57022,73170],[-26,-37],[-23,16],[37,80],[15,0],[-3,-59]],[[57090,73255],[18,-31],[-3,-72],[-36,-57],[-30,94],[51,66]],[[56789,73244],[22,15],[3,-42],[-31,-4],[6,31]],[[56768,73379],[21,43],[10,-55],[-31,-47],[0,59]],[[57054,73382],[-25,-3],[12,55],[31,-22],[-18,-30]],[[56928,73392],[-17,-41],[4,85],[13,-44]],[[56521,73462],[13,-20],[-24,0],[11,20]],[[56969,73477],[-29,56],[76,-52],[-12,-33],[-35,29]],[[56770,73537],[6,-36],[-33,-53],[3,65],[24,24]],[[57322,73537],[-36,-66],[-71,-32],[27,70],[80,28]],[[56540,73588],[-6,-48],[-19,0],[-8,44],[33,4]],[[57513,73560],[-70,-47],[-25,40],[-30,-21],[-5,36],[63,43],[44,-39],[-6,24],[34,-8],[-5,-28]],[[55805,73598],[27,-54],[-29,20],[-22,-47],[-54,122],[25,35],[53,-76]],[[56942,73584],[-10,-47],[-67,111],[-6,50],[24,20],[19,-50],[29,-5],[11,-79]],[[56502,73659],[25,39],[-19,13],[40,-21],[-46,-31]],[[55759,73753],[-62,28],[-18,96],[-6,-59],[-22,4],[15,105],[22,-31],[14,16],[2,78],[26,-124],[14,14],[35,-96],[-20,-31]],[[55754,73943],[13,-39],[-21,7],[-20,76],[11,20],[17,-64]],[[57267,74030],[0,-138],[-52,-79],[-31,46],[35,56],[-39,137],[46,12],[41,-34]],[[57107,74070],[-7,-44],[-11,36],[18,8]],[[55718,74073],[-12,-27],[40,161],[8,-128],[-19,-25],[-17,19]],[[56854,74184],[-30,-27],[-3,48],[-34,18],[10,57],[57,-96]],[[56829,73809],[-5,-98],[-25,-15],[-14,34],[-16,-29],[-23,66],[-23,3],[-14,110],[-13,-15],[4,31],[-27,12],[5,41],[-109,2],[-10,88],[-114,156],[-65,35],[3,-26],[-40,6],[128,108],[82,-157],[156,-68],[27,-244],[26,-40],[67,0]],[[56510,74378],[9,39],[10,-32],[-19,-7]],[[56574,74361],[-23,52],[58,-48],[-22,-27],[-13,23]],[[56648,74421],[-28,-43],[34,82],[-6,-39]],[[57392,74322],[-21,-17],[-13,54],[-15,-6],[23,-72],[-98,25],[-22,35],[53,66],[-25,3],[-35,-64],[-48,31],[-13,48],[21,39],[68,16],[0,32],[55,0],[6,-59],[64,-131]],[[55581,74543],[3,-40],[-63,51],[-70,170],[12,26],[78,-1],[-29,-80],[23,-15],[2,-88],[44,-23]],[[57069,74890],[-28,-75],[0,-68],[-31,41],[4,34],[-21,-42],[10,-24],[-19,8],[6,24],[-33,-12],[-4,91],[53,7],[17,-32],[46,48]],[[57136,75127],[-35,-27],[-34,47],[37,19],[32,-39]],[[56885,75293],[-2,-71],[-38,-24],[-35,39],[35,95],[40,-39]],[[57657,72707],[13,-15],[-26,-1],[13,16]],[[57551,72920],[3,-27],[-19,1],[16,26]],[[57464,73219],[-6,-21],[-22,49],[22,2],[6,-30]],[[57388,73346],[-12,-48],[-5,58],[17,-10]],[[55777,74101],[0,-41],[-17,33],[17,8]],[[59222,43762],[-497,-357],[-166,-78],[-167,-122],[14,-144],[28,-71],[9,-162]],[[58443,42828],[-225,-12],[-182,-177],[-21,-56],[-13,-245],[-276,-273],[-66,-232],[-155,-343],[-89,-64],[-135,108],[-80,-67],[-68,108],[-46,-30],[-71,40]],[[56494,41673],[-17,54],[-36,6],[-53,140],[-65,71],[-120,286],[-50,44],[-47,248],[-1,1823],[561,0],[-37,122],[46,233],[-22,134],[1,297],[29,132],[-26,308]],[[47143,56719],[-10,-174],[-58,-33],[-23,-54],[-1,-151],[-195,-320],[-44,-169]],[[46812,55818],[-101,132],[-186,139],[39,0],[-34,31],[17,51],[37,0],[31,40],[-78,-23],[-6,51],[-16,1],[26,70],[-42,-52],[-49,41],[5,38],[-19,-13],[-30,51],[9,27],[23,-10],[-25,66],[10,41],[-29,48],[2,39],[-53,-47],[-34,189],[70,-71],[-23,55],[29,51],[40,5],[-17,8],[15,59],[-17,-45],[-35,-14],[10,39],[-15,-20],[-21,31],[14,-51],[-16,-37],[-22,89],[1,89],[70,18],[-40,4],[-3,30],[19,13],[-54,7],[-9,52]],[[46305,57040],[51,1],[44,77],[0,55],[54,43],[81,307],[54,28],[38,-31],[61,27],[3,40],[184,1],[101,-245],[15,-101],[43,-50],[-20,-128],[43,-17],[-2,-137],[33,-83],[-42,-81],[-28,-141],[50,15],[45,102],[30,-3]],[[46529,56191],[-15,-103],[-16,52],[-96,55],[92,37],[35,-41]],[[46305,57040],[-6,24],[22,50],[24,9],[-29,6],[8,41],[-14,-59],[-9,10],[4,100],[-30,-40],[3,88],[-32,6],[7,69],[-17,-40],[-11,40],[-38,-34],[46,160],[-25,31],[-3,-51],[-19,-6],[12,117],[-18,-48],[-26,-1],[-60,94],[18,30],[-20,24],[19,47],[-43,-83],[4,71],[-23,-42],[-6,44],[-58,18],[-23,169],[-34,-16],[44,237],[-56,-143],[14,96],[-31,-63],[-9,39],[15,60],[-19,-28],[-3,51],[37,87],[-44,-55],[-21,35],[3,-39],[-14,12],[14,-32],[-20,-29],[6,-62],[-33,52],[16,63]],[[45827,58149],[86,305],[53,9],[64,90],[76,-18],[36,22],[5,39],[15,-33],[24,14],[1,168],[-69,86],[37,72],[40,9],[10,96],[-19,123]],[[46186,59131],[181,-21],[7,-94],[39,37],[38,-59],[35,-5],[15,-37],[36,13],[29,-45],[71,58],[199,-2]],[[46836,58976],[-16,-17],[-17,-105],[48,-95],[40,-7],[38,108],[28,10],[41,-71],[26,-118],[42,60],[14,71],[68,57],[151,-111],[26,84],[81,57],[8,51],[-29,56],[22,23],[94,-62],[20,-197],[29,-19],[6,-50],[-14,-154],[33,-5],[20,-88],[30,-4],[6,-38],[42,-33],[-14,-15],[14,-27],[-33,-9],[-56,-182],[38,5],[15,47],[50,-17],[8,-280],[19,-65],[26,2],[5,-39],[33,-18],[2,-96]],[[47780,57685],[-51,-127],[14,-56],[-9,-180],[28,-82],[53,12],[-18,-130],[51,-62],[-52,-46],[-10,-106],[46,-37],[30,-71],[9,-144],[-30,7],[-15,52],[-11,-33],[-30,44],[-77,-25],[-5,-119],[51,-49],[22,13],[-5,-47],[17,-50],[-30,8],[-16,-85],[8,-52],[-36,-142],[-52,39],[-20,-32]],[[47642,56185],[-22,75],[-33,4],[-48,-243],[-28,8],[-46,-55],[-31,110],[-31,23],[-17,-25],[-8,25],[-14,-28],[37,144],[-26,164],[7,68],[-14,2],[-2,78],[-14,12],[9,91],[-28,39],[-22,-12],[8,43],[-15,13],[-5,-30],[-14,73],[-10,-32],[-70,-49],[-9,51],[-53,-15]],[[47642,56185],[17,-32],[39,-293],[-18,-137],[-75,-151],[56,-24],[2,-64],[138,-39],[36,-181],[81,-87],[13,22],[17,-159],[-18,-84],[17,-61],[-24,-31],[-4,-71],[-24,-39],[7,-91],[-15,-10],[18,-314]],[[47905,54339],[-48,5],[-64,83],[-87,43],[-236,260],[-135,230],[-1,33],[-128,244],[-82,110],[5,19],[-126,91],[8,64],[-165,171],[-8,78],[-26,48]],[[56350,58121],[40,-134],[79,-142],[98,-332],[-3,-337],[-44,-62],[-11,-87],[12,-35],[25,9],[-22,-139],[189,-25]],[[54499,53121],[-30,157],[-10,248],[-39,91],[-36,6],[-170,374],[-41,154],[46,22],[-28,33],[-27,168],[-76,121],[-17,312],[-38,73],[27,117],[0,213],[-9,34],[-33,-2],[-22,69],[107,160],[44,226],[29,38],[42,180],[10,92],[58,81],[14,77]],[[54300,56165],[52,-4],[25,-35],[46,19],[33,55],[91,51],[6,64],[43,50],[19,-110],[53,-78],[21,52],[61,25],[41,84],[108,93],[61,-14],[203,51],[14,74],[48,57],[87,230],[-71,100],[6,28],[58,68],[150,-1],[69,19],[61,60],[91,-8],[30,106],[35,-11],[-4,23],[47,44],[44,107],[10,83],[24,15],[42,116],[33,-2],[38,131],[57,56],[2,195],[78,62],[12,54],[36,-12],[21,57],[54,48],[115,-46]],[[56350,58121],[25,191],[-10,84],[-40,4],[-64,132],[20,254],[-43,-25],[7,78],[-31,171],[20,86],[-67,76],[-27,-54],[-47,-6],[-35,89],[43,175],[84,136],[-54,257],[39,101],[92,106],[-4,47],[-28,25],[-1,118],[-17,42],[86,84],[-4,97],[83,199],[5,99],[-20,96],[53,94],[247,10],[-1,2174]],[[56939,64500],[865,0],[876,0],[48,134],[19,-31],[-16,-103],[485,0]],[[59216,64500],[105,-164]],[[59321,64336],[86,23]],[[59407,64359],[37,10],[23,131]],[[59467,64500],[778,0]],[[60245,64500],[-12,-17],[13,-182],[118,-341],[-17,-30],[-17,53],[23,-25],[-12,43],[-35,45],[-5,-96],[40,-274],[-15,-124],[14,-132],[-10,-61],[21,-131],[-6,-121],[53,-412],[29,-84],[38,15],[23,-65],[46,-25],[55,-99],[-13,-37],[21,-57],[26,-3],[17,36],[-8,-37],[-17,-14],[49,3],[33,-86],[4,31],[16,-29],[5,-42]],[[60722,62202],[-39,-66],[-63,-210],[-32,11],[-12,-37],[-10,39],[-40,-61],[-27,20],[-22,-54],[-62,-41],[0,-79],[-26,-84],[-119,19],[7,-127],[-34,-189],[21,-135],[-78,-320],[-12,-160],[-57,-180],[29,-501]],[[61771,59012],[27,29],[56,-90],[32,40],[-2,51],[23,62],[70,47]],[[61977,59151],[58,-126],[24,-152],[-4,-112],[-54,-42],[-42,-88],[-77,-42],[-30,-94],[-43,-1],[25,-57],[70,74],[82,9],[25,-71]],[[60722,62202],[114,-484],[78,-712],[40,-67],[6,-165],[43,-15],[29,-136],[-1,-97],[27,-9],[12,54],[-22,125],[28,66],[57,-94],[-15,-60],[37,-147],[35,-39],[29,51],[30,-23],[4,31],[32,-72],[18,3],[20,-116],[33,11],[79,-45],[141,-401],[82,-54],[38,-117],[32,-51],[-11,65],[29,-54],[25,-202],[43,5],[55,-114],[14,-105],[41,-36],[20,64],[33,-111]],[[61218,60841],[2,-40],[-115,20],[-12,55],[40,-24],[-42,45],[30,57],[-24,32],[39,-25],[1,-38],[11,13],[8,-94],[19,-9],[10,44],[33,-36]],[[61137,61075],[5,-36],[-34,19],[17,51],[12,-34]],[[54470,78822],[-34,-25],[13,-86],[-47,31],[-59,-4],[-48,-59],[-112,20],[-58,-28],[-87,-128],[-37,35],[-196,46]],[[53805,78624],[-360,98],[-37,57],[-1,46],[-39,23],[15,102],[-124,-66],[-73,21],[-83,-25],[-49,-112],[-151,55]],[[52903,78823],[-20,75],[-75,-85],[-65,46],[-5,51],[-77,24]],[[52661,78934],[-17,118]],[[52644,79052],[36,85],[-28,72]],[[62434,73223],[1,-36],[33,-36],[-16,-129],[46,-29],[14,-43],[-15,-77],[26,-70],[43,-5],[30,-182],[-8,-54],[61,0],[58,-105],[87,26],[29,-34],[45,3],[-25,-50],[-65,-24],[-11,-104],[44,-101],[8,-119],[-39,-29],[-27,15],[-17,-104],[-27,2],[-24,-59],[-11,-50],[20,-98],[-56,24],[1,-57],[-24,-28],[12,-60],[27,-17],[-3,-99],[-46,-95],[29,-21],[69,-204],[42,27],[12,-46],[-21,-32],[34,-2],[50,-133],[4,-53],[-38,-36],[25,-26],[-7,-61],[106,-36],[170,-241],[49,6],[40,-51],[22,-142],[96,-198],[-43,-229],[-2,-238],[94,-3],[0,-303],[33,-9],[19,-71],[30,-7],[28,-63],[13,-116],[21,-23]],[[63480,69088],[-33,-13],[-81,61],[-42,-24],[-9,60],[3,-65]],[[63318,69107],[-76,60],[-88,-4],[-59,-51],[-81,-322],[-89,-201]],[[62925,68589],[-49,-18],[-462,79],[-727,1082],[-459,484],[-355,114]],[[60873,70330],[41,73],[-16,62],[-57,-14],[-14,85],[22,12],[-79,504]],[[51950,78282],[37,-28],[107,62],[84,-38],[74,120],[-6,83],[87,104],[10,-125],[46,-64],[57,-19],[-11,-62],[29,-21],[8,-69],[28,-3],[17,45],[-23,37],[6,43],[62,111],[11,146],[47,8],[28,-115],[107,42],[34,-87],[21,6],[6,99],[-31,25],[1,50],[45,54],[70,-51],[4,49],[-25,28],[23,111]],[[53805,78624],[-6,-39],[-87,-93],[12,-47],[64,-16],[-49,-100],[40,-13],[-7,-101],[87,-102],[-51,-22]],[[53808,78091],[27,12],[-65,101],[-48,-66],[-9,40],[-69,16],[-10,-75],[-184,-118],[44,66],[-20,12],[-65,-63],[-35,-99],[19,1],[9,-56],[16,20],[17,-127],[0,32],[46,-55],[-25,-86],[-10,40],[2,-50],[-41,13],[5,-195],[29,-153],[84,-133],[257,-248],[127,-554],[135,-215],[41,-29],[9,-52],[118,-90],[271,-5],[12,-81],[-79,-95],[17,-89],[305,-218],[116,-145],[147,-103],[9,-54],[56,-57],[77,-183],[-47,-197],[-77,65],[-58,216],[-97,10],[-83,59],[4,40],[26,13],[-76,12],[-38,-42],[-85,-208],[7,-68],[-39,-110],[16,-66],[65,-28],[105,-119],[-10,-181],[23,-36],[-28,-75],[-47,23],[-97,-81],[-15,-56],[10,-156],[-111,-165],[-30,-121],[-83,-5],[-35,49],[-1,121],[50,47],[25,99],[-18,101],[87,47],[19,73],[-141,647],[-24,56],[-60,-48],[-41,20],[-38,81],[-60,42],[25,89],[-60,157],[-122,-57],[36,92],[-50,62],[-68,-28],[-8,76],[-83,191],[-49,-27],[-72,52],[-67,-40],[-42,99],[-72,28],[-110,166],[-61,148],[-53,24],[-47,141],[-78,74],[-75,-9],[22,51],[-8,48],[-60,103],[-59,35],[9,66],[-73,13],[8,176],[-59,142],[-18,204],[-40,98],[-73,53],[-3,-39],[-167,180],[-6,-28],[-125,73],[-82,-74],[-110,-234],[-92,-57],[-66,-4]],[[53452,77111],[15,52],[-24,-20],[9,-32]],[[53333,73047],[8,-54],[-29,40],[21,14]],[[54313,73892],[33,-21],[-121,-291],[-33,-163],[3,-85],[41,-42],[-19,-29],[41,-113],[-48,-50],[-18,-155],[-168,80],[-58,144],[-157,73],[-150,182],[-41,4],[-23,43],[-79,-2],[-65,134],[19,129],[59,51],[7,48],[47,-95],[45,32],[11,61],[60,18],[20,-68],[34,4],[77,-79],[64,44],[136,-3],[110,83],[51,-35],[41,79],[15,-33],[66,55]],[[54140,73990],[17,25],[0,-36],[-17,11]],[[52348,74336],[-12,-65],[-18,79],[30,-14]],[[52307,74405],[-10,-54],[-11,42],[21,12]],[[53873,75273],[-27,8],[4,27],[23,-35]],[[52298,75478],[-18,-35],[32,75],[-14,-40]],[[52720,75190],[2,-58],[-49,-111],[30,-103],[-46,-539],[-13,-25],[-63,67],[-35,-20],[-43,44],[19,-22],[-15,-132],[-48,-68],[-38,32],[-21,-40],[-23,111],[-52,95],[17,46],[-16,45],[24,114],[-5,103],[20,-31],[14,-1],[-17,12],[14,75],[-45,35],[-5,70],[32,41],[-31,209],[-24,73],[-40,-1],[12,213],[33,-65],[58,-13],[84,69],[114,182],[13,-39],[40,-9],[5,-51],[8,31],[25,-11],[-13,-63],[42,-8],[-44,-44],[38,-3],[23,-44],[-19,-26],[38,-140]],[[52900,76508],[-7,-79],[-22,33],[-64,-5],[7,32],[86,19]],[[53431,77982],[21,6],[-30,-39],[9,33]],[[52644,79052],[-12,-114],[29,-4]],[[63576,73967],[19,-305],[52,-161],[86,-74],[137,-12],[73,-49],[35,-136],[43,-68],[170,-172],[228,-89],[582,213],[-16,-31],[-94,-12],[78,-48],[40,30],[-34,286]],[[64975,73339],[82,-10],[124,65],[37,50],[19,136],[164,186],[81,20],[132,-29],[29,12],[-4,52],[37,43],[82,10],[85,-49],[41,52],[44,-113],[3,-65],[223,-103],[14,-64],[42,-26],[48,39],[42,-33],[33,30],[114,-103],[28,8],[41,-186],[155,-105],[90,-223],[229,-1],[-5,-161],[21,-134],[-26,-88],[31,-44],[8,-159]],[[67019,72346],[-23,-183],[-24,-25],[13,-89],[-23,-166],[-33,-102],[-69,-70],[53,-114],[-68,-7],[-42,-96],[5,-288],[114,-72],[-25,-17],[-73,-192],[-2,-54],[75,-466],[-16,-127],[13,-307],[241,-70],[38,-206],[-6,-97],[-266,-570]],[[66901,69028],[136,-278],[-1,-57],[65,-233],[91,-189],[138,-79],[51,-102],[52,10],[-7,-145],[22,-288],[-20,-131],[41,-31],[80,26],[39,-81],[-24,-30],[8,-111],[-20,-15],[-13,-127],[-108,10],[-93,-47],[-35,-35],[-8,-81],[-39,8],[-8,-34],[-73,-52],[-22,-233],[-26,-29],[-20,-327]],[[67107,66347],[-12,27],[4,-28],[-21,-4],[11,-12],[-31,-65],[-106,86],[-110,38],[-23,99],[-43,-40],[20,-50],[-55,51],[-19,-5],[2,-29],[-35,26],[-50,-20],[-125,75],[-114,-35],[-64,94],[-109,28],[-69,-39],[-35,18],[-23,68],[-53,-33],[-4,61],[-120,20],[-44,176],[13,48],[-37,144],[-15,251],[-28,60],[13,27],[-30,5],[6,38],[-21,36],[-127,36],[-64,-24],[-51,-77],[-76,-18],[-40,-122],[-70,5],[-133,-171],[-111,63],[-23,63],[-81,20],[-84,-23],[-62,84],[-13,69],[-115,74],[-119,144],[-6,23],[25,32],[-59,106],[-59,28],[-65,87],[-91,-1],[-71,75],[-8,-17],[-36,120],[4,58],[-57,169],[-6,116],[-70,114],[5,36],[21,-27],[9,61],[-25,49],[-55,2],[3,176],[-142,281],[-19,149],[-44,5],[-107,-105],[-14,77],[-65,0],[-7,63],[-17,-24],[-66,90],[39,16],[39,-35],[17,59],[-15,33],[-64,5],[-10,-21],[26,-27],[-29,-8],[-20,-42],[21,-78],[-6,-97],[-76,8],[3,-46],[-34,-8]],[[65010,67088],[-38,27],[33,11],[5,-38]],[[64810,67267],[-47,28],[65,-26],[-18,-2]],[[65614,67384],[21,-27],[-95,-150],[-19,27],[-163,-112],[-2,65],[136,78],[-4,91],[38,-27],[88,55]],[[51183,81417],[-7,29],[-77,21],[-36,-37],[-81,39],[-25,50],[112,37],[71,-95],[49,1],[-4,35],[-78,47],[61,0],[-26,29],[18,26],[-88,75],[60,16],[-17,83],[35,11],[102,190],[66,364],[35,-37],[57,29],[84,82],[59,119],[108,59],[235,26],[20,-57],[82,-62]],[[50930,81421],[53,23],[81,-42],[42,39],[66,-25]],[[31052,58875],[-12,-118],[-13,104],[-32,31],[11,30],[46,-47]],[[51121,81599],[14,-24],[-35,-11],[-76,58],[70,9],[27,-32]],[[51359,82420],[-47,-62],[36,106],[11,-44]],[[51506,82604],[45,14],[-116,-50],[71,36]],[[51576,82626],[78,-4],[-77,-18],[-1,22]],[[51725,82649],[35,-4],[-57,-27],[22,31]],[[47780,57685],[45,29],[46,130],[45,12],[16,-72],[20,6],[2,-53],[97,-64],[15,26],[-10,38],[10,53],[81,10],[0,169],[62,-59],[13,23],[-8,54],[48,23],[14,-56],[-16,-66],[20,-13],[3,-41],[-17,-97],[17,-21],[45,-15],[59,129],[78,7]],[[48465,57837],[34,-72],[79,-4],[13,-106],[30,-40],[-1,-80],[47,-34],[0,-51],[32,-41],[48,36],[2,-52],[26,-4],[10,-37],[25,85],[37,50],[26,-12],[83,80],[122,-20],[4,-35],[25,43],[33,-104],[29,-15],[50,-171],[13,-11],[21,55]],[[49253,57297],[-8,-102],[15,-33],[-31,-114],[31,-24],[12,-52],[31,-412],[-29,-25],[0,-72],[-50,-56],[-42,-211],[-8,-208],[-70,-211],[-11,-133],[67,-440],[-2,-86],[18,3],[5,-58],[45,-8],[15,-128],[-16,-15],[9,-96],[-24,-18]],[[49210,54798],[-82,-4],[-19,44],[17,87],[-33,-16],[-7,-52],[13,-11],[-22,-22],[13,-26],[-11,-17],[-191,85],[76,0],[-21,63],[17,-59],[-46,43],[-28,-20],[19,-12],[-14,-14],[-79,25],[-52,-8],[2,-23],[-30,24],[-34,-39],[3,47],[-37,-77],[173,58],[53,-28],[-250,-60],[-24,5],[-8,46],[-29,-19],[-58,27],[7,-23],[-28,-28],[59,13],[-12,23],[30,-22],[24,10],[9,-32],[-152,-8],[-84,-49],[-292,-211],[-149,-180],[-28,1]],[[49134,54774],[-1,-9]],[[49133,54765],[-44,15],[12,26],[33,-32]],[[56303,77305],[-28,-95],[-53,-41],[-14,-107],[47,-192],[129,-172],[-72,-166],[-83,-42],[16,-46],[-16,-93],[30,-66],[-53,-83]],[[55651,76498],[-2,46],[-114,119],[-34,-14],[-58,50],[-62,119],[-50,41],[0,45]],[[55331,76904],[42,44],[18,-39],[20,11],[7,50],[-73,204],[79,-14],[25,34],[-142,188],[6,90],[53,113],[14,99],[-51,23],[-47,-35]],[[55282,77672],[-7,28],[39,22],[-24,106],[25,5],[-4,29],[29,-20],[51,24],[-120,97],[9,73],[27,8],[-57,35],[18,55],[-34,85],[16,66]],[[46593,60342],[54,-24],[69,96],[-7,161],[33,208],[31,0],[25,59],[32,-24],[138,-287],[52,190],[112,2],[71,-42],[179,44],[-8,85],[27,63],[2,-116],[1066,-1],[43,471],[-75,124],[-65,1229],[-67,1226],[-68,1220],[-69,1201],[492,1]],[[48660,66228],[831,-1122],[827,-1121],[2,-209],[40,-3],[73,-78],[23,-43],[4,-72],[33,-54],[82,-52],[36,35],[55,-125],[152,-67],[70,-69],[17,-249],[-44,-136],[16,-41],[55,-60],[242,95]],[[51174,62857],[2,-1236],[-14,-334],[-35,-68],[-59,-353],[-89,-109],[-5,-82],[-132,42],[-9,-50],[-464,-32],[-106,-175],[-77,-23],[-125,32],[-1,-49]],[[50060,60420],[-126,89],[-53,-36],[-11,44],[-70,0],[-100,-163],[-76,-47],[-96,-126],[-83,-14],[-11,-167],[-23,-19],[-110,69],[-98,-154],[-17,-116],[9,-85],[-48,-26],[-16,41],[-45,11],[11,-233],[-55,-15],[-1,-56],[-145,125],[15,37],[-17,28],[-76,-156],[5,-30],[-32,-33],[34,-98],[5,-75],[-13,-56],[-63,-4],[27,-104],[-18,-57],[13,-73],[-23,7],[-27,-71],[7,-27],[-56,-83],[-91,-15],[-52,-82],[-38,-5],[35,-40],[-6,-82],[21,-24],[4,-88],[-32,-173],[-47,-28],[20,-132],[-26,-241]],[[46836,58976],[3,44],[-25,37],[21,252],[-13,-13],[-3,67],[-23,21],[-22,143],[-36,27],[-24,-57],[-19,36],[2,54],[-58,138],[38,72],[-18,90],[8,104],[-33,109],[-29,21],[-4,74],[19,70],[-27,77]],[[46186,59131],[-407,4],[-134,-138],[-152,9],[-52,-54],[-88,-17]],[[45353,58935],[-20,93],[61,80],[13,-39],[45,-8],[95,47],[53,-44],[30,20],[24,-31],[37,57],[-7,85],[40,31],[-44,-25],[2,-83],[-27,-52],[-35,38],[-41,-14],[-30,73],[-15,-51],[-82,-43],[-33,39],[-3,43],[-2,-47],[-17,39],[-18,-14],[10,74],[-14,-95],[-30,-35],[-6,61],[22,34],[-27,-12],[12,201]],[[45346,59357],[22,57],[233,-4],[4,102],[151,27],[39,120],[112,-133],[39,-3],[62,-68],[47,-3],[105,85],[-33,109],[-118,-64],[-49,107],[-55,-15],[-39,95],[-54,22],[-53,-44],[-36,17],[-34,-109],[-290,3]],[[45399,59658],[15,88],[-25,-50],[-9,62],[21,49],[19,-24],[0,114],[-18,-77],[-41,-58],[-13,105],[47,22],[9,28],[-13,4],[63,71],[-29,15],[-52,-110],[-18,8],[19,48],[-21,-20],[-13,-130],[-3,127],[-48,190],[-74,173],[-54,27],[-6,-48],[-27,60],[111,98],[72,176],[93,331]],[[45404,60937],[24,222],[20,24],[31,166],[39,18],[22,-34],[106,-8],[58,57],[94,1],[5,48],[20,-19],[17,33],[17,-29],[141,12],[119,-186],[4,-62],[35,-63],[30,39],[17,-48],[51,29],[-5,-35],[17,4],[35,-99],[21,-177],[36,-15],[7,-60],[33,10],[38,-130],[-17,-19],[29,-21],[19,-64],[65,-50],[10,-63],[51,-76]],[[50998,58568],[20,37],[-17,84],[13,47],[-3,306],[80,134],[44,141],[11,275],[34,12],[56,104],[104,55],[112,-17],[40,66],[41,15],[173,-138],[44,13],[176,-385],[37,0],[36,70],[54,-3],[120,134],[78,-26],[83,-132],[36,-3],[40,-81],[74,-44],[179,-27],[95,199],[53,60],[154,72],[212,-7],[115,-68],[57,-74],[115,-30],[25,102],[67,75],[11,67],[107,34],[28,93],[77,-3]],[[53779,59725],[127,-361]],[[53906,59364],[35,-407],[83,-19],[50,-92],[-35,-269],[22,-47],[-1,-52],[-126,-173],[-51,22],[-63,-150],[-60,-227],[-29,-270],[-56,-62],[-5,-101],[14,-39],[-19,-150],[-95,-94],[12,-67],[-21,-95],[-7,-178],[-66,-105],[-53,2],[10,-65],[-49,-64],[-10,-245],[-48,-139],[1,-82],[-79,-180],[37,-106],[-86,-117],[-8,-133],[-59,-120],[-62,7],[-17,168],[-35,25],[-22,92],[-58,57],[-12,50],[-23,-147],[-79,2],[-19,74],[-75,-126],[-23,4],[-27,-152],[-98,-125],[-99,-241],[-39,-37],[-7,-74],[24,-62],[-29,-251],[-57,-198]],[[52387,54606],[-18,-61],[-17,1],[3,24],[-20,-2],[4,56],[-18,-29],[-51,112],[50,-197],[-15,-55],[-166,-32],[-45,25],[3,98],[-14,-80],[-61,16],[14,-41],[-14,-14],[-58,146],[31,-138],[-20,-39],[-9,31],[-8,-39],[-13,82],[11,36],[-22,51],[7,-71],[-25,44],[35,-164],[-16,-14],[-28,15],[-23,240],[-19,10],[43,-273],[-43,-3],[6,145],[-12,-106],[-11,51],[9,-101],[-21,0],[-17,97],[5,-98],[-83,-24],[18,83],[-20,-24],[-7,59],[-4,-114],[-31,-16],[-6,80],[-14,-3],[6,-64],[-18,14],[-2,56],[-8,-48],[-19,21],[-82,154],[-34,121],[10,-11],[-34,172],[24,-18],[-5,31],[11,-4],[-12,28],[-24,-16],[-7,104],[66,22],[-12,55],[29,36],[-34,-24],[-9,-50],[-17,15],[3,-24],[-66,61],[7,46],[47,-12],[14,39],[19,-22],[-17,38],[-34,-29],[3,68],[-16,-61],[-28,-20],[-14,26],[-7,95],[14,-8],[38,75],[-68,-82],[-83,214],[-95,127],[-148,42],[-119,-13],[-16,20],[43,6],[84,90],[-91,-48],[-10,43],[-21,-29],[-9,-59],[4,-30],[-189,-17]],[[50751,55500],[20,191],[-17,161],[18,36],[-13,31],[2,180],[14,40],[-20,63],[2,119],[-16,60],[18,168],[-10,76],[20,424],[85,22],[21,111],[-5,97],[31,102],[24,10],[-2,87],[52,25],[22,59],[21,114],[-26,80],[22,87],[33,-16],[18,110],[-29,120],[-3,175],[-70,177],[35,159]],[[52094,54415],[12,0],[-68,-14],[56,14]],[[52020,54420],[16,0],[-9,-45],[-45,-10],[26,78],[12,-23]],[[50751,55500],[-302,-89]],[[50449,55411],[46,37],[-11,85],[-49,146],[6,109],[-16,71],[26,3],[-7,792],[12,70],[-12,320],[-55,157],[-21,115],[1,274],[-158,222],[6,179],[22,59],[11,114]],[[50250,58164],[17,-11],[5,61],[37,-30],[-14,66],[26,13],[-6,55],[37,-8],[1,41],[16,-17],[30,107],[36,-12],[9,-37],[114,22],[77,137],[28,133]],[[50663,58684],[19,57],[-24,139],[81,32],[51,62],[113,-216],[15,-71],[52,-37],[28,-82]],[[53391,48513],[-17,84],[22,87],[-57,243],[22,-20],[10,37],[-11,-22],[-25,20]],[[53268,41896],[15,446],[-4,265],[-20,93],[72,138],[17,222],[25,37],[-8,43],[44,197],[16,183],[-1,197],[24,123],[24,13],[4,247],[119,256],[-5,81],[17,41],[53,97],[52,5],[26,49],[13,79],[37,70],[43,264],[15,466],[-32,125],[11,50],[-68,156],[-5,75],[-53,173],[2,52],[-37,113],[9,34],[-16,140],[-47,169],[25,116],[14,13],[-35,-123],[59,179],[10,11],[-17,-40],[50,39],[9,60],[-19,106],[10,69],[-147,623],[-5,204],[-15,-2],[-44,104],[-96,357],[151,48],[47,75],[55,26]],[[53257,42262],[3,-51],[-19,86],[9,33],[7,-68]],[[55282,77672],[-55,12],[-39,115],[-45,-18],[-77,59],[-24,-35],[-42,30],[-46,-49],[-42,57],[-56,-28],[-60,43],[-22,-24],[-73,79],[-32,-60],[-78,24],[-59,-127],[-82,122],[-64,-14],[-18,-242],[84,-83],[-6,-48],[30,-12],[59,-253],[195,-307],[67,-49],[5,-92],[94,-148],[10,-47],[-23,-13]],[[54883,76564],[-194,267],[-136,60],[11,23],[-87,-15],[15,-20],[-17,-6],[-42,14],[-3,107],[-68,43],[-156,249],[-1,50],[43,-19],[-9,48],[74,-35],[-145,171],[-34,89],[10,135],[-19,78],[-88,126],[-62,18],[-45,-211],[-23,-16],[-7,51],[-12,-130],[-30,12],[3,-35],[-77,173],[-3,26],[31,9],[-36,7],[4,100],[-30,103],[24,-6]],[[53774,78030],[84,-37],[23,52],[111,-21],[58,110],[60,-117],[35,28],[60,-48],[51,13],[-15,85],[29,23],[-33,48],[117,68],[6,112],[-30,44],[14,54],[105,53],[11,45],[60,-2],[-11,69],[30,31],[48,-26]],[[55121,76343],[16,-82]],[[55137,76261],[-167,216],[-48,20],[8,-31],[-208,161],[66,-17],[140,-105],[-25,29]],[[54903,76534],[44,11],[51,-97],[123,-105]],[[54682,76473],[19,-25],[-29,-3],[10,28]],[[54905,76449],[25,-28],[-118,56],[93,-28]],[[54758,76580],[17,-32],[-95,-8],[-54,15],[14,25],[-21,7],[139,-7]],[[54511,76639],[-50,-32],[9,38],[41,-6]],[[54636,76670],[-89,40],[59,-4],[-6,23],[46,-37],[129,-22],[-139,0]],[[54583,76761],[-26,28],[5,35],[130,-47],[-22,-26],[-87,10]],[[54355,76970],[17,-12],[-38,28],[21,-16]],[[54250,77154],[-11,25],[51,-71],[-40,46]],[[54206,77144],[14,-44],[-96,174],[82,-130]],[[54132,77495],[-40,83],[86,-101],[9,-25],[-46,39],[92,-116],[-21,10],[15,-32],[-30,7],[2,36],[-61,60],[-6,39]],[[54012,77499],[25,-47],[-48,51],[-7,83],[30,-87]],[[54094,77621],[-23,12],[19,0],[-11,28],[19,-1],[26,-82],[-30,43]],[[54031,77554],[0,-25],[-24,22],[-37,145],[33,28],[-37,90],[15,36],[39,-118],[11,-178]],[[54089,77716],[-28,59],[-55,24],[30,28],[5,65],[70,-140],[-22,-36]],[[54530,76890],[18,-11],[-45,0],[27,11]],[[53774,78030],[-5,29],[51,8],[-12,24]],[[64113,66085],[14,28],[-28,225],[-2,177],[13,21],[14,-36],[-18,79],[20,26],[12,-68],[22,66],[-25,20],[4,62],[20,5],[3,106],[74,103],[26,-32],[12,-80],[52,-49],[5,-71],[-14,-12],[13,-14],[-24,-15],[13,-32],[-16,-7],[-6,-56],[40,-221],[-48,-264],[-17,-26],[-11,-37],[-1,44],[-34,-12]],[[64226,66015],[-66,-33],[-47,103]],[[64226,66015],[25,-9],[-1,-54],[24,47],[2,19],[28,-27],[-47,-85],[-13,-77],[37,12],[43,-39]],[[64438,62773],[-818,-240],[-242,-248],[-159,-395],[-45,-214],[-74,-83],[-53,5],[-73,184],[-107,-30],[-120,25],[-128,26],[-74,67],[-282,-14],[-65,-59],[-139,126],[-69,-112],[24,-31],[-27,-36],[-10,-71],[-2,-102],[28,-65],[-9,-76],[-27,5],[-13,-79],[-69,-95]],[[61885,61261],[-21,207],[-38,59],[-9,99],[-52,102],[2,-90],[-17,246],[-120,212],[-23,7],[-82,225],[-16,142],[-62,131],[10,79],[-31,58],[11,76],[-30,33],[-31,126],[-3,93],[-51,60],[10,48],[-15,49],[-24,-11],[-34,117],[-125,183],[-50,17],[10,-29],[-50,53],[-54,125],[-17,103],[-23,14],[7,32],[-42,56],[-34,107],[-26,118],[25,52],[-22,99],[5,99],[-12,-13],[-37,161],[20,-2],[10,135],[28,96],[-20,-21],[-16,230],[-18,38],[7,-49],[-19,55],[-15,58],[32,-42],[-20,55],[-26,19],[0,87],[-30,71],[-25,170],[-12,-3],[10,-24],[-15,13],[-29,149],[-139,194],[13,15],[-10,24],[-22,-33],[-53,81],[-43,-13],[-26,57],[8,43],[-86,236],[30,11],[-4,176],[-85,271],[-33,64],[-7,-21],[-25,34],[-1,139],[-51,51],[-134,459],[-55,107],[-116,379],[-70,149],[15,26],[-46,37],[-57,-28],[-3,26],[-9,-26],[4,24],[-30,16],[-27,-63],[-11,47],[24,34],[40,205],[-7,79],[48,396]],[[59708,68737],[304,-93],[120,175],[70,207],[206,81],[49,194],[93,96],[-284,572],[557,290],[50,71]],[[62925,68589],[251,-58],[65,-265],[212,4]],[[63453,68270],[18,-28],[-8,-61],[18,12],[33,-208],[39,-23],[-14,-26],[39,-77],[-12,-57],[-8,58],[-9,-63],[28,-19],[-13,-43],[19,12],[4,-35],[15,28],[25,-48],[50,4],[20,-55],[-53,-5],[40,-15],[-11,-48],[24,8],[3,-80],[25,-1],[-10,-32],[41,-9],[-10,24],[23,11],[0,-52],[36,-84],[76,-66],[51,-103],[-47,35],[12,-133],[44,-52],[7,-46],[-20,-166],[-31,95],[-15,-35],[3,-79],[10,19],[21,-27],[44,-206],[-30,40],[55,-126],[9,18],[25,-44],[25,-220],[46,-100],[10,-83],[13,6]],[[61718,61454],[-2,-71],[-30,30],[13,14],[-9,20],[-36,-14],[-50,82],[-5,49],[41,-86],[36,-18],[7,56],[35,-62]],[[61644,61503],[-24,58],[26,36],[-19,34],[22,-23],[13,-69],[-15,-9],[20,-44],[-23,17]],[[63768,67585],[34,-20],[-34,-11],[-10,28],[-21,-32],[13,40],[18,-5]],[[60261,66472],[-12,-34],[-34,78],[36,-58],[10,14]],[[60219,66517],[-28,40],[53,-71],[-25,31]],[[60250,66547],[3,33],[3,-50],[-6,17]],[[60189,66560],[-43,13],[-8,39],[12,23],[-3,-33],[42,-42]],[[60151,66652],[-1,40],[14,34],[-10,-37],[15,-50],[-18,13]],[[57016,41585],[-11,-50],[10,-70],[190,-529],[2,-105],[58,-250],[41,-23],[2,-43],[112,-159],[135,-95],[18,-82],[1,-150],[119,-8],[-8,-324],[60,-137],[30,-140],[173,-54],[118,-87],[0,-129],[55,-29],[31,-66]],[[58443,42828],[2,-211],[126,2],[37,-38],[34,39],[41,-16],[40,-80],[85,-32],[55,-121],[106,-13],[106,-85],[16,-63],[66,15],[-38,-146],[53,-236],[-24,-88],[25,-70],[-27,-203],[8,-164],[24,-55],[-13,-66],[-35,-39],[9,-138],[-59,-34],[-3,-70],[5,-39],[32,-1],[12,-34],[-26,-219],[19,-21],[-3,-100],[34,14],[25,-77],[-7,-143],[-34,-41],[-9,-98],[-50,-149],[-53,-41],[3,-192],[-42,-114],[30,-103],[-11,13],[-311,-637]],[[71326,72362],[76,-309]],[[68939,65564],[-7,36],[-2,-121],[-24,16],[11,54],[-25,71],[11,-64],[-11,-35],[-44,83],[-7,-59],[-31,20],[-1,-30],[-23,6],[5,75],[-10,-48],[-38,24],[18,28],[-25,28],[22,47],[-53,9],[-17,113],[23,36],[-25,14],[4,41],[-29,87],[20,0],[-28,14],[28,76],[-80,55],[-87,-2],[23,197],[-52,106],[12,20],[-17,68],[-43,62],[-48,-19],[-30,-68],[67,45],[43,-41],[2,-48],[-68,43],[-167,-74],[-71,27],[-46,-12],[-21,-43],[-114,16],[-21,-40],[11,-43],[-15,-8],[-25,60],[-35,-20],[-96,58],[9,68],[-41,-24],[20,2],[3,-41],[-136,12],[-28,-44],[8,-55],[-99,39],[-32,-24],[-153,23],[4,-26],[-41,-34],[10,-39],[-34,6],[16,19],[-5,31],[-42,19],[-24,-32],[11,-32],[-60,-2],[-36,-52],[8,101],[-54,8]],[[66901,69028],[453,-259],[303,52],[144,-64],[24,56],[85,50],[155,-18],[322,170],[40,70],[-33,58],[23,108],[-10,206],[27,185],[51,31],[41,126],[69,68],[20,-3],[5,-42],[87,-16],[116,72],[1,35],[-44,10],[-12,68],[36,-5],[75,68],[48,107],[100,-57],[14,16],[-36,17],[24,23],[47,-28],[35,-99],[66,41],[72,152],[-18,302],[53,111],[-13,68],[28,48],[2,99],[141,57],[84,111],[-39,108],[-10,121],[-45,20],[-31,101],[7,52],[37,15],[144,-60],[94,15],[56,51],[16,174],[-45,101],[30,15],[4,66],[58,117],[50,43],[47,138],[-30,64],[25,74],[-10,78],[-28,36],[-5,96],[-83,145],[109,162],[14,75],[48,-35],[-3,48],[111,100],[-1,33],[110,63],[299,44],[110,-47],[99,103],[40,-18],[2,34]],[[68715,65691],[30,-8],[-16,-24],[-14,32]],[[57938,77024],[-5,-166],[-24,-50],[-42,36],[-57,-21],[-28,-92],[-31,-17],[-4,-284],[-44,3],[2,-31],[-31,-19],[6,-40],[-30,4],[-25,-49],[4,-30],[45,17],[25,-25],[10,-90],[64,-107],[9,-58]],[[78586,58540],[-40,210],[-45,121],[-14,-22],[7,-77],[-30,57],[-49,24],[-9,57],[24,45],[-16,-28],[3,63],[-9,-20],[0,27],[-18,-2],[19,-64],[-13,-1],[-39,81],[7,42],[-14,19],[-15,-3],[13,-56],[-29,80],[-1,-44],[-50,101],[-97,-63],[-92,49],[-31,-48],[-33,32],[-5,31],[23,60],[-16,62],[19,48],[-15,55],[33,229],[-88,8],[-25,26],[2,33],[-12,-58],[-78,3],[-86,-119],[39,-145],[-40,-225],[17,-273],[-53,-155],[-4,-105],[-41,-94],[-28,-141],[5,-80],[-25,-36],[4,-153],[-19,2],[-19,-109],[-36,-84],[11,-98],[-37,-4],[29,-71],[-29,-76],[-1,-193],[49,-217],[-25,-65],[40,-49],[87,71],[45,-12],[32,-397],[49,-125],[12,5],[-16,67],[25,-38],[61,-559],[37,-163],[-41,42],[-10,172],[-32,-20],[15,71],[-16,81],[-35,-55],[37,-194],[26,-17],[18,-100],[33,-9],[9,46],[50,-139],[64,-72],[98,11],[-16,45],[74,-65],[59,-197],[84,-140]],[[77812,55543],[-6,52],[-11,-15],[-55,147],[-50,66],[-2,86],[19,58],[-20,-2],[-1,27],[-16,-19],[-16,35],[13,103],[-15,-43],[-12,48],[-10,-61],[-26,24],[-23,173],[-46,84],[-10,-44],[-17,18],[11,117],[-12,-12],[-31,85],[-41,-16],[-18,158],[-22,-10],[9,57],[-64,-36],[10,-59],[-11,-39],[-39,45],[-24,190],[14,-24],[-7,122],[47,178],[-16,-5],[14,26],[-17,79],[13,10],[24,186],[21,10],[-19,22],[9,63],[20,17],[-16,18],[20,39],[-19,-3],[33,67],[-8,23],[40,206]],[[77429,57794],[5,194],[58,78],[5,72],[18,-2],[43,94],[66,291],[26,16],[24,101],[-31,121],[7,66],[-25,-7],[-14,257],[-49,82],[-17,148],[-20,37],[3,76],[24,34],[-10,279],[-18,90],[-43,124],[-107,168],[-85,246],[-23,174],[5,65],[29,40],[28,-19],[6,60],[43,-3],[-4,399],[37,45],[36,-9],[26,156],[-17,52],[-49,-107],[-9,102],[-49,150],[15,97],[-208,460],[-24,80],[22,80],[-38,157],[6,38],[-42,-9],[-38,150],[44,-35],[66,46],[-6,162],[-19,42],[43,108],[-12,164],[22,98],[45,41],[4,95],[59,-80],[82,6],[77,76],[25,-34],[28,42],[5,127],[16,34],[29,12],[32,-34],[60,53],[-25,127],[64,-39],[80,79],[45,-73]],[[77686,55586],[-20,38],[16,81],[4,-119]],[[77612,56017],[13,-15],[-19,-26],[6,41]],[[77534,56243],[-5,-37],[-17,40],[22,-3]],[[77372,56500],[17,-23],[0,-92],[-17,115]],[[77338,56385],[-6,-52],[-29,-21],[-3,238],[43,-63],[-5,-102]],[[77399,56539],[-5,-47],[-12,9],[17,38]],[[77304,57099],[7,-39],[-19,-23],[-2,65],[14,-3]],[[77796,57354],[-2,-71],[-32,-26],[-5,85],[39,12]],[[77787,57474],[15,-75],[-28,31],[0,48],[13,-4]],[[78489,58575],[10,-83],[-19,24],[7,89],[2,-30]],[[78444,58768],[11,-43],[-42,4],[-11,103],[42,-64]],[[30067,63184],[15,-170],[-20,-50],[38,-67],[-1,-34],[-62,-108],[37,-48],[3,-67],[-33,-85],[-47,-11],[27,-97],[56,-67],[-18,-158]],[[30062,62222],[-33,71],[-49,43],[-133,-7],[-3,-30],[-90,-18],[-137,67],[-78,-28],[3,28],[-50,-67],[9,-65],[-22,-2],[-64,128],[-38,38],[-36,-9],[-33,75],[20,109],[45,30],[126,-75],[60,23],[-36,-19],[18,-26],[208,-39],[52,2],[33,71],[67,-18],[7,89],[-61,59],[-73,154],[29,37],[-26,66],[24,35],[-16,48],[26,19],[-6,21],[-84,91],[-113,18],[-16,51],[29,52],[-11,11],[66,60],[55,-20],[45,25],[117,-78],[14,-53],[32,39],[56,-51],[42,10],[-10,-25],[22,-9],[-6,32],[24,-1]],[[29547,62253],[14,-15],[-36,15],[22,0]],[[29763,63402],[62,-46],[-92,30],[30,16]],[[29650,62705],[-10,33],[26,19],[99,-82],[10,-61],[-63,23],[-62,68]],[[30067,63184],[10,-7],[-14,50],[31,63],[136,-35],[47,60],[15,-28],[29,12],[61,-82],[53,5],[42,-72],[46,-16],[47,32],[50,-218],[66,24],[54,-28],[29,40],[-5,-36],[23,4],[-24,-71],[-101,24],[2,-76],[52,10],[69,-58],[9,24],[24,-43],[22,32],[65,-39],[115,-201],[-36,-149],[-41,8],[-15,-92],[-28,-1],[-34,107],[-99,32],[-80,-25],[-99,36],[-37,-34],[-43,-104],[-87,-15],[-24,3],[-1,94],[-23,35],[-77,-99],[-38,28],[3,-97],[-99,-309],[-32,86],[-41,6],[13,30],[-8,78],[-32,50]],[[30132,61937],[1,44],[15,-24],[-16,-20]],[[30926,62297],[26,-36],[-46,9],[-14,42],[34,-15]],[[53779,59725],[-44,423],[58,63],[-3,56],[33,43],[-3,73],[22,100],[149,420],[306,672],[74,1720],[65,250],[-111,239],[-8,80],[18,34],[-118,312],[-3,289],[-53,577]],[[54300,56165],[22,155],[-33,27],[-72,369],[-79,170],[-153,227],[-111,270],[65,196],[72,10],[92,-42],[106,37],[79,-32],[67,35],[-57,81],[-95,235],[-31,370],[32,200],[-19,87],[12,59],[-19,54],[2,119],[-42,40],[-19,268],[-77,85],[-37,181],[-99,-2]],[[63318,69107],[64,-261],[-59,20],[-72,-122],[37,13],[5,-37],[36,41],[32,-25],[16,-192],[65,-158],[-12,-59],[23,-57]],[[63427,68801],[16,-44],[-36,25],[20,19]],[[63431,68943],[-35,-63],[-18,17],[-33,98],[19,22],[-5,33],[28,12],[-17,42],[58,-114],[3,-47]],[[24972,59741],[-2,65],[23,53],[52,71],[25,-13],[16,76],[46,36],[-21,55],[4,43],[62,8]],[[25177,60135],[58,-37],[13,26],[74,-171],[26,7],[15,-59],[52,-15],[2,-76],[59,31],[14,50],[38,-1],[23,-71],[55,28],[32,-58],[-24,-163],[19,-41],[-27,-31]],[[25606,59554],[-6,19],[-10,-43],[21,-57],[-36,-62],[-110,4],[-8,5],[7,13],[-8,18],[5,-19],[-21,-14],[-13,53],[2,-28],[-28,36],[-46,-4],[40,-4],[11,-24],[-17,4],[38,-35],[-90,45],[-129,131],[-155,31],[-11,46],[-70,72]],[[24972,59741],[-133,105],[-205,24],[-124,129],[-134,211]],[[24376,60210],[24,79],[1,180],[23,45],[-38,114],[130,454],[362,22],[-6,93],[18,92],[-66,37],[0,62],[-46,123],[-71,59],[-63,157],[-45,33],[125,8],[3,322],[506,2]],[[25233,62092],[3,-448],[-24,-658],[89,0]],[[25301,60986],[45,-31],[40,-79],[14,87],[20,-4],[-33,71],[107,-141]],[[25494,60889],[-209,-337],[-52,-46],[-20,-122],[24,-81],[-4,-73],[-24,-5],[-32,-90]],[[84452,46452],[117,94]],[[84699,46671],[49,96],[13,95],[66,34],[131,51],[60,-22],[95,59],[39,-39],[116,102],[34,-31],[32,18],[30,-48],[-81,-150],[-122,-75],[-31,-79],[-85,-26],[-61,-79],[-98,-37],[-148,-170]],[[84880,47112],[22,31],[-21,-100],[-20,26],[19,43]],[[81952,54609],[32,51]],[[81666,54482],[91,4],[56,50],[111,177],[48,28],[-33,-93]],[[52065,77025],[-19,-12]],[[48660,66228],[-523,648],[-549,671]],[[49382,72041],[74,-8],[54,31],[130,136],[31,122],[42,61],[64,52],[48,-29],[41,96],[37,10],[17,-45],[56,-20],[119,237],[195,162],[84,34],[174,9],[105,44],[69,-24],[92,122],[58,-38],[24,40],[70,-20],[110,81],[253,-13],[144,-145],[44,13],[75,96],[129,40],[19,67],[42,43],[35,-20],[16,-49],[97,-48],[79,44],[-3,71],[136,-73],[24,18],[-7,-60],[37,-23],[90,62],[64,-32],[39,22]],[[53324,65377],[-624,-763],[-622,-760],[-469,-820],[-435,-177]],[[58920,36375],[-21,320],[9,158],[-34,30]],[[61232,45800],[25,-8],[-6,-45],[41,-69],[-47,-43],[38,-46],[-35,-66],[3,-47],[17,13],[-17,-99],[-44,-75],[33,-39],[-11,-153],[26,-109],[1,-210],[-20,-34],[30,-71],[-23,-66],[24,-17],[16,-66],[-15,-3],[3,-32],[19,-35],[-22,-6],[-9,-71],[-14,11],[-20,-46],[20,-35],[4,43],[27,-16],[-19,-186],[11,8],[6,-44],[-17,-86],[19,-32],[-16,-41],[31,-228],[-8,-54],[-23,-22],[15,-57],[29,47],[14,-51],[-4,-40],[-27,0],[-2,-130],[20,77],[20,18],[20,-37],[-23,-35],[20,-8],[2,-149],[-36,-56],[-19,24],[36,-83],[-28,12],[11,-55],[-49,-28],[-6,-35],[45,-11],[-24,-159],[-145,-295],[19,2],[-40,-136],[-58,-46],[20,-74],[-30,-7],[-19,-60],[-152,-185],[-11,-67],[-60,-35],[-59,11],[1,-28],[-137,-123],[-14,64],[-12,-8],[13,-55],[-260,-260],[-57,-158],[-42,78],[40,-98],[-140,-293],[-25,-82],[7,-50],[-32,3],[-15,49],[8,-113],[-34,-6],[-6,58],[-32,-69],[-43,-18],[-143,-328],[-99,-161],[-37,-29],[-62,147],[-20,8],[-7,-24],[23,7],[46,-117],[-19,-40],[15,-11],[3,-143],[-33,0],[24,-43],[-12,-85],[-16,-1],[21,-53],[-14,-42],[20,9],[43,-77],[-6,-31],[34,-10],[12,-120],[12,14],[11,-30],[-29,-84],[19,-59],[-3,-62],[15,82],[-2,-114],[42,-154],[18,-256],[-8,-172],[24,-57],[13,212],[17,7],[4,-117],[10,75],[-17,-294],[13,-148],[19,19],[-35,-151],[-25,-329],[-14,41],[-2,-166],[13,69],[24,-20],[3,56],[14,-12],[-8,-172],[-109,-286],[-508,-402],[12,25],[-132,-184],[-44,-181],[-58,-56],[19,3],[37,-121],[45,-57],[31,120],[-17,-442]],[[61085,42459],[11,-15],[-19,-66],[-16,57],[24,24]],[[58059,50266],[5,57],[22,15],[54,-37],[9,-96],[106,12],[49,77],[10,204],[51,-66],[25,53],[48,21],[49,-56]],[[58216,51033],[68,37],[32,-86],[58,74],[52,161],[38,-1]],[[77429,57794],[-57,-209],[-23,419],[19,-13],[29,91],[-14,18],[36,24],[3,70],[-18,50],[19,14],[9,65],[-17,68],[22,38],[-16,45],[5,63],[43,30],[-30,36],[7,55],[-37,-96],[-20,69],[29,43],[-44,0],[32,24],[16,44],[-26,78],[21,61],[-30,-26],[-16,28],[47,61],[-28,47],[3,32],[26,16],[-24,26],[19,96],[-21,24],[-11,242],[-27,56],[-2,74],[-6,-19],[-42,185],[-16,8],[-14,202],[-2,-300],[-11,-4],[6,83],[-18,11],[-11,178],[13,91],[-32,94],[2,79],[-10,-11],[-22,135],[16,21],[23,-42],[-21,88],[-28,-44],[-16,90],[8,190],[-27,75],[19,39],[-18,251],[-44,126],[22,121],[-3,118],[28,47],[-102,-43],[-12,113],[-20,10],[-5,102],[-5,-28],[-10,55],[-8,95],[29,12],[-28,13],[-8,-29],[-6,63],[-59,113],[-4,42],[-17,-36],[25,-45],[-17,-60],[17,-108],[-15,-72],[-14,5],[11,-37],[-46,-156],[-68,-56],[-47,69],[-11,95],[17,30],[-33,-24],[42,-206],[-56,-53],[-31,37],[17,-44],[-75,-95],[-21,45],[-16,-158],[-69,-130],[-36,10],[-1,56],[22,84],[0,95],[-6,-95],[-25,-67],[6,78],[-17,-125],[-24,18],[-8,120],[11,43],[25,11],[-25,17],[-18,-43],[-10,-155],[-17,-24],[-35,16],[13,32],[-12,-4],[-5,63],[25,51],[-10,-12],[-7,64],[36,71],[-38,-52],[4,-69],[-41,-106],[-34,37],[37,55],[17,84],[-25,-82],[-38,-49],[31,107],[15,232],[-16,5],[-13,-157],[-12,-13],[12,62],[-13,-40],[-17,11],[-26,-127],[-52,-56],[8,317],[20,12],[12,203],[22,28],[-2,133],[23,4],[2,76],[13,-15],[-9,166],[15,-21],[-46,247],[13,43],[-20,112],[-27,9],[25,32],[-74,240],[36,4],[-19,2],[-17,73],[-8,-30],[-23,25],[16,131],[-19,5],[13,160],[-22,-123],[-24,18],[21,-128],[-15,-63],[-70,92],[-54,191],[19,46],[68,-112],[37,37],[14,41],[3,49],[-72,101],[19,14],[2,52],[-13,-41],[-14,22],[11,30],[-41,-27],[1,45],[37,74],[-44,-25],[-15,68],[-29,-20],[-11,71],[-6,-36],[-6,44],[-19,-32],[-40,28],[30,-143],[-35,84],[16,-107],[-55,186],[35,11],[7,36],[-36,-33],[28,130],[2,29],[-11,-39],[-8,27],[12,83],[-14,-58],[-2,-74],[-43,-115],[-23,61],[46,52],[-27,32],[-9,74],[-13,-29],[-13,79],[-24,61],[21,-69],[6,-184],[-62,202],[-35,52],[-33,208]],[[75628,63962],[-25,66],[17,139],[33,20],[10,-43],[37,-9],[13,-66],[20,30],[-18,391]],[[77304,57620],[-45,-117],[-2,66],[47,51]],[[77273,57662],[-2,41],[17,-12],[-15,-75],[0,46]],[[77359,58105],[16,-34],[-7,-26],[-9,60]],[[77191,58101],[17,20],[-19,-43],[2,23]],[[77296,58074],[8,-59],[-13,-24],[-14,109],[-15,24],[-19,-21],[26,52],[27,-81]],[[77368,58153],[-14,0],[13,65],[1,-65]],[[77298,58311],[-8,-20],[-7,32],[15,-12]],[[77299,58628],[12,-39],[-11,-128],[-30,-35],[29,202]],[[77370,58631],[0,-158],[-28,21],[-18,128],[46,9]],[[77237,58572],[9,-40],[-21,42],[0,92],[12,-94]],[[77389,58725],[15,-19],[-50,-25],[-11,127],[46,-83]],[[77248,58851],[12,-27],[-28,39],[10,47],[14,-17],[-8,-42]],[[77240,58954],[-18,-55],[-16,23],[-1,33],[21,21],[7,-26],[10,40],[-3,-36]],[[77351,59080],[-3,-73],[-29,-76],[-14,7],[4,202],[25,-28],[6,-63],[11,31]],[[77304,59368],[11,-6],[-10,-92],[-15,173],[14,-75]],[[76340,61008],[-6,-78],[-22,9],[28,69]],[[76294,61175],[-9,-84],[-63,-136],[-3,93],[75,127]],[[77107,61286],[-11,-124],[-25,59],[0,101],[41,4],[-5,-40]],[[76040,62660],[-4,-64],[-24,-6],[-45,113],[38,20],[34,-21],[1,-42]],[[76102,63015],[-15,-57],[-31,-24],[-45,124],[23,37],[68,-80]],[[75973,63240],[2,-35],[-31,119],[27,-38],[2,-46]],[[75823,63372],[16,-120],[-31,148],[15,-28]],[[75628,63962],[17,-186],[-76,240],[-2,83],[-25,82],[18,30],[3,122],[-13,-32],[2,84],[-25,-3],[14,54],[-10,-12],[-28,183],[7,38],[-8,34],[27,68],[-32,-70],[9,-31],[-10,-6],[-31,171],[-60,131],[8,82],[-21,-87],[-34,-9],[7,-24],[-37,17],[-4,-24],[26,-25],[-17,-56],[-31,0],[-20,80],[6,-54],[-27,-2],[-41,90],[-46,186],[11,117],[-19,105],[32,49],[-30,-25],[5,64],[-41,-12],[27,-25],[-6,-89],[-84,48],[49,-81],[39,-18],[13,-58],[-14,-69],[-2,20],[-10,-17],[-19,-5],[-1,-9],[5,-35],[19,-62],[-16,-2],[-29,-71],[32,-23],[7,-63],[-15,-19],[-5,-49],[8,47],[25,-7],[15,-143],[-49,-137],[-14,15],[9,55],[-7,52],[5,-64],[-39,-184],[-24,-33],[-26,17],[9,59],[-28,-40],[59,193],[-51,-121],[-16,7],[23,94],[-27,-102],[-13,6],[-16,160],[37,124],[-25,-57],[-13,16],[0,-188],[-21,-9],[23,-111],[-48,-31],[-17,55],[-8,-32],[23,-49],[-29,-14],[-2,-34],[-17,64],[27,301],[-21,-75],[-5,-127],[-15,179],[12,-192],[-18,-115],[-24,-11],[-5,132],[-28,-188],[-17,95],[-23,3],[-13,181]],[[75537,64365],[10,-137],[-26,-24],[-7,141],[12,10],[-2,-34],[13,44]],[[74754,64377],[4,-35],[-22,42],[-2,71],[20,-78]],[[75524,64426],[-16,-81],[10,119],[6,-38]],[[75164,64495],[4,-27],[-29,-44],[25,71]],[[75092,64468],[17,35],[-20,-90],[3,55]],[[75120,64527],[14,-38],[-19,-43],[5,81]],[[75150,64538],[-16,-15],[36,74],[-26,-97],[6,38]],[[75318,64708],[11,-74],[-46,-77],[15,170],[20,-19]],[[75321,64793],[12,-18],[-24,-6],[12,24]],[[75407,64840],[24,-106],[-30,30],[6,76]],[[75219,64788],[18,-35],[-5,-148],[-53,-106],[10,63],[-22,-34],[23,192],[-11,99],[-25,31],[11,99],[15,7],[39,-168]],[[75178,64992],[10,-24],[-25,4],[-19,-59],[-18,32],[5,56],[47,-9]],[[75185,65052],[-45,13],[22,34],[23,-47]],[[75141,65118],[1,-9],[-12,-26],[-4,32],[15,3]],[[75145,65264],[-26,37],[43,-48],[-17,11]],[[67019,72346],[22,5],[71,-113],[112,5],[62,-84],[15,-88],[41,80],[52,-33],[128,123],[-1,109],[38,42],[-29,41],[-2,50],[91,8],[127,92],[44,-18],[3,61],[117,96],[32,88],[0,113],[48,164],[12,133],[70,56],[132,14],[34,145],[28,40],[148,-143],[63,19]],[[55121,76343],[31,46],[-29,103],[2,101],[52,16],[7,122],[44,63],[28,3],[19,-46],[22,24],[-44,114],[78,15]],[[55379,75936],[-54,49],[-79,200],[-30,-7],[-28,65],[-30,4],[-2,27],[38,-27],[-4,52],[-53,-38]],[[54903,76534],[-20,30]],[[29140,63292],[-20,0],[17,26],[-9,17]],[[29128,63335],[12,0],[0,-43]],[[29122,63334],[-20,-41]],[[29102,63293],[20,41]],[[29128,63335],[13,51],[-22,-20],[3,-32]],[[29102,63293],[-80,-11],[-56,45],[-134,20],[-417,-94],[-9,26],[42,123],[131,161],[9,56],[-44,56],[13,43],[-41,47],[-42,-24],[-159,20],[-117,188],[-14,111],[11,22],[-36,145],[-33,27],[16,11],[-16,28],[-129,-50],[-123,82],[-55,-6],[-12,46],[-30,-23],[-18,55],[-56,41],[-50,94],[17,18],[-27,63],[-15,-15],[19,-71],[-172,25],[-29,113],[-3,-127],[-10,52],[-27,-36],[-16,47],[-36,20],[-83,-9],[-95,119],[143,53],[2,49],[-65,61],[-245,15],[-11,-48],[-72,-76],[-30,-87],[-26,2],[-43,-90],[-45,35],[-26,-43],[-71,0],[-29,-145],[-58,-6],[-75,-82],[4,96],[-96,-64],[-30,31],[119,98],[64,-15],[4,32],[-9,-23],[-8,54],[-30,43],[64,218],[19,-8],[35,63],[-8,22],[18,-17],[125,109],[39,0],[46,72],[16,-42],[30,52],[27,-27],[13,34],[95,13],[99,81],[177,-21],[15,-64],[105,95],[-38,-51],[38,-51],[20,40],[33,-26],[82,17],[19,39],[-7,-39],[18,-47],[35,-33],[51,-23],[56,28],[36,-63],[34,28],[-18,-45],[57,-35],[7,-59],[79,-140],[156,-13],[13,-43],[7,41],[179,-173],[49,-125],[8,55],[15,0],[-12,-32],[27,-61],[82,-16],[7,-68],[23,-11],[-28,94],[-46,47],[16,26],[118,-152],[-6,-64],[-58,33],[30,-25],[-1,-53],[27,2],[20,73],[77,-120],[-21,-52],[23,48],[37,-20],[10,-20],[-27,-21],[33,-22],[-11,27],[30,-3],[-19,-36],[21,-24],[23,24],[-19,32],[38,2],[97,-121],[93,25],[35,-60],[-20,-66],[-26,-6],[53,-39],[-61,8],[-3,-51],[16,-29],[26,49],[22,-56],[29,4],[2,29],[35,-44],[16,3],[-21,20],[11,10],[52,-34],[30,22],[73,-53],[95,-186],[44,20],[26,-45],[-35,-101],[-152,-18],[-78,-80]],[[28241,63670],[-2,-21],[-35,49],[37,-28]],[[29023,63808],[9,-32],[-26,18],[17,14]],[[28076,63816],[22,-20],[-33,24],[11,-4]],[[28048,63862],[10,-28],[-25,34],[15,-6]],[[27064,64293],[-7,-54],[-87,-60],[-48,18],[-31,93],[30,-46],[33,28],[2,-21],[3,24],[-39,113],[36,72],[-9,13],[79,-32],[38,-148]],[[28435,64534],[0,-63],[-19,-20],[-32,70],[-24,-9],[-13,50],[88,-28]],[[28376,64653],[-10,28],[34,-75],[-24,47]],[[28334,64588],[-14,29],[11,20],[1,31],[-4,16],[12,-9],[-3,-36],[33,-6],[-10,-20],[21,-19],[-10,-34],[-37,28]],[[28278,64692],[-28,53],[43,5],[21,-68],[16,-17],[-5,-9],[-47,36]],[[28215,64769],[-75,46],[83,10],[33,-64],[-42,-17],[1,25]],[[27688,65071],[20,14],[5,-30],[-25,16]],[[27723,65150],[17,-24],[-25,4],[8,20]],[[27547,65182],[0,-25],[-39,-15],[39,40]],[[27562,65198],[18,-9],[-42,17],[24,-8]],[[25494,60889],[21,-23],[59,77],[-5,28],[63,32],[27,-20],[10,27],[-7,-23],[38,-63],[37,37],[119,-52],[41,27],[110,-21],[56,68],[66,28],[4,38],[-24,16],[84,-31],[60,-62],[65,9],[71,59],[89,-64],[5,-59],[58,13],[-53,38],[97,-30],[156,-235],[-76,78],[-27,8],[4,-39],[-12,39],[-23,0],[8,-39],[16,28],[8,-89],[46,-38],[-1,-30],[32,6],[-54,83],[56,-53],[15,-69],[38,54],[27,-7],[-2,-42],[-16,15],[-8,-35],[38,23],[-13,49],[-22,2],[-26,56],[82,-78],[34,-114],[43,-41]],[[25746,59309],[12,28],[-23,24],[14,15],[-32,8],[-26,101],[33,69],[-63,-20],[-1,54],[-19,-57],[-35,23]],[[25660,59532],[15,2],[-6,-39],[-19,16],[10,21]],[[25942,61211],[47,65],[71,18],[-118,-83]],[[26135,61313],[27,21],[-36,-54],[9,33]],[[28103,52659],[72,-138],[23,-2],[102,-156],[75,-64],[40,19],[17,-73],[49,-38],[19,-151],[88,-22],[55,-63],[42,-4],[2,25],[45,-35],[43,22],[-2,85],[32,34],[69,-56],[65,-152],[53,-12],[96,-107]],[[27683,49878],[9,42],[-2,-32],[8,32],[42,-4],[21,71],[5,-43],[27,59],[60,336],[-31,125],[-8,124],[29,90],[-35,-64],[-2,-246],[-28,-37],[-18,17],[17,56],[20,-2],[-29,6],[23,96],[-17,-11],[-45,-150],[-29,-15],[7,-68],[-59,65],[-53,116],[-71,56],[-28,88],[30,-29],[35,43],[14,122],[-35,197],[31,141],[-48,160],[25,66],[71,22],[34,177],[41,-33],[-25,21],[-29,141],[123,271],[1,132],[16,27],[-13,150],[-20,40],[9,70],[117,108],[11,-92],[-4,81],[54,53],[75,13],[30,68],[19,-57],[17,72],[32,19],[-19,24],[15,67]],[[27761,50299],[42,-40],[-62,-166],[-37,1],[15,169],[42,36]],[[25094,51061],[13,-30],[-40,18],[27,12]],[[24894,51110],[-14,-53],[-26,24],[15,51],[25,-22]],[[25192,51438],[14,2],[-4,-45],[-41,-92],[-58,-4],[60,123],[29,16]],[[24946,51523],[-1,-83],[-39,-55],[-58,55],[24,97],[54,17],[20,-31]],[[24611,51572],[-57,-2],[-18,99],[59,15],[16,-29],[0,-83]],[[24843,51669],[-11,-49],[-60,17],[-15,39],[27,72],[59,-79]],[[24774,51412],[-13,-107],[-19,-31],[-64,-35],[-77,19],[-19,58],[11,51],[43,72],[42,3],[20,55],[-80,173],[-14,146],[-50,8],[30,70],[48,19],[32,-87],[10,-125],[60,-111],[-9,-91],[49,-87]],[[24857,51996],[3,45],[26,-29],[-29,-16]],[[28083,52624],[0,-59],[-16,-20],[-10,29],[26,50]],[[27828,50401],[13,-32],[-29,-62],[16,94]],[[28103,52659],[-9,71],[-45,46],[49,106],[76,-23],[8,76],[-13,-10],[-5,76],[-16,-26],[-10,119],[36,140],[4,-30],[9,66],[50,88],[25,-61],[2,70],[11,-73],[21,-26],[13,14],[-3,78],[41,13],[17,-23],[-4,-32],[40,7],[2,21],[-13,28],[6,7],[-10,44],[22,12],[-9,17],[21,-14],[-9,28],[24,17],[-20,-5],[0,33],[25,8],[-4,36],[-25,-7],[68,141],[-18,11],[24,63],[21,19],[17,-39],[-13,47],[9,63],[19,-23],[-16,44],[57,75],[-23,38],[21,-6],[-14,14],[14,12],[-7,20],[33,59],[-26,8],[1,-25],[-36,-26],[-14,74],[26,4],[5,52],[-21,24],[-22,-103],[-25,57],[2,87],[53,49],[-28,2],[-14,45],[21,72],[-4,162],[19,-28],[-25,86],[-9,316],[-23,57],[-27,1],[19,53],[44,12],[25,68],[-30,168],[-37,94],[1,61],[19,-32],[9,35],[10,153],[-18,74],[-15,15],[-21,-33],[-15,95],[-29,12],[9,96],[-64,126]],[[28362,55999],[21,139],[25,31],[-9,101],[51,-102],[66,103],[-11,39],[22,74],[38,21],[-71,298],[-19,10],[32,110]],[[28507,56823],[89,-224],[25,-6],[6,-79],[30,5],[0,-63],[-24,0],[4,-57],[41,-3],[-5,284],[-48,74],[176,232],[41,172],[62,112],[37,1],[-12,-18],[12,-12],[53,36],[12,97],[-11,39],[-24,6],[18,48],[30,263],[-48,-61],[31,97],[21,10],[-2,41],[-15,4],[21,52],[2,-31],[2,39],[-10,37],[33,65],[36,37],[7,-21],[-5,51],[61,61],[57,120],[89,-66],[62,-2],[-53,-7],[2,-74],[-32,10],[0,-50],[9,28],[18,-38],[-2,46],[14,-55],[17,0],[50,195],[-5,89],[23,59],[41,6],[83,-50],[115,15],[153,238],[133,103],[34,126],[-9,75],[56,12],[-13,-36],[22,-16],[19,52],[-25,15],[36,54],[7,-30],[20,50],[11,-26],[17,36],[-29,-8],[11,29],[51,-12],[79,-79],[34,-133],[-61,-130]],[[30187,58657],[-179,-108],[-82,-292],[-65,-20],[-115,-396],[-20,-357],[-113,-369],[50,1],[56,70],[15,-110],[46,6],[32,-267],[78,-170],[16,-145],[-43,-96],[11,-60],[-7,-201],[18,-41],[57,-18],[30,-170],[29,-43],[41,-16],[63,39],[91,-15],[30,-37],[134,80],[107,-93],[52,19],[191,-489],[31,19],[24,-43],[51,79],[118,-48],[183,48],[42,55],[105,-67],[-12,-48],[19,-78],[-56,-112],[2,-140],[-60,-116],[11,-159],[-22,-306],[22,-60],[2,-147],[43,-237],[37,-25],[53,-193],[-147,-286],[-5,-56],[29,30],[35,-16],[14,-71],[107,-170],[-8,-74],[29,-94],[-5,-65],[42,-187],[29,-255]],[[28297,53346],[9,-51],[-10,-20],[-20,41],[-3,61],[24,-31]],[[28360,53385],[33,-59],[-29,0],[6,27],[-13,11],[3,21]],[[28387,53366],[13,-34],[-24,26],[-10,44],[21,-36]],[[28513,54289],[22,-4],[-77,-31],[32,31],[2,48],[21,-44]],[[29003,57804],[15,-10],[-16,-18],[1,28]],[[47940,73253],[-113,-112],[-43,-7],[-56,58],[-112,21],[-116,-59],[68,408],[-15,-4],[1,103],[-25,29],[33,135],[-6,99],[-41,71],[94,-36],[-36,19],[-11,65],[-4,-48],[-32,18],[-91,-54],[13,76],[-19,66],[41,-4],[45,67],[-19,80],[19,58],[50,48],[-48,-33],[-45,-121],[-4,-67],[-58,-25],[-47,21],[42,322],[-19,62],[53,18],[35,100],[62,314],[23,-3],[-34,47],[43,253],[50,66],[-26,-4],[3,56],[-26,-111],[28,288],[-24,56],[-26,243],[37,29],[-37,-16],[-14,25],[1,65],[35,68]],[[45336,70657],[-52,-22],[-57,45],[-18,59],[17,26],[142,-66],[-32,-42]],[[45461,70871],[-17,-10],[31,40],[4,-28],[-18,-2]],[[43037,73154],[11,-50],[-49,32],[38,18]],[[43000,73639],[12,-63],[-97,-27],[-55,21],[-44,63],[27,34],[58,-48],[99,20]],[[42191,73975],[20,-22],[-117,-2],[-25,71],[49,13],[73,-60]],[[42052,74062],[-3,-44],[-29,-4],[-32,49],[34,26],[30,-27]],[[42252,74065],[36,-31],[-76,23],[-78,95],[118,-87]],[[42494,74117],[-19,-36],[-39,6],[-45,68],[68,21],[35,-59]],[[42226,74302],[-21,12],[4,39],[29,-29],[-12,-22]],[[41331,74586],[21,-24],[-13,-64],[-30,25],[22,63]],[[64975,73339],[-24,232],[0,449],[44,225],[-35,69],[-25,-3],[-13,47],[-6,-19],[7,94],[-18,-24],[7,-68],[-24,92],[-9,-28],[-1,92],[-48,-25],[-67,20],[3,-95],[-21,127],[53,152],[-16,-80],[58,6],[39,-39],[2,34],[44,0],[-55,88],[1,-28],[-26,40],[-8,-29],[-9,68],[53,115],[-48,22],[-33,-38],[-102,47],[26,-147],[-75,165],[-1,248],[36,100],[14,246],[35,-114],[22,-8],[-15,-17],[15,-42],[40,27],[-5,-24],[23,0],[11,34],[32,-56],[39,86],[27,-150],[125,60],[64,-33],[8,28],[-31,0],[-19,97],[30,15],[32,-61],[46,16],[33,73],[-22,61],[25,-20],[-193,260],[-18,160],[-31,81],[2,90],[-24,36],[-182,-12],[-56,-69],[-54,-178],[41,0],[-28,-170],[19,-190],[-34,189],[-55,81],[8,73],[-43,60]],[[64730,74329],[14,21],[6,-198],[-20,177]],[[59708,68737],[13,96],[-12,23]],[[53144,53080],[-369,0],[-47,48],[-6,53]],[[52722,53181],[21,311],[22,97],[-7,128],[-80,154],[49,51],[-54,-16],[-22,126],[22,-40],[11,1],[-21,34],[9,37],[34,-32],[-19,52],[25,28],[-41,1],[38,101],[-49,-70],[-28,56],[-7,-17],[22,-53],[-28,22],[13,-64],[-18,-8],[-27,16],[3,59],[-32,-39],[-4,31],[-59,43],[2,72],[-27,140],[12,53],[-10,-18],[-15,68],[6,-55],[-19,32],[-3,-34],[-37,113],[18,-129],[-59,8],[24,166]],[[53692,53077],[-2,47],[-34,24],[-115,-27],[-119,44],[-154,-19],[-30,24],[-85,-12],[-9,-78]],[[53087,49565],[-26,46],[-16,96],[-88,138],[-3,79],[-204,353],[-55,149],[25,-34],[13,26],[3,-42],[35,-57],[50,32],[-6,26],[-17,21],[1,-39],[-19,31],[-7,-32],[2,40],[-33,47],[-34,-35],[-7,52],[-6,-32],[-30,48],[-8,92],[-82,182],[54,-27],[21,-85],[-7,83],[-39,62],[-10,-40],[-24,31],[-9,147],[-57,152],[-9,49],[10,-43],[17,-22],[22,-72],[29,-39],[4,-80],[78,39],[-29,79],[-21,-53],[-26,-2],[-10,48],[23,48],[1,66],[-4,-50],[-38,-23],[-11,45],[-32,19],[1,61],[-10,22],[-1,-37],[-35,140],[11,-18],[8,26],[-27,23],[-40,194],[21,-27],[20,-96],[6,46],[14,-2],[-8,24],[12,-3],[23,-108],[11,94],[17,17],[-4,47],[58,154],[13,201],[-16,154],[13,42],[5,-101],[17,16],[18,-64],[5,52],[22,-44],[35,13],[28,-64],[-15,59],[74,36],[-64,-4],[-63,79],[-19,-16],[-28,114],[-26,32],[3,47],[62,32],[6,-34],[-27,-13],[31,0],[9,-75],[10,75],[-21,221],[33,45],[33,-36]],[[52723,52408],[39,-43],[23,46],[363,-3],[-4,672]],[[52499,51471],[12,-24],[-10,-53],[-16,58],[14,19]],[[50663,58684],[-94,257],[54,47],[-38,162],[-38,11],[-35,-68],[-78,15],[-125,209],[-36,21],[0,194],[49,-33],[7,30],[23,-10],[-70,69],[-33,86],[-84,42],[1,46],[-64,156],[-8,50],[13,72],[-63,141],[16,239]],[[50250,58164],[-115,-35],[0,41],[-182,75]],[[49953,58245],[-37,17],[-5,-36],[-14,-21],[-16,21],[-58,-111],[-11,43],[-42,13],[-21,-23],[-183,35],[-355,-16],[5,-53],[-31,-157],[20,-97],[26,-26],[-21,-45],[24,-47],[-12,-53],[18,-199],[-17,-59],[30,-134]],[[50449,55411],[-120,-65]],[[50329,55346],[-45,70],[-11,59],[-27,3],[-39,64],[-5,75],[-27,30],[-2,60],[-30,66],[8,42],[-14,34],[29,33],[13,168],[-6,43],[-30,8],[-6,53],[33,113],[-11,290],[38,55],[-96,274],[30,11],[9,42],[-21,93],[28,215],[-33,52],[-51,-34],[20,43],[-20,39],[41,8],[-32,39],[24,4],[14,357],[-25,8],[-10,63],[-26,-7],[-41,108],[-33,30],[29,247],[-51,41]],[[50329,55346],[-38,-62],[-26,-116],[-198,-20],[-87,-101],[-84,-51],[-119,-160],[-54,1],[-66,-67],[-107,-45],[-36,-84],[-65,-71],[-32,-8],[-72,104],[-212,99]],[[49134,54774],[44,-14],[32,38]],[[45827,58149],[-21,-22],[13,38],[-19,-6],[33,91],[-4,49],[-60,-134],[-11,25],[15,25],[2,87],[-7,-64],[-49,39],[-1,84],[10,25],[11,-8],[12,15],[7,24],[-20,-31],[-6,12],[9,36],[-6,1],[-27,-67],[-16,6],[9,78],[51,28],[-13,24],[27,-4],[-11,28],[20,-30],[4,40],[22,-15],[-2,-41],[32,38],[-20,-8],[-9,51],[-17,-15],[12,27],[-27,-28],[11,36],[-11,20],[-9,-45],[-3,41],[-15,-24],[12,-22],[-12,-21],[-7,27],[2,-43],[-14,32],[6,-40],[-13,12],[-6,-31],[3,78],[-13,-22],[-21,45],[31,88],[69,-9],[28,40],[6,-78],[37,-30],[-38,62],[18,68],[-58,-39],[-59,29],[-112,-122],[11,66],[16,-3],[-17,16],[-15,-64],[-8,28],[-23,-51],[27,137],[40,-3],[2,28],[-42,8],[-29,-59],[-44,-24],[-55,63],[-9,53],[28,82],[54,70],[-68,-79],[-3,39],[-9,-49],[-30,-14],[-75,92]],[[45570,58283],[19,-73],[-28,-15],[15,25],[-12,4],[6,59]],[[45562,58259],[-12,-52],[-11,55],[21,25],[2,-28]],[[45542,58236],[-2,-40],[-22,-12],[-32,44],[41,60],[15,-52]],[[45650,58342],[0,-40],[-32,-35],[5,60],[27,15]],[[45507,58295],[-30,12],[21,39],[14,-12],[-5,-39]],[[45648,58452],[-4,-31],[-15,6],[19,25]],[[45484,58425],[-13,4],[38,36],[-25,-40]],[[45479,58453],[-40,-4],[-2,24],[49,31],[-7,-51]],[[45549,58463],[23,53],[11,-87],[-38,-19],[-13,27],[17,26]],[[45701,58532],[1,-38],[-44,-22],[43,60]],[[45509,58669],[50,10],[-15,-76],[-32,30],[-3,36]],[[48517,72647],[-1,-18],[-5,18]],[[15902,80048],[1127,0],[1099,0],[1160,0],[1099,0],[1221,0],[1221,0],[733,0],[4,217],[50,-7],[43,-37],[32,-279],[33,-47],[199,-52],[33,-69],[74,15],[29,42],[113,1],[92,-46],[-19,-45],[63,-15],[33,-121],[25,63],[59,8],[26,-63],[64,-33],[47,-76],[83,10],[112,98],[34,-87],[175,18],[56,-74],[155,-4],[200,159],[82,25],[963,-807],[30,-152],[57,-100],[127,38],[-14,-54],[18,-120],[36,-93],[35,32],[63,-2],[42,-62],[-49,-134],[43,-2],[260,-251],[111,-1013],[-73,-302],[-32,-249],[-168,-219],[-7,-138],[16,-71],[107,-113],[80,-2],[319,306],[286,91],[341,251],[31,74],[-35,48],[-7,152],[-32,108],[117,87],[531,5],[107,265],[75,81],[10,45],[78,60],[166,262],[107,84],[48,-6]],[[29246,77748],[891,9],[16,123],[32,35],[48,-25],[46,59],[28,-65],[22,109],[48,-9],[-25,48],[12,47],[75,83],[1,50],[42,69],[-5,166],[58,119],[18,164],[218,436],[43,-17],[3,-93],[42,-46],[145,65],[24,38],[135,-165],[1,-789],[105,-66],[-11,-191],[42,-64],[18,29],[22,-15]],[[31340,77852],[37,-119],[-22,-45],[-23,6],[15,-51],[17,41],[12,-31],[-4,37],[23,-47],[-61,-99],[-55,31],[-4,-59],[-7,37],[-6,-32],[-27,23],[-4,-61],[-26,16],[-15,-38],[-21,57],[-31,-116],[0,51],[-10,-45],[-8,53],[-17,-18],[16,-37],[-25,-44],[-14,88],[-20,-13],[-5,38],[-6,-33],[-24,36],[10,-45],[-23,8],[-15,-35],[-19,51],[4,-59],[-6,24],[-25,-12],[9,-100],[-77,44],[34,55],[-6,21],[-27,-25],[21,77],[-17,14],[-1,-51],[-50,-29],[13,-52],[-70,-219],[-20,-12],[12,45],[-25,-39],[-17,18],[2,51],[-51,-130],[4,107],[-17,-123],[-21,38],[11,89],[-36,-81],[4,-42],[11,16],[-15,-47],[-6,171],[-28,-46],[17,-9],[8,-132],[-10,-20],[-11,99],[-33,-83],[16,71],[-22,-62],[16,62],[-44,-24],[-49,-90],[21,-9],[1,-43],[-38,-12],[6,-50],[-69,-89],[-25,-118],[-20,15],[6,-43],[-43,-126],[30,-97],[21,-15],[14,36],[9,-34],[-78,-56],[-3,-63],[-20,6],[3,-46],[-24,8],[-3,-30],[26,-45],[24,13],[-8,31],[43,-48],[42,-126],[-16,28],[-18,-36],[47,-36],[11,-87],[64,-31],[-17,-10],[74,32],[19,24],[4,61],[-23,-16],[-8,83],[-41,14],[46,-2],[43,-127],[-15,-24],[11,-70],[-93,-37],[4,20],[-44,-3],[-67,-68],[10,119],[-24,11],[-38,-90],[-16,28],[-12,-60],[-26,-17],[-6,33],[-34,-55],[-6,102],[27,87],[-42,-84],[-36,97],[7,-62],[-23,-20],[6,-120],[-20,-59],[-104,-36],[-3,24],[-55,4],[-57,-40],[-29,48],[11,-44],[-43,-19],[-107,-7],[-5,35],[-55,-90],[-31,11],[-115,-93],[-50,-78],[4,-33],[-36,-5],[-1,7],[6,30],[-3,10],[13,73],[1,59],[-29,102],[16,-208],[-32,-125],[-49,-46],[-20,-79],[80,-55],[-7,45],[11,-18],[-32,-387],[9,164],[-29,-209],[-45,-71],[9,-39],[-31,28],[7,-49],[-24,-42],[15,-24],[-32,-27],[6,40],[-12,-40],[-25,-2],[25,-14],[-70,-170],[-42,-35],[13,146],[-66,4],[-107,168],[-8,78],[43,109],[72,41],[34,82],[-35,-66],[-67,-36],[-56,-110],[1,-107],[53,-123],[1,-112],[55,-138],[31,-11],[5,-94],[-20,32],[11,-29],[-30,-39],[41,24],[4,-108],[-10,-51],[5,70],[-12,-36],[-20,8],[20,-53],[-70,-130],[-19,-124],[-128,-299],[-17,-133],[-19,76],[23,184],[32,55],[9,79],[35,19],[-23,40],[31,27],[-68,-5],[37,92],[-31,-11],[17,39],[-41,-14],[34,57],[-24,22],[17,76],[-33,-90],[-8,66],[-13,-75],[-48,92],[-1,-43],[-29,90],[41,54],[-32,-2],[3,35],[62,-32],[23,22],[2,30],[-17,-38],[-36,34],[13,20],[-17,24],[-9,-31],[-9,48],[-16,-21],[1,31],[-15,-59],[10,86],[14,19],[23,-57],[17,26],[-19,-9],[-3,35],[23,18],[-15,28],[-10,-28],[-14,42],[-35,-63],[16,108],[33,-28],[37,96],[-31,-13],[-17,-57],[-10,82],[27,86],[19,32],[74,-1],[-54,13],[28,47],[26,-8],[-15,27],[17,44],[-47,-76],[19,87],[-41,-26],[-11,-37],[15,-21],[-40,-54],[-6,64],[-14,-95],[-8,53],[-25,-6],[19,-23],[-27,-19],[8,-36],[-23,31],[24,-42],[-14,-24],[-49,37],[53,-74],[0,-37],[-23,5],[34,-29],[-17,-21],[-31,45],[32,-71],[-32,5],[21,-31],[-16,-83],[10,-131],[37,-82],[-11,-36],[-60,88],[-13,118],[2,-112],[62,-111],[22,4],[14,-147],[-37,94],[-17,-44],[-28,53],[-52,18],[-21,83],[11,-81],[-23,19],[-30,110],[-48,-68],[-14,17],[8,94],[59,81],[-15,118],[6,-107],[-34,-16],[9,-30],[-26,12],[-23,-145],[-13,14],[19,-44],[-14,-3],[26,-11],[57,39],[-3,-46],[28,-61],[94,-35],[23,-72],[79,-70],[-1,-47],[-21,15],[6,-121],[-46,41],[-10,-30],[-119,251],[-55,42],[57,-62],[1,-45],[103,-203],[75,-33],[-31,-21],[35,-9],[3,-105],[-44,62],[-5,-69],[17,-21],[-34,-22],[-84,147],[53,-120],[39,-47],[22,10],[29,-117],[-41,-30],[-50,82],[-7,59],[-30,-14],[-32,73],[-20,-45],[-20,45],[-75,-4],[71,-12],[12,-32],[71,-52],[13,20],[3,-81],[46,-52],[-8,-52],[40,21],[25,-29],[-6,63],[85,-15],[61,-375],[73,-281],[-54,124],[11,16],[-39,150],[-36,242],[-6,-96],[15,14],[4,-46],[-40,54],[2,-51],[31,-79],[2,38],[37,-200],[-49,129],[15,-81],[-81,90],[38,-92],[-29,-18],[-35,47],[20,-65],[-67,61],[42,-63],[-74,-48],[-30,25],[-12,153],[0,-217],[86,21],[43,-33],[-5,28],[65,6],[-2,-109],[-19,0],[24,-55],[-29,0],[29,-27],[13,136],[16,21],[20,-25],[-13,33],[23,-4],[-8,28],[37,-87],[-17,-146],[-29,36],[-39,-126],[-34,-41],[-57,38],[-5,-41],[-13,70],[-22,-42],[-21,61],[31,25],[-51,-11],[13,-73],[-126,80],[21,-55],[141,-96],[-57,-58],[29,4],[3,-31],[-57,-77],[-87,96],[38,-102],[51,-40],[35,44],[26,-31],[-8,35],[22,-12],[10,58],[-3,-76],[38,20],[-7,29],[23,-31],[-22,-51],[-17,0],[-29,-86],[-28,47],[-5,-62],[-15,53],[-24,-27],[20,-16],[-54,8],[-55,-36],[-11,49],[-1,-46],[-56,-70],[-18,16],[19,35],[-28,60],[15,-70],[-19,-14],[20,-47],[-44,-33],[-54,-88],[-59,-222],[-6,150],[4,-109],[-19,-61],[-99,32],[-108,-100],[-103,-208],[-14,-115],[-24,58],[23,69],[-25,-45],[-4,-47],[30,-54],[-24,-36],[-19,20],[13,-27],[-26,-53],[-55,-2],[-1,-58],[-67,-87],[-32,51],[-7,-38],[27,-44],[-43,-34],[6,-22],[-48,-25],[-24,31],[17,-35],[-36,-43],[-57,43],[1,-24],[-38,1],[54,-25],[-31,-12],[36,-19],[-24,-44],[32,36],[-11,-50],[-46,-32],[-6,112],[-6,-92],[-49,137],[16,-127],[33,-60],[-39,-62],[9,74],[-30,-102],[16,-32],[-28,-16],[-6,-55],[-44,16],[-7,-31],[29,-16],[-19,-48],[-46,13],[21,-28],[-37,-95],[1,-117],[-46,11],[62,-63],[-32,-67],[-20,37],[-10,-53],[24,-11],[-5,-40],[-25,39],[18,-41],[-20,-26],[20,-8],[-23,-67],[9,-82],[20,-13],[-3,-91],[-14,56],[-3,-40],[25,-55],[64,-502],[71,-297],[82,-241],[28,-102],[-19,-41],[1,-112],[39,-197],[-47,197],[6,226],[-16,12],[-5,-15],[-25,10],[4,75],[-27,28],[30,-241],[151,-687],[-33,36],[46,-60],[31,-188],[-25,-597],[-1,73],[-49,-163],[-2,-143],[-30,-68],[6,-38],[-14,33],[-13,-14],[15,-27],[-34,42],[-40,-58],[-40,24],[-69,-36],[-20,60],[13,67],[34,-75],[25,18],[-63,80],[-57,249],[-76,75],[-31,-15],[19,35],[-19,11],[-15,80],[-4,-24],[-15,202],[-7,27],[-2,-29],[-33,23],[63,132],[-48,-98],[-24,-9],[-16,219],[33,50],[-49,-39],[-33,51],[34,-123],[-45,27],[-69,246],[-3,68],[-44,69],[20,-31],[-1,34],[20,-10],[-13,12],[69,166],[-9,61],[-29,-54],[-4,68],[-42,55],[13,-40],[-21,-23],[44,-24],[-26,-110],[-44,79],[26,-100],[-34,98],[15,210],[34,146],[9,143],[-14,63],[15,-12],[-1,60],[-26,41],[-21,124],[-66,3],[-49,133],[-52,69],[2,71],[-41,43],[-38,111],[-95,107],[-52,0],[-48,-43],[10,-36],[-33,11],[34,-25],[-9,-34],[-37,20],[-102,-108],[1,41],[-37,-51],[-95,-22],[-18,100],[23,-94],[8,63],[-15,52],[-90,142],[66,-66],[13,20],[-19,-12],[-9,61],[-21,-15],[-42,47],[46,51],[-8,24],[-34,-46],[-13,42],[-28,-31],[28,-19],[9,-56],[-95,98],[-124,59],[55,17],[20,-24],[-2,23],[36,-32],[-6,59],[-19,13],[-56,-25],[-1,32],[-21,4],[-31,-61],[-165,-33],[84,45],[-34,42],[15,27],[-19,28],[-13,-91],[-29,78],[7,-64],[-48,-89],[-56,-24],[51,86],[-22,32],[9,-19],[-23,-52],[-23,-23],[-15,24],[6,-49],[-122,-30],[74,32],[-16,72],[-25,5],[0,98],[-33,89],[-30,-241],[-55,49],[-37,-46],[-34,41],[-42,-24],[-51,51],[-16,-12],[35,-8],[-106,-50],[-26,32],[3,-37],[-33,-71],[-43,-19],[-165,135],[-66,-116],[13,-63],[59,-32],[48,16],[32,59],[25,-32],[15,44],[-2,-44],[21,38],[-14,-76],[-34,-12],[49,-79],[49,116],[34,-16],[-25,-41],[24,-15],[-18,-13],[28,-28],[-3,-51],[-19,-16],[-20,40],[-33,-57],[33,-58],[-61,44],[23,-48],[-38,4],[22,-61],[43,-33],[-4,-42],[56,-4],[-12,-16],[38,-27],[13,22],[23,-52],[-9,-15],[38,-36],[-24,-9],[20,-7],[-11,-35],[-10,19],[-10,-71],[-31,63],[-46,-102],[38,133],[-8,-19],[-5,32],[-17,-54],[-20,93],[-101,38],[21,31],[-20,60],[-35,-5],[-67,66],[-8,-37],[52,-50],[2,-75],[-22,-8],[4,-63],[-41,-51],[-9,105],[-7,-19],[-14,44],[-16,-40],[-11,66],[-13,-38],[-34,9],[5,-45],[-33,-63],[-161,81],[-15,46],[32,23],[19,-75],[12,12],[-42,114],[10,80],[-20,-71],[-36,47],[-36,-16],[-1,60],[-23,2],[2,56],[-61,-14],[3,65],[-38,0],[-42,-55],[-19,16],[8,-39],[20,8],[-2,-51],[23,3],[-80,-53],[-246,137],[-175,-42],[-18,53],[31,38],[6,59],[-26,15],[-23,-104],[17,-75],[-63,-3],[-183,-175],[17,56],[60,59],[-82,-21],[24,96],[-11,50],[-20,0],[-32,-73],[-37,54],[19,-43],[-11,-77],[32,-26],[-15,-15],[6,-28],[34,-27],[-19,1],[-63,-116],[-15,20],[3,-94],[-123,-163],[-98,-43],[4,-36],[61,51],[-139,-130],[64,90],[-66,-34],[25,23],[-22,2],[8,35],[-44,-32],[-27,74],[20,-79],[-34,-27],[13,32],[-57,55],[12,-87],[32,-40],[-15,-23],[21,14],[19,-34],[-69,-67],[-39,93],[5,-46],[-19,9],[17,-101],[-27,-52],[-18,-14],[9,79],[-17,-75],[-12,44],[-44,-29],[-12,-49],[19,-39],[35,54],[-45,-152],[-93,21],[36,-15],[5,-53],[31,-34],[-42,-208],[-36,-25],[22,30],[-7,33],[-40,-58],[-40,97],[30,-91],[-26,-18],[93,-9],[-15,-139],[-23,-16],[23,-67],[-19,13],[-4,-36],[19,-27],[21,-166],[-15,-4],[37,-89],[8,-126],[27,-18],[-12,-53],[29,44],[4,-63]],[[23017,66787],[-36,-3],[-23,-24],[1,-39],[-22,2],[-65,101],[-156,26],[-58,82],[-62,15],[-41,74],[-85,29],[-39,233],[-59,132],[8,87],[-25,60],[13,66],[-11,93],[-89,109],[-62,208],[-60,80],[-14,134],[-83,239],[-13,110],[-102,198],[-49,41],[-6,53],[-21,-14],[-26,104],[-39,-5],[-1,29],[-23,-26],[-133,15],[-59,53],[-23,-67],[-77,-19],[-56,-231],[7,-66],[-31,-21],[-49,-119],[-67,25],[-110,142],[-76,36],[-132,190],[-41,158],[0,144],[-71,241],[-122,143],[-163,295],[-69,61],[-61,162],[-496,11],[0,-259],[-775,0],[-1060,675],[27,123],[-667,-105]],[[17465,70568],[-28,96],[16,0],[15,-56],[-5,51],[-12,22],[-22,-21],[-19,240],[-52,131],[-169,235],[-38,13],[-10,-36],[-33,22],[5,54],[-34,108],[-81,-14],[-89,59],[-43,97],[-78,84],[-88,-5],[-71,38],[-89,-17],[-50,69],[-3,332],[-64,49],[4,79],[9,-15],[-16,56],[-111,134],[-61,195],[-109,173],[-23,161],[12,32],[19,-19],[18,76],[12,-9],[-12,65],[-28,77],[-64,-2],[-56,88],[-51,238],[2,143],[29,17],[10,-118],[95,-82],[-61,150],[10,20],[-32,14],[5,60],[-32,45],[17,28],[39,26],[22,-20],[40,19],[87,-27],[23,52],[-1,-45],[12,25],[34,-35],[-44,58],[-49,-40],[27,64],[-60,-54],[-43,47],[-21,-53],[-74,64],[-30,-23],[16,-74],[-16,-35],[18,-24],[-17,6],[8,-35],[-16,-9],[-113,146],[-7,-45],[-18,1],[21,86],[-13,57],[46,-84],[-47,114],[-17,1],[-19,88],[-166,271],[11,62],[-38,184],[15,125],[-23,155],[-142,247],[-6,143],[41,143],[4,-42],[12,66],[27,25],[-20,11],[-21,-55],[34,143],[-15,67],[26,235],[-25,114],[-29,22],[17,113],[-43,81],[-21,125],[9,165],[-46,125],[34,113],[12,162],[16,24],[7,-30],[24,71],[26,-28],[-20,45],[-35,-51],[35,168],[20,44],[19,-12],[-22,21],[-15,-39],[25,361],[8,60],[18,-1],[-18,51],[22,68],[-20,34],[29,275],[-8,110],[23,42],[-8,81],[16,-47],[-19,58],[24,70],[-18,-22],[-12,58],[16,146],[-28,125],[62,-74],[-18,48],[44,-9],[47,37],[42,-51],[36,-7],[21,26],[-33,-16],[-43,67],[-66,22],[-50,-38],[-38,42],[-20,-24],[5,221],[29,-159],[9,35],[24,-14],[-27,33],[-5,87],[17,-12],[4,51],[32,-7],[-38,39],[-20,-26],[-34,24],[-9,89],[29,-38],[-7,34],[65,39],[-84,48],[3,-63],[-20,-4],[-6,151],[-62,319],[-69,143],[-18,104],[21,86],[-19,39],[210,-128],[202,-29],[38,40],[-15,-19],[37,-61],[28,28],[15,-58],[-1,65],[30,20],[42,-152],[-50,-114],[-2,95],[-9,-36],[-5,26],[5,-46],[-90,-225],[90,44],[-76,-24],[45,119],[52,41],[39,103],[14,-16],[-11,73],[16,-15],[24,-95],[-25,-9],[-11,-28],[-18,22],[19,-85],[-29,24],[5,-55],[35,32],[13,-37],[-17,-147],[-33,21],[15,60],[-39,-134],[-9,130],[-76,-154],[42,25],[-23,-53],[21,28],[12,-48],[-2,48],[23,20],[26,-44],[42,69],[10,62],[29,-30],[29,53],[-21,254],[59,132],[-42,37],[-9,70],[-19,12],[-7,-32],[33,-71],[-45,54],[-6,58],[37,-8],[4,40],[-48,75],[-35,-3],[-5,39],[19,11],[40,-35],[-22,75],[36,-3],[-19,101],[-44,-14],[-40,117],[16,33]],[[10832,91946],[0,-1343],[0,-1344],[1,-1343],[2,-1353],[128,-49],[30,43],[114,-61],[93,80],[167,8],[-29,-154],[133,-101],[29,-83],[275,-296],[34,-196],[180,143],[75,14],[28,167],[41,-2],[21,40],[-29,37],[246,114],[124,-133],[-22,-81],[39,-79],[73,-27],[131,-226],[109,-72],[121,-181],[-6,-42],[329,-653],[-31,-67],[86,-30],[-21,-97],[66,-38],[13,-115],[73,0],[128,-107],[95,-36],[80,-69],[19,-60],[86,-12],[20,-111]],[[13883,84031],[-42,-91],[51,-268],[-105,-217],[-90,-84],[-17,119],[4,-79],[-36,-34],[-33,156],[36,34],[38,-12],[72,144],[-83,-135],[-15,29],[-63,-22],[-7,44],[39,62],[87,2],[-13,32],[-57,-23],[-16,287],[-77,93],[52,81],[-92,-87],[-20,28],[-139,-87],[42,-36],[-33,-114],[-34,40],[12,-96],[-58,50],[-27,97],[28,-20],[-1,46],[34,9],[23,196],[132,37],[-116,6],[-20,77],[-51,8],[-51,86],[11,64],[-65,-5],[50,107],[-43,-36],[-68,52],[-45,79],[43,-8],[-8,71],[-23,-41],[-79,37],[-1,49],[-42,-39],[-65,45],[22,58],[61,0],[60,49],[-52,-27],[-54,14],[23,54],[-33,-3],[-12,57],[51,35],[-77,-10],[-16,74],[179,-107],[-145,134],[-7,95],[119,-33],[-120,41],[-36,-80],[-49,96],[24,18],[23,-27],[-20,70],[23,53],[-51,-97],[-54,49],[15,194],[65,67],[-57,-11],[-50,-173],[-95,86],[-71,16],[-66,173],[21,-16],[-9,95],[-21,-47],[-35,61],[-59,246],[4,115],[-18,-98],[-39,11],[54,-61],[14,-73],[-68,82],[50,-82],[-3,-77],[62,-184],[19,-229],[-71,23],[-38,120],[2,-64],[-41,30],[-79,-26],[10,48],[-21,0],[28,4],[8,75],[-70,122],[83,53],[-53,10],[-23,-35],[-31,101],[-18,-66],[29,6],[5,-45],[-30,-60],[-48,32],[34,12],[-60,6],[-5,77],[-22,-32],[-39,64],[22,-78],[-114,103],[39,-79],[-30,-6],[-33,-55],[38,38],[54,-30],[17,19],[42,-15],[28,-28],[-45,12],[37,-68],[22,-19],[-16,46],[42,-33],[-51,-45],[55,-7],[10,39],[45,-56],[-19,-36],[38,-20],[1,-66],[-60,-27],[-15,55],[-49,20],[-16,-40],[42,3],[11,-46],[-69,32],[16,-56],[-29,-21],[-3,49],[-48,12],[-3,32],[-70,7],[-144,122],[54,28],[-65,-12],[-171,257],[-90,27],[45,37],[-51,-28],[-340,232],[59,16],[45,75],[-39,108],[41,59],[47,-74],[4,-166],[3,148],[106,-12],[-95,38],[-78,99],[-91,-133],[-132,-68],[-122,15],[-192,89],[52,42],[-31,108],[-27,-18],[23,-52],[-78,-35],[-312,87],[-311,-66],[-92,20],[68,5],[-69,66],[15,29],[-104,-9],[-55,65],[-48,2],[42,91],[-26,12],[35,108],[27,-7],[11,33],[-37,-19],[-143,-189],[-84,55],[-102,2],[86,129],[-59,-34],[1,45],[-46,-36],[18,42],[-83,-43],[54,96],[-61,-44],[-6,32],[-55,-54],[-59,34],[167,55],[-36,30],[-37,-41],[-75,3],[-30,56],[-5,23],[47,-11],[-32,18],[10,37],[26,-6],[-22,25],[102,5],[-5,29],[-86,-1],[-102,-107],[-2,35],[-32,5],[-18,-37],[-34,33],[-22,-67],[-23,6],[7,64],[-33,-57],[-5,139],[-29,-81],[18,-84],[-36,12],[7,35],[-14,-63],[-32,-2],[-50,65],[97,151],[-8,39],[-89,-146],[-27,53],[-73,-34],[0,-42],[72,42],[-28,-60],[-23,9],[0,-87],[-103,-16],[71,4],[-45,-21],[-16,-51],[82,61],[-16,-87],[56,83],[9,-83],[-39,-51],[-42,24],[-56,-72],[61,51],[58,-55],[50,89],[41,-83],[-28,-32],[-41,7],[11,-36],[-31,14],[4,-47],[-42,-12],[-14,-53],[60,44],[4,-61],[31,38],[-25,-50],[-40,21],[-28,-122],[-31,42],[-28,-63],[-128,27],[1,51],[-50,-105],[-34,143],[5,-73],[-66,-97],[28,-64],[-31,16],[-24,126],[-12,-72],[-28,5],[31,-107],[-77,79],[32,-47],[-26,-51],[-30,41],[9,-61],[-72,-72],[34,142],[-71,-143],[-4,77],[-45,-28],[13,-66],[-86,-64],[-11,-71],[-23,54],[-56,12],[37,-57],[-83,24],[-93,-54],[-68,72],[48,36],[-22,34],[67,42],[75,-24],[-16,50],[74,39],[50,103],[-121,-65],[5,-33],[-128,81],[41,159],[116,209],[-30,190],[96,39],[190,151],[45,-64],[131,22],[202,-69],[-40,53],[-125,28],[-124,92],[106,141],[122,57],[-51,8],[-91,-34],[-63,-120],[-144,9],[-11,62],[-12,-43],[-127,-67],[-38,-71],[-108,-35],[-67,-84],[27,-70],[-44,19],[-51,-50],[-77,-104],[23,-55],[-97,-97],[-82,13],[-13,36],[-40,-8],[35,-3],[9,-33],[63,-38],[33,-52],[-39,-95],[-146,-31],[-12,-24],[80,-4],[-15,-59],[-51,-36],[-52,1],[28,39],[-36,43],[-10,-82],[-37,26],[-23,-36],[39,-13],[-6,-24],[-81,-13],[35,-61],[-109,-34],[53,-11],[-85,-123],[26,-70],[40,33],[86,-7],[125,-123],[-96,-123],[-81,-16],[-12,-66],[-47,-14],[31,-53],[-101,-58],[54,21],[13,-24],[-35,-13],[23,-23],[-38,-12],[21,-32],[-30,12],[0,-44],[-44,68],[7,-65],[-40,17],[8,-55],[-24,28],[-30,-39],[-68,12],[-28,-40],[15,-34],[-74,-37],[7,-54],[-82,30],[4,-67],[-50,-18],[8,-53],[-25,16],[-25,-28],[-27,26],[-23,-26],[12,-58],[-43,26],[-92,-88],[-2,-24],[59,2],[-30,-32],[20,-50],[-41,-56],[-34,8],[27,-44],[-63,40],[-9,-84],[-42,40],[5,-35],[-42,-51],[-27,13],[0,-42],[-70,46],[10,-53],[-55,-24],[34,-59],[-51,-5],[-30,42],[-98,-78],[71,12],[-2,-53],[-69,23],[-3,-30],[-77,-11],[-65,-101],[31,-12],[18,53],[73,-33],[-57,-48],[27,-15],[55,35],[-67,-63],[-14,31],[1,-59],[-27,14],[21,-55],[-49,26],[35,80],[-45,6],[21,-19],[-28,-32],[-10,20],[5,-109],[-49,31],[-19,-53],[-119,-23],[-18,-52],[-13,64],[-21,-7],[11,-70],[-34,-109],[-36,12],[39,21],[-26,19],[24,83],[-57,23],[-8,-36],[-50,4],[-8,-55],[-25,20],[-2,-45],[-77,-7],[21,-23],[-36,-69],[-33,69],[-43,-35],[24,-46],[-32,-10],[-35,41],[-99,-95],[-63,6],[8,69],[31,54],[61,-25],[-73,58],[-59,-13],[-78,-227],[-40,10],[13,-82],[-36,5],[8,38],[-36,-32],[8,-42],[-69,0],[-19,43],[44,-5],[-79,112],[-21,-47],[29,-30],[15,-118],[-24,53],[-29,-63],[-35,-3],[-85,115],[-6,-69],[43,-44],[-85,-72],[8,86],[23,2],[-25,86],[86,73],[-14,-38],[32,-7],[89,122],[40,-4],[-2,39],[-28,-6],[224,265],[179,73],[-59,-36],[87,-8],[50,30],[3,-34],[-45,-25],[27,-6],[36,-95],[8,25],[22,-35],[8,20],[-34,89],[150,-63],[-21,27],[19,16],[-90,47],[57,197],[173,175],[149,67],[89,111],[-34,-58],[19,31],[84,-45],[-11,149],[102,168],[71,30],[83,114],[22,5],[6,-52],[68,4],[6,44],[-6,-40],[-51,-2],[-1,75],[-30,17],[29,260],[61,59],[68,-22],[-95,36],[-22,76],[35,91],[137,125],[-38,11],[82,229],[-84,-154],[-310,-158],[-99,111],[38,99],[-21,9],[32,26],[58,-15],[43,-80],[6,20],[-40,74],[-84,29],[-28,51],[23,-71],[-75,-103],[-4,70],[-22,-10],[10,-120],[-27,-19],[16,48],[-24,-26],[57,-163],[-33,-50],[-62,11],[-93,191],[-76,48],[12,53],[-34,-2],[-46,-93],[-26,62],[-43,-7],[0,31],[-26,-16],[-23,31],[21,28],[-27,46],[-134,-148],[-15,41],[-81,-58],[-34,18],[-20,-82],[20,6],[-129,-71],[15,31],[-15,18],[1,-31],[-115,31],[79,5],[66,88],[-33,-20],[-23,151],[80,47],[-76,3],[-15,-26],[-43,112],[14,25],[-3,-43],[18,86],[64,66],[-137,301],[1,74],[-13,28],[29,25],[-40,-2],[-2,-35],[19,-20],[-24,-19],[-39,105],[65,168],[95,67],[-53,-22],[-31,38],[17,-42],[-43,-26],[-39,-133],[-53,-28],[13,-42],[-39,3],[70,-43],[-21,-112],[-63,5],[-93,-84],[-147,-34],[-142,24],[-24,65],[28,29],[-83,50],[-66,139],[-29,-27],[-97,69],[33,81],[-66,-28],[-58,31],[120,91],[-9,44],[43,36],[-17,50],[29,-39],[54,26],[-8,-51],[110,-22],[15,-56],[-56,-78],[120,128],[47,-12],[11,-101],[87,55],[16,44],[-145,59],[102,20],[-54,32],[15,31],[-85,-79],[-154,-4],[-18,45],[-47,-18],[-23,32],[-69,-19],[-20,31],[120,75],[-64,4],[-17,-30],[-36,42],[17,12],[19,35],[-23,24],[17,-24],[-15,-10],[-6,-26],[-15,-3],[-42,36],[42,30],[15,89],[130,105],[-22,16],[-121,-126],[-25,-44],[19,-35],[-46,-28],[8,-85],[-42,6],[-30,32],[3,83],[-68,19],[-18,46],[40,67],[-41,26],[-51,-36],[-24,50],[14,80],[8,-51],[97,31],[-66,26],[-28,50],[143,23],[-45,71],[13,76],[159,230],[73,12],[6,-34],[66,-24],[-34,-33],[42,27],[-14,50],[-58,-12],[-5,41],[105,105],[-92,-72],[-22,96],[34,8],[-32,23],[54,107],[104,-7],[-78,66],[64,57],[61,19],[116,-26],[18,-57],[34,7],[-74,-83],[77,76],[50,-50],[77,18],[132,124],[85,157],[76,-37],[-42,-31],[273,43],[116,183],[-57,246],[-60,96],[-97,-12],[35,81],[105,-17],[-14,26],[70,37],[13,58],[-102,119],[45,8],[-53,0],[-67,-95],[-34,-13],[-72,41],[25,-16],[-50,-48],[-63,1],[-128,-111],[-55,-102],[-13,91],[-63,31],[-26,59],[-67,-35],[97,-43],[-35,-64],[-142,101],[-185,2],[-112,-56],[25,17],[-64,-18],[-14,25],[4,-43],[43,12],[-19,-14],[-55,-4],[-321,78],[-81,84],[25,97],[-81,48],[-76,113],[21,60],[-14,-65],[61,-33],[49,14],[46,78],[94,-17],[-380,91],[-181,103],[-23,52],[70,49],[-44,-68],[61,48],[81,3],[-9,48],[60,52],[79,-12],[51,40],[-26,15],[190,119],[148,-43],[71,27],[-104,42],[30,57],[128,65],[75,-22],[88,91],[123,26],[150,1],[30,-20],[-84,10],[46,-35],[-25,-136],[-94,-55],[76,10],[66,-77],[256,19],[23,-60],[138,40],[100,-55],[87,172],[58,-30],[53,13],[-21,-72],[25,0],[27,67],[-74,74],[-134,21],[-44,-23],[-3,-50],[-12,41],[19,100],[-89,106],[-82,24],[-37,86],[42,35],[50,-4],[80,-99],[-13,-74],[120,-112],[119,46],[122,-96],[152,35],[-16,128],[-77,-36],[-91,46],[-71,-11],[-38,-63],[-62,-4],[-113,115],[48,125],[57,22],[-86,37],[-115,-23],[-11,32],[-1,-36],[-46,-8],[27,100],[-61,-88],[-318,55],[-28,140],[-91,153],[-357,254],[-136,44],[-103,94],[-147,29],[142,32],[26,276],[155,-14],[366,39],[201,110],[124,177],[-27,-74],[41,53],[30,204],[309,332],[56,-33],[-116,-64],[116,24],[20,35],[190,20],[216,181],[62,-4],[1,-44],[-72,-26],[78,8],[-59,-95],[52,26],[49,-101],[-15,174],[32,-16],[116,40],[-118,-24],[-64,80],[-48,-17],[7,21],[119,93],[141,48],[-59,-24],[64,-12],[-85,-23],[62,-55],[-15,43],[80,7],[-20,23],[96,-14],[105,15],[-51,20],[183,8],[387,314],[27,-18],[-64,-16],[44,-49],[84,-6],[9,-47],[46,26],[89,-22],[19,-32],[-52,-71],[-123,-47],[57,-16],[1,-78],[24,45],[87,5],[75,105],[32,-19],[-27,52],[29,24],[24,-24],[2,40],[-2,-79],[35,59],[101,-57],[-56,-81],[161,-59],[94,69],[177,20],[122,-26],[28,-38],[1,40],[107,-20],[30,-25],[-81,-86],[121,-49],[-154,-11],[241,4],[-61,-68],[146,-5],[65,-37],[12,42],[107,32],[115,-4],[-11,-47],[258,62],[224,-59],[48,-59],[80,24],[105,-30],[46,-55],[500,-21],[74,-60],[110,-16],[-16,-29],[92,-9],[226,52],[16,-45],[2,55],[143,24],[70,-48],[17,43],[177,-61],[91,-90],[172,-54],[67,-64],[40,-4],[-14,29],[87,-25]],[[15808,80048],[15,0]],[[15823,80048],[-15,0]],[[29463,75328],[-24,-56],[25,103],[3,-8],[-6,-21],[2,-18]],[[30885,77259],[-35,-25],[23,43],[12,-18]],[[13153,83403],[4,-35],[-40,102],[41,-17],[-5,-50]],[[13543,83470],[14,-15],[-38,-27],[-42,37],[61,41],[5,-36]],[[13104,83539],[1,79],[43,-81],[-23,-32],[-21,34]],[[13138,83336],[-39,-4],[-18,83],[-67,67],[-5,166],[129,-312]],[[13478,83512],[-19,47],[4,-33],[-25,-8],[29,67],[-9,82],[49,-43],[5,-97],[-34,-15]],[[12974,83660],[23,4],[-11,-31],[-52,-3],[1,59],[32,14],[7,-43]],[[13384,83746],[50,-66],[-14,-39],[-21,10],[11,-62],[-26,33],[0,124]],[[12931,83742],[-37,-35],[-7,-63],[-14,79],[21,31],[37,-12]],[[12906,83786],[17,20],[14,-41],[-48,1],[17,20]],[[12959,83766],[-12,63],[33,-15],[-21,-48]],[[12888,83790],[-55,-24],[27,63],[32,-8],[-4,-31]],[[12971,83967],[-32,-34],[-20,30],[-14,-55],[-39,55],[19,25],[86,-21]],[[12976,84031],[10,-76],[-25,35],[15,41]],[[6763,84019],[27,16],[-12,-89],[-42,33],[27,40]],[[12728,84035],[21,3],[-60,-50],[-4,51],[43,-4]],[[12800,84038],[18,13],[-5,-55],[-13,42]],[[13622,83845],[-3,-115],[-12,18],[-14,-90],[-35,-43],[-34,29],[29,98],[-25,-75],[-46,10],[54,89],[-22,114],[7,-115],[-38,-66],[11,115],[-24,-18],[-5,-115],[-82,94],[56,76],[-19,51],[47,26],[-53,6],[63,25],[-57,28],[60,0],[-30,44],[83,33],[87,-152],[2,-67]],[[12887,84129],[34,8],[-37,23],[92,9],[-7,-86],[-44,11],[-65,-66],[-25,24],[52,77]],[[13181,84259],[41,27],[3,-66],[-26,-24],[34,14],[75,-65],[-31,-8],[19,-94],[-14,23],[-42,-29],[-32,84],[-54,-4],[-16,95],[43,47]],[[13340,83411],[-8,-79],[-76,12],[17,51],[-40,0],[27,24],[-36,51],[4,52],[-16,-62],[-18,-2],[3,52],[-8,-34],[-21,14],[6,43],[30,4],[-26,43],[-15,-35],[15,60],[-23,51],[6,-60],[-21,-3],[-29,71],[-42,-36],[-23,10],[34,34],[-84,-3],[2,61],[100,-19],[-78,76],[15,54],[46,32],[-95,-28],[-36,26],[-1,53],[41,13],[27,76],[-34,40],[-1,116],[-86,22],[-11,96],[76,-11],[8,-32],[36,31],[44,-92],[-33,-30],[17,-36],[40,8],[56,-43],[63,-97],[20,-116],[18,24],[64,-117],[-106,92],[2,-45],[-46,-53],[7,-19],[71,55],[34,-37],[-57,-27],[91,-23],[17,-57],[-41,-6],[0,-34],[69,41],[-2,-95],[-62,-66],[72,24],[-23,-76],[20,-39]],[[13163,84315],[-10,-68],[-47,-27],[-66,63],[36,61],[62,6],[25,-35]],[[13332,84279],[21,-83],[-40,-43],[-74,79],[-10,133],[62,-78],[41,-8]],[[7207,84389],[49,20],[-24,-34],[-48,3],[23,11]],[[6372,84419],[20,-29],[-95,-4],[20,34],[55,-1]],[[7104,84426],[4,-27],[-29,25],[8,-42],[-78,-67],[19,74],[45,39],[31,-2]],[[7199,84402],[-35,-28],[-39,24],[69,39],[5,-35]],[[13067,84538],[39,5],[77,-127],[-105,-40],[-11,162]],[[12810,84366],[10,-110],[-35,36],[23,-76],[-16,-79],[-25,12],[-4,119],[-10,-73],[-28,-8],[24,-22],[-3,-83],[-41,144],[26,49],[-35,-16],[32,79],[6,-43],[15,24],[18,-20],[1,65],[-13,38],[-11,-32],[-51,39],[61,48],[-45,-16],[7,43],[-31,-15],[-18,35],[3,78],[30,-41],[-7,60],[55,-30],[-44,55],[92,-74],[-17,-100],[37,98],[40,-22],[-17,-49],[19,-52],[-17,-21],[-42,33],[11,-73]],[[12802,84708],[160,-50],[20,-41],[-10,49],[89,-43],[2,-188],[-105,128],[36,-58],[-6,-56],[41,-16],[-20,4],[24,-48],[-19,-39],[-66,24],[-39,-37],[-37,14],[-5,225],[-21,-27],[-34,40],[39,10],[-78,71],[29,38]],[[7526,84755],[-84,-50],[-18,-46],[-38,46],[46,76],[9,-44],[85,18]],[[12333,84759],[-8,-93],[-59,-12],[36,103],[-40,31],[4,59],[63,-23],[4,-65]],[[12605,84512],[-13,-330],[-107,212],[57,87],[-31,-36],[-7,51],[-35,-65],[31,92],[-52,-49],[18,89],[-41,-25],[-27,23],[5,82],[51,41],[-58,29],[30,40],[-41,-2],[22,53],[-54,-8],[-40,65],[55,3],[-37,19],[48,94],[43,-23],[-32,-39],[60,22],[-7,-30],[82,-51],[-25,4],[4,-28],[41,-24],[60,-296]],[[7416,85140],[-61,50],[4,28],[63,-38],[19,-52],[-25,12]],[[7733,85021],[-56,-114],[-170,51],[18,-16],[-37,-35],[67,24],[57,-56],[-18,-43],[-49,-16],[-12,47],[-82,-1],[60,-54],[-120,-27],[-18,-54],[-24,34],[13,-58],[-73,-13],[47,-2],[-23,-22],[31,-14],[-18,-29],[-15,23],[-27,-57],[21,-7],[-79,-70],[-45,4],[104,142],[-21,-16],[-1,32],[-33,-35],[64,98],[-18,12],[-82,-109],[-3,42],[42,47],[-78,20],[-70,-24],[22,-36],[86,37],[-56,-149],[-6,42],[-56,36],[-20,154],[-56,19],[47,128],[115,93],[56,-16],[13,-43],[-39,-16],[49,-6],[13,-73],[72,-79],[-50,81],[-11,95],[47,-18],[-57,59],[84,-18],[-90,55],[-5,57],[72,48],[44,-154],[2,77],[50,-17],[-36,67],[66,-36],[9,-43],[-17,110],[53,-39],[-65,102],[132,-59],[-21,-103],[18,75],[22,-19],[15,35],[17,-15],[0,41],[39,-13],[18,-51],[25,3],[-61,-71],[24,11],[-8,-39],[26,19],[-8,-43],[74,8]],[[12114,85215],[-17,-67],[-8,51],[-20,-6],[15,98],[44,-47],[-14,-29]],[[7384,85274],[39,46],[107,-85],[-86,18],[-17,32],[-43,-11]],[[7815,85384],[20,-7],[-21,-41],[1,48]],[[12264,84887],[-45,71],[58,-30],[-75,82],[34,8],[-46,0],[8,38],[-38,56],[-54,24],[29,97],[78,-85],[-111,149],[44,0],[-23,65],[23,1],[48,-93],[-10,94],[48,-34],[50,65],[83,-66],[-39,-69],[-44,0],[42,-26],[-44,-7],[42,-19],[70,109],[129,-65],[2,-104],[-80,55],[76,-75],[-23,-15],[-68,5],[-175,112],[143,-106],[3,-46],[125,17],[28,-149],[-68,-17],[-210,171],[30,-51],[-28,-20],[56,-19],[-14,-32],[21,2],[9,-52],[-40,-57],[-44,16]],[[12612,85372],[-23,42],[32,20],[85,-85],[-94,23]],[[12679,84713],[-72,-47],[-5,123],[30,-5],[-16,31],[35,25],[-28,49],[68,-38],[2,36],[-44,0],[-29,56],[59,31],[-59,-20],[-24,50],[-42,264],[21,71],[-19,-38],[-42,171],[71,-139],[143,-3],[108,-331],[-144,293],[23,-74],[-25,16],[7,-92],[98,-126],[27,-90],[-65,28],[58,-90],[-26,-29],[-60,48],[25,-75],[-75,-95]],[[7787,85428],[-42,-107],[-44,67],[-26,-35],[27,-39],[-77,-28],[-7,69],[-64,-124],[-118,102],[12,29],[78,-29],[-57,59],[26,21],[70,-29],[1,59],[-34,28],[65,43],[42,-11],[22,-81],[20,56],[38,-39],[26,28],[-7,-96],[12,44],[9,-19],[28,32]],[[7599,85534],[82,64],[-37,-85],[-45,21]],[[5292,85661],[72,46],[-58,-143],[-49,-13],[-27,83],[26,-30],[36,57]],[[7708,85767],[-31,-4],[9,32],[48,-8],[-26,-20]],[[8138,86040],[26,-9],[-34,-40],[8,49]],[[7354,86002],[35,45],[6,-35],[-41,-10]],[[9905,86379],[37,15],[-110,-114],[73,99]],[[8899,86430],[-49,-36],[48,84],[24,-28],[-23,-20]],[[8845,86413],[-43,-7],[34,9],[-27,27],[48,20],[18,38],[-30,-87]],[[9137,86553],[51,15],[-156,-211],[-2,-49],[-118,-40],[59,118],[140,141],[23,81],[30,-20],[-27,-35]],[[8895,86604],[-18,-51],[-26,7],[44,44]],[[9674,86608],[22,19],[-12,-63],[-41,16],[31,28]],[[9392,86619],[30,0],[-138,-87],[-26,12],[50,52],[-58,-4],[24,71],[72,-4],[-4,-35],[66,15],[-16,-20]],[[8952,86624],[-19,-8],[42,62],[21,-39],[-34,-23],[31,-4],[-48,-126],[-31,70],[36,13],[-26,11],[28,44]],[[7814,86667],[-57,-78],[34,92],[23,-14]],[[9512,86750],[-85,-81],[-75,-14],[160,95]],[[9028,86766],[19,31],[33,-15],[-52,-16]],[[8909,86801],[22,-14],[-24,-18],[-22,36],[24,-4]],[[8865,86848],[15,76],[32,-68],[-47,-8]],[[4905,88462],[-5,-32],[-99,17],[80,38],[24,-23]],[[4671,91922],[13,42],[-11,-115],[-2,73]],[[4707,92034],[59,75],[-80,-134],[21,59]],[[4805,92160],[39,40],[-68,-83],[29,43]],[[4865,92247],[90,55],[-111,-94],[21,39]],[[5125,92335],[-80,10],[-39,-18],[25,24],[94,-16]],[[27304,65999],[15,-13],[-21,-11],[6,24]],[[27359,66023],[-7,-14],[-29,-18],[15,39],[15,-16],[1,14],[-12,14],[2,12],[15,-31]],[[27475,66050],[-13,12],[27,16],[-14,-28]],[[27688,66374],[-77,-172],[67,160],[-3,33],[33,34],[-20,-55]],[[27186,67072],[28,-8],[-38,4],[-11,56],[21,-52]],[[27184,67143],[-11,67],[26,-120],[-15,53]],[[23000,66966],[9,-100],[-64,419],[6,217],[9,-260],[40,-276]],[[27039,67611],[-6,21],[25,-63],[-19,42]],[[23034,67852],[-86,-341],[37,251],[13,-15],[36,105]],[[27670,67796],[-16,80],[78,-394],[-62,314]],[[23089,68033],[8,-34],[-51,-126],[43,160]],[[23214,68185],[3,-37],[-116,-149],[8,67],[101,89],[4,30]],[[27589,68292],[18,-6],[-10,-198],[-24,150],[16,54]],[[23662,68737],[25,-11],[-108,-141],[83,152]],[[24499,68816],[-65,62],[33,30],[55,-39],[-23,-53]],[[26349,68903],[-19,28],[35,-2],[-16,-26]],[[26462,68958],[12,16],[-27,-39],[-50,-48],[-35,8],[30,-3],[70,66]],[[25151,68990],[8,-27],[-18,-5],[10,32]],[[26495,68998],[11,8],[-24,-23],[13,15]],[[25313,69144],[15,-43],[2,-40],[-12,-84],[10,96],[-15,71]],[[25225,69156],[-9,-26],[-34,18],[45,59],[-19,-38],[17,-13]],[[25261,69259],[-7,-36],[-19,20],[26,16]],[[25377,69249],[29,-10],[-61,15],[32,-5]],[[25918,69345],[48,-4],[-215,-39],[167,43]],[[27367,69574],[17,95],[-13,-141],[-4,46]],[[17122,70739],[-39,13],[-30,104],[69,-117]],[[16809,70992],[13,-27],[-39,32],[26,-5]],[[17079,71082],[-25,30],[65,-39],[19,-57],[-45,8],[-14,58]],[[16654,71435],[21,-55],[-39,-28],[-39,62],[57,21]],[[16571,71441],[10,-17],[-39,10],[29,7]],[[16797,71428],[-80,-38],[-32,59],[112,-21]],[[28491,71702],[22,16],[-78,-95],[56,79]],[[28732,71800],[7,-16],[-32,28],[25,-12]],[[28639,71816],[60,4],[-116,-32],[56,28]],[[28817,71940],[15,18],[-91,-205],[76,187]],[[28891,72061],[61,43],[-68,-71],[7,28]],[[29034,72390],[7,-65],[-18,-185],[-61,-42],[61,59],[13,158],[-13,124],[11,-49]],[[29124,73837],[17,55],[-80,-258],[63,203]],[[29344,74551],[16,10],[-34,-41],[18,31]],[[29407,74705],[10,24],[-44,-135],[34,111]],[[29409,75234],[20,-18],[-55,-58],[17,73],[18,3]],[[29755,75292],[34,20],[-152,-80],[118,60]],[[30022,75483],[17,4],[-240,-174],[20,16],[-295,-108],[36,-15],[-99,-25],[47,47],[-27,10],[-3,-33],[-31,-8],[-14,29],[37,98],[42,-11],[10,55],[18,-24],[6,43],[43,-12],[-2,39],[35,-26],[-12,31],[47,-27],[33,38],[135,6],[106,99],[-105,-143],[40,-6],[44,80],[38,-15],[9,26],[12,-31],[53,37]],[[30540,75671],[7,-3],[20,-64],[-3,-15],[-86,34],[54,-9],[19,30],[-17,-20],[6,47]],[[30416,75672],[13,21],[0,-41],[-13,20]],[[30395,75692],[19,-38],[-74,-33],[-20,24],[67,73],[8,-26]],[[30198,75780],[18,46],[-3,-99],[-32,-20],[17,73]],[[15990,79146],[19,-24],[-28,-28],[1,36],[-13,-38],[15,97],[6,-43]],[[15973,79250],[-23,-3],[9,67],[14,-64]],[[16011,79463],[-7,-41],[-43,39],[-19,104],[-38,30],[25,103],[16,10],[22,-62],[-57,-35],[40,-26],[12,-105],[6,49],[43,-66]],[[15872,79758],[9,-41],[-30,24],[16,62],[5,-45]],[[15828,79764],[15,-27],[-49,25],[-5,69],[50,-48],[-11,-19]],[[15904,79859],[-21,-32],[-21,53],[6,-61],[-42,19],[30,48],[48,-27]],[[5688,83388],[-18,-18],[-3,35],[21,-17]],[[5122,83655],[-1,-27],[-35,2],[36,25]],[[6450,84193],[-3,-21],[3,43],[0,-22]],[[7268,84949],[-2,-38],[-7,62],[9,-24]],[[7682,85192],[-39,-5],[-2,27],[41,-22]],[[7571,85227],[-6,-31],[-24,8],[30,23]],[[5484,85627],[-5,-24],[-7,53],[12,-29]],[[238,81363],[23,-12],[-16,-23],[-7,35]],[[282,81426],[22,-18],[-23,-26],[1,44]],[[337,81682],[-6,-47],[-14,28],[20,19]],[[1038,81671],[-8,-40],[-29,1],[-7,63],[33,10],[-14,-23],[25,-11]],[[1108,81682],[-35,0],[-3,-31],[-21,39],[9,25],[50,-33]],[[1114,81714],[9,-19],[-42,19],[33,0]],[[611,81663],[-37,-114],[-47,39],[41,56],[-72,65],[73,28],[31,-51],[60,12],[-49,-35]],[[799,81742],[21,-24],[-30,-110],[-78,14],[-65,-38],[3,41],[123,51],[6,64],[20,2]],[[1188,81765],[17,-8],[-18,-15],[1,23]],[[990,81658],[-10,-39],[-5,20],[-61,-40],[0,-39],[-29,-1],[-4,60],[-42,-69],[44,97],[-23,23],[55,-12],[-21,24],[21,18],[-15,54],[59,15],[-26,-71],[49,-3],[8,-37]],[[1148,81773],[17,0],[-40,-8],[23,8]],[[1073,81777],[-11,55],[30,10],[29,-41],[-22,-42],[-26,18]],[[1910,81843],[47,-11],[-149,-39],[-96,12],[-62,47],[260,-9]],[[2109,82002],[27,-39],[-90,-32],[63,71]],[[1652,81919],[-42,-16],[29,-58],[-87,1],[0,-41],[-31,31],[9,-35],[-236,-12],[89,9],[32,49],[85,-6],[28,27],[-17,16],[41,-5],[-10,24],[30,-15],[31,46],[-57,32],[68,55],[50,-34],[-12,-68]],[[2610,82176],[-5,-54],[-60,-25],[26,74],[39,5]],[[2749,82231],[11,-28],[-36,-4],[25,32]],[[2865,82283],[-10,-57],[-80,29],[90,28]],[[2758,82310],[21,-8],[-17,-28],[-19,18],[15,18]],[[3373,82582],[-120,-86],[-49,-107],[-86,-58],[3,-24],[-96,-52],[66,75],[27,125],[42,59],[73,-1],[-13,79],[48,70],[63,23],[56,-29],[-14,-74]],[[3851,82839],[-21,-75],[-24,42],[45,33]],[[3807,82776],[1,-28],[-75,-36],[-10,-47],[-19,36],[2,-62],[-38,46],[12,-69],[-71,1],[-125,-74],[-14,-37],[-44,-10],[-51,39],[41,43],[60,-4],[3,32],[43,-10],[8,34],[37,1],[-7,26],[62,8],[-51,12],[3,43],[39,-8],[-10,50],[31,6],[32,-48],[-7,44],[34,8],[-93,19],[-32,43],[37,76],[108,25],[6,-100],[67,102],[40,-59],[-88,-67],[-9,-43],[28,-10],[15,35],[12,-21],[9,35],[14,-31]],[[4093,82985],[-8,-28],[-53,20],[61,8]],[[3961,83004],[23,0],[-68,-53],[-20,22],[-18,-20],[-23,47],[49,60],[57,-56]],[[4032,83032],[-35,-32],[10,68],[-30,0],[15,35],[37,0],[-14,-43],[39,-17],[-22,-11]],[[5754,83474],[21,-13],[-21,-27],[0,40]],[[5725,83522],[14,-28],[-34,-16],[0,67],[32,-8],[-12,-15]],[[5688,83549],[-38,-3],[35,107],[3,-104]],[[5583,83589],[21,23],[-110,-175],[36,100],[-29,41],[34,-13],[-10,36],[26,-32],[-14,55],[31,-15],[19,70],[-4,-90]],[[6972,63102],[24,-35],[-17,-54],[-174,-159],[-48,-133],[-57,71],[-11,63],[9,127],[-48,214],[62,141],[-12,159],[39,-5],[42,-69],[117,-102],[22,-49],[1,-77],[26,0],[25,-92]],[[6511,63695],[4,-48],[-43,7],[39,41]],[[6431,63856],[5,-65],[-37,-18],[-28,91],[20,21],[40,-29]],[[6666,63812],[5,-48],[-18,-38],[-100,-37],[-15,112],[-44,15],[-18,90],[25,40],[32,-74],[55,26],[78,-86]],[[6459,64025],[6,-27],[-40,-40],[-121,32],[13,65],[142,-30]],[[6192,64130],[17,-27],[-16,-27],[-29,-3],[-24,45],[-14,-17],[-4,50],[-17,-3],[11,-38],[-31,-14],[-51,162],[43,6],[42,71],[37,-101],[-1,-42],[18,-27],[14,26],[5,-61]],[[5524,64503],[17,-10],[-6,-42],[-38,-75],[-10,41],[37,86]],[[5750,64590],[-10,-111],[-28,-52],[-47,13],[-50,74],[19,80],[44,43],[56,-6],[16,-41]],[[99832,81440],[20,-22],[-63,-10],[-79,109],[-90,55],[79,-15],[100,-123],[33,6]],[[99592,81773],[19,-29],[-24,-23],[-16,27],[21,25]],[[99938,81761],[-38,-53],[-44,57],[42,36],[40,-40]],[[99344,81852],[13,-20],[-37,-70],[16,-23],[-55,1],[-27,-58],[-26,36],[79,59],[37,75]],[[98274,82069],[-21,-29],[8,-52],[-98,25],[65,56],[46,0]],[[98159,82259],[-43,7],[-21,-32],[-19,23],[-37,-45],[-50,27],[13,53],[-47,-11],[3,32],[-49,1],[51,47],[130,-8],[11,-47],[23,18],[20,-16],[-16,-25],[49,-9],[-18,-15]],[[4174,83004],[-1,-28],[-69,9],[70,19]],[[4886,83166],[-7,-20],[-14,25],[21,-5]],[[4837,83186],[10,-32],[-49,6],[-28,61],[67,-35]],[[4896,83482],[38,8],[-20,-76],[-35,45],[17,23]],[[4702,83328],[-43,-4],[-39,49],[-23,-59],[-48,-29],[-141,6],[-76,-108],[-69,-25],[-53,18],[-32,93],[72,54],[62,138],[70,-14],[130,96],[64,-10],[48,-153],[58,-4],[20,-48]],[[5075,83601],[25,-24],[-36,-35],[-4,50],[-12,-27],[-22,32],[49,4]],[[5465,83715],[-3,-64],[-54,44],[57,20]],[[5417,83620],[-11,-35],[-40,45],[-38,-53],[10,156],[33,-4],[-4,-44],[37,46],[-10,-87],[23,-24]],[[5514,83731],[-50,6],[-1,27],[45,5],[6,-38]],[[5914,83987],[-41,18],[-7,-33],[-5,39],[30,10],[23,-34]],[[2894,84435],[30,-9],[-32,-30],[-56,45],[58,-6]],[[2711,84784],[38,20],[-52,-83],[-33,52],[47,11]],[[4005,86359],[-5,-23],[-180,-32],[46,-44],[-28,-13],[-32,43],[-88,15],[-110,90],[-31,-7],[-92,125],[176,0],[17,50],[83,48],[16,-23],[70,19],[-2,32],[23,-59],[109,-20],[-12,-134],[40,-67]],[[2140,86590],[24,-22],[-116,14],[-120,93],[6,38],[31,24],[32,-74],[143,-73]],[[2507,88364],[-27,3],[80,-16],[-53,13]],[[3128,88277],[-31,-68],[-139,8],[-88,-133],[-42,104],[-123,42],[7,49],[-169,101],[-66,-8],[-90,-71],[-91,31],[-33,84],[32,155],[92,-85],[-38,-15],[168,-26],[81,65],[94,8],[63,-48],[-1,-75],[119,-26],[38,-50],[64,3],[29,-33],[32,12],[-42,16],[59,0],[75,-40]],[[30875,77228],[21,-8],[-12,-29],[-26,37],[17,0]],[[30932,77323],[6,-51],[-17,-11],[-11,38],[22,24]],[[31043,77417],[19,-55],[-38,-11],[-8,-49],[-24,59],[20,56],[31,0]],[[27430,69977],[21,9],[-29,-78],[8,69]],[[28915,73216],[9,93],[-1,-49],[18,-3],[-26,-41]],[[29905,75497],[18,-33],[-26,13],[8,20]],[[12300,85435],[18,20],[31,-26],[-49,6]],[[7621,86474],[-4,-25],[-15,39],[19,-14]],[[9216,86872],[17,22],[16,-23],[-17,-21],[-16,22]],[[9140,86905],[-12,-25],[-50,13],[62,12]],[[3425,89724],[32,14],[-45,-46],[13,32]],[[3810,89959],[27,5],[-171,-91],[144,86]],[[15902,80048],[-43,55],[-35,-21],[-1,-34]],[[15808,80048],[-15,40],[29,52],[-48,-13],[4,44],[17,-6],[-30,46],[79,4],[29,92],[-23,-67],[-92,6],[28,213],[-24,-65],[-68,-50],[-9,-68],[-98,51],[-49,89],[12,59],[22,6],[45,-137],[5,60],[63,55],[-73,-35],[-36,68],[12,80],[-20,51],[56,60],[-21,37],[-46,35],[52,-67],[-52,-53],[16,-105],[-18,-10],[-10,65],[-12,-67],[-56,-35],[-64,29],[-86,140],[38,-31],[-6,67],[29,79],[-31,52],[15,35],[87,61],[-90,-38],[-44,-66],[-34,7],[-15,59],[3,-41],[-24,-20],[7,87],[52,61],[13,88],[-25,34],[27,77],[-48,-69],[22,-104],[-61,-110],[-19,-9],[-16,49],[-20,-19],[-8,40],[-21,-44],[-41,3],[34,143],[-69,-162],[-23,54],[-61,-35],[-76,28],[89,72],[-88,-11],[159,32],[27,57],[-11,43],[39,48],[-36,95],[26,-95],[-38,-39],[9,-51],[-34,-44],[-116,-20],[42,71],[-40,-8],[-1,50],[-101,-17],[13,49],[91,9],[-80,8],[-15,71],[-6,-77],[-38,-37],[-48,38],[-89,-3],[67,-36],[-33,-31],[-135,105],[13,61],[-50,-7],[-32,40],[12,52],[143,18],[26,29],[2,34],[-45,-55],[-65,8],[8,23],[-81,-15],[63,81],[16,86],[125,27],[102,-13],[14,19],[-11,72],[-9,-79],[-181,28],[-20,-25],[20,115],[-40,-99],[-42,1],[49,-22],[-68,-118],[-13,21],[28,12],[-38,8],[-22,83],[7,142],[51,23],[8,72],[25,34],[20,-21],[-25,-4],[-16,-41],[53,35],[-5,53],[77,78],[49,-11],[90,-179],[-74,183],[57,38],[-85,-19],[-42,29],[-10,77],[84,122],[-42,87],[25,-100],[-76,-91],[-3,-49],[-96,-98],[-39,-9],[5,41],[-37,-77],[-5,170],[-4,-75],[-31,-22],[-10,80],[48,57],[-59,-41],[-57,-137],[-27,12],[46,95],[27,237],[28,25],[-30,6],[-31,-71],[-54,14],[-31,173],[21,10],[-103,77],[5,121],[-24,-18],[-15,57],[51,8],[82,-131],[-4,40],[44,40],[62,-18],[6,-65],[36,2],[29,-65],[-67,150],[-73,8],[-43,-40],[-77,105],[9,105],[27,35],[57,-10],[-61,33],[26,76],[-93,-147],[8,40],[-12,-20],[-17,51],[10,-70],[-25,19],[8,-35],[-54,-67],[-17,-143],[-226,324],[15,120],[24,6],[69,-122],[-59,134],[25,20],[56,-23],[44,31],[-33,-20],[-65,24],[-82,-47],[-14,20],[-29,11],[24,28],[-16,82],[-27,-42],[-37,23],[28,51],[-14,99],[105,-171],[26,-8],[-35,40],[29,71],[-33,-51],[-76,137],[39,27],[98,-52],[-89,62],[42,94],[-34,-27],[42,74],[9,-31],[45,43],[51,-3],[-100,19],[101,241],[45,13],[-44,-1],[-22,-24],[-31,115],[11,-151],[-94,-203],[-12,46],[61,120],[-51,255],[45,113],[-14,-14]],[[10832,91946],[302,-17],[215,-62],[150,-156],[44,-5],[24,40],[73,-94],[242,-109],[133,-42],[188,4],[183,-118],[72,-12],[-99,107],[46,-4],[-184,63],[14,58],[51,-33],[70,22],[-49,-8],[-63,45],[-4,92],[144,-89],[-116,93],[8,35],[34,5],[32,-58],[0,66],[109,-47],[-30,88],[36,37],[97,14],[91,-34],[17,30],[-49,9],[52,72],[-26,49],[47,2],[50,-49],[-26,-37],[84,-37],[53,22],[-131,-160],[-15,-66],[31,56],[134,51],[14,32],[163,20],[44,131],[139,-9],[-18,36],[-49,-20],[22,40],[75,18],[-57,-22],[96,-28],[203,158],[46,-17],[15,-62],[82,162],[-3,-22],[50,37],[0,-31],[58,57],[-2,-42],[38,35],[55,-65],[24,35],[59,-16],[59,106],[12,-59],[49,-11],[-4,-33],[18,18],[-54,-75],[-258,-120],[-115,-125],[-29,45],[-173,-38],[2,-24],[-89,0],[-95,-166],[-31,32],[-17,-83],[-13,75],[-79,-38],[-18,-139],[-10,57],[-76,-25],[-9,-72],[-33,-27],[-2,26],[-30,-11],[-4,-43],[76,-59],[80,-12],[-129,87],[127,-24],[-3,34],[60,-42],[5,27],[62,-18],[25,35],[-44,31],[19,-20],[-84,-20],[-7,50],[38,-6],[-52,84],[105,43],[19,52],[-15,-72],[39,70],[31,-46],[15,53],[78,22],[46,67],[-39,-14],[-15,30],[121,16],[0,-65],[44,86],[20,-49],[-2,55],[11,-61],[-38,-46],[52,44],[-23,110],[30,-124],[-6,142],[34,-67],[-23,-101],[47,123],[-28,-115],[39,33],[-32,-109],[27,-39],[-5,79],[157,241],[349,93],[55,70],[-2,-76],[-67,-8],[6,-74],[65,-9],[-13,26],[182,132],[-7,97],[228,53],[-144,41],[-22,42],[43,-11],[14,27],[-75,-8],[52,122],[237,-195],[136,-302],[197,-182],[136,-54],[-3,54],[83,-16],[20,40],[-149,-20],[39,54],[102,-14],[-49,35],[21,20],[-61,16],[19,47],[84,32],[36,-58],[32,38],[-128,55],[28,27],[33,-34],[41,79],[79,29],[-100,14],[-61,-43],[1,39],[54,47],[2,-38],[93,34],[35,-34],[27,35],[-84,30],[95,13],[-27,-241],[120,-4],[11,-28],[-135,-157],[27,-24],[73,-11],[29,27],[14,-28],[6,34],[89,-26],[78,31],[-17,37],[77,13],[2,156],[50,37],[57,-23],[8,21],[197,-8],[169,-29],[172,-83],[201,-150],[394,-79],[174,-116],[243,-75],[53,30],[35,-34],[128,-1],[116,-44],[-98,84],[30,20],[124,-28],[-41,40],[258,-82],[223,-175],[27,-94],[33,23],[17,-24],[-36,-91],[-251,29],[51,-56],[-29,-22],[-106,18],[-2,-83],[38,-16],[-120,-53],[119,-69],[161,-4],[188,-58],[400,-8],[26,36],[83,2],[40,-36],[1,45],[93,-24],[105,71],[-12,-48],[53,4],[188,115],[51,-29],[-5,46],[33,4],[25,-99],[27,28],[48,-41],[-5,-53],[55,-16],[31,45],[94,-28],[39,-109],[-24,-40],[53,-60],[51,157],[47,-160],[28,55],[105,-95],[30,-135],[-43,20],[-73,-25],[-89,69],[23,-60],[104,-52],[14,-50],[-33,-16],[66,-11],[30,-93],[0,53],[179,-238],[-155,242],[31,0],[-21,131],[44,-13],[-10,60],[44,-91],[-59,19],[37,-65],[43,-13],[2,90],[87,-82],[-87,121],[55,48],[-90,50],[-52,111],[36,56],[-117,120],[18,83],[78,53],[-69,28],[8,57],[51,-9],[-21,-52],[174,83],[3,-23],[105,7],[-16,60],[37,12],[10,-32],[4,44],[52,-56],[27,20],[-38,24],[11,70],[174,60],[25,-16],[22,122],[-81,1],[-170,-72],[36,0],[-30,-39],[-29,12],[41,-35],[-18,-64],[-65,68],[-103,-83],[-108,47],[-78,-5],[-17,-43],[76,-59],[-149,4],[-66,-36],[-8,111],[-88,-40],[-23,23],[149,200],[274,46],[298,141],[118,-37],[91,-92],[-20,-42],[60,-96],[-61,-40],[59,0],[81,-89],[-13,30],[54,23],[-12,-66],[93,0],[-21,-55],[53,-61],[193,-5],[65,22],[39,61],[15,-91],[318,-184],[66,57],[51,-48],[106,-10],[-9,25],[51,-7],[47,37],[38,-21],[14,45],[21,-18],[35,31],[32,-31],[49,31],[179,-14],[231,-75],[71,67],[89,-10],[-101,94],[-2,65],[41,15],[183,-231],[102,-58],[79,41],[17,-24],[42,32],[-46,20],[30,45],[-36,76],[-32,-28],[-91,84],[-10,-28],[-76,-8],[-26,-71],[-137,182],[37,18],[12,-58],[27,48],[-111,122],[56,-27],[-4,54],[87,-70],[33,37],[97,0],[-65,103],[76,-11],[49,-62],[-9,48],[84,-20],[74,-75],[-24,-42],[108,12],[20,-58],[60,76],[-100,-173],[89,19],[-13,49],[165,93],[-52,-87],[-27,-290],[-39,33],[-40,-128],[71,-30],[31,24],[-43,-126],[39,-15],[97,86],[24,-21],[32,24],[-76,-121],[87,31],[11,-45],[12,34],[25,-131],[-157,-15],[-12,73],[-47,-68],[-43,66],[-48,-6],[99,-132],[68,-42],[17,-90],[38,74],[-28,-27],[-10,31],[-83,109],[215,-15],[27,42],[-36,63],[49,113],[-67,102],[21,55],[-102,98],[44,50],[19,147],[68,12],[-11,-28],[50,32],[82,-31],[163,133],[25,88],[207,125],[-105,-15],[51,133],[-18,68],[-76,19],[23,43],[-71,-125],[71,15],[-75,-67],[-88,-23],[-62,19],[9,123],[45,-14],[121,124],[-88,-2],[11,95],[121,16],[89,53],[-99,-110],[12,-47],[133,118],[-63,-4],[38,71],[-30,24],[-103,-55],[-109,10],[-85,135],[-68,-67],[-221,125],[-33,-26],[-5,35],[-47,-10],[-64,46],[27,52],[-116,98],[-6,123],[87,133],[122,-19],[-72,39],[67,63],[-105,-52],[-114,96],[63,174],[-52,19],[52,19],[-37,68],[104,78],[166,-68],[44,124],[-119,0],[-29,55],[176,68],[17,61],[169,21],[-159,-11],[-13,59],[204,23],[9,-76],[-53,-22],[15,-44],[29,47],[38,-15],[-17,-77],[57,73],[136,-15],[-28,-64],[234,-177],[35,-281],[-52,2],[97,-51],[4,-54],[73,-8],[31,-54],[15,30],[20,-17],[-30,-61],[80,-55],[-25,-52],[36,-27],[22,62],[43,-5],[7,-89],[13,20],[39,-43],[-135,-22],[-103,65],[27,-24],[-59,-8],[26,-19],[-55,-40],[132,6],[47,-37],[-257,-186],[92,4],[-107,-20],[154,20],[77,-48],[-58,12],[48,-51],[91,-39],[84,99],[91,-3],[17,-18],[-125,-65],[102,30],[22,-29],[59,13],[41,-27],[27,27],[95,-47],[-108,0],[32,-20],[-59,-31],[-2,-63],[-36,-4],[6,31],[-48,-20],[36,52],[-65,-40],[-72,40],[216,-156],[14,-99],[52,-22],[-46,-43],[44,16],[-46,-223],[80,-41],[-43,-20],[38,8],[28,-69],[32,17],[83,163],[-34,34],[38,63],[26,-39],[3,216],[140,148],[72,-26],[255,-244],[64,-275],[-42,-75],[-66,25],[-5,80],[-55,-53],[32,-95],[-25,-87],[64,-176],[216,-232],[-42,-86],[40,36],[23,-48],[17,75],[31,-28],[12,49],[31,-5],[-37,56],[33,-17],[26,48],[63,-24],[11,29],[26,-29],[-2,186],[111,189],[14,-20],[49,42],[31,97],[34,291],[58,16],[-29,17],[94,-37],[-4,26],[125,-17],[-5,45],[-103,19],[49,22],[-40,36],[95,-8],[-51,43],[128,9],[-110,32],[-12,34],[-48,-7],[35,31],[-71,-25],[17,29],[-74,51],[-4,29],[42,-5],[-48,52],[46,19],[-53,13],[42,58],[-36,119],[50,12],[-64,38],[141,-47],[54,49],[145,-1],[86,-55],[149,-44],[249,6],[96,-33],[-101,3],[17,-27],[-55,-12],[66,-49],[-216,27],[281,-69],[-30,-11],[68,-59],[-35,-35],[144,17],[113,-42],[20,-59],[-219,-123],[100,17],[39,-44],[51,21],[31,-132],[-107,-75],[-46,12],[-38,-57],[-89,61],[14,-45],[-108,41],[32,-38],[-43,-17],[78,-45],[-20,-41],[47,4],[-12,-84],[39,-12],[51,52],[-51,-119],[21,-57],[240,-259],[-74,-264],[-126,-14],[-56,-152],[-60,8],[-60,-90],[-113,-9],[-103,-118],[-61,4],[-25,97],[-84,38],[-7,61],[30,-29],[11,23],[-17,114],[-61,-100],[-76,55],[48,18],[-95,82],[58,-4],[-149,51],[7,-39],[68,-8],[-159,-35],[23,-47],[52,20],[-9,32],[103,7],[-40,-24],[66,-44],[-51,13],[103,-40],[-31,-36],[80,-15],[-18,-53],[88,-94],[51,-139],[-41,-19],[20,31],[-52,-4],[-64,69],[-40,-27],[-53,74],[-27,-36],[64,-102],[-161,51],[-37,43],[-34,-34],[-63,175],[-88,-43],[-156,33],[-13,-24],[-57,24],[-7,-29],[-45,9],[45,-120],[213,-87],[-33,-73],[-126,-79],[-34,-130],[-122,-79],[-25,-77],[-84,-42],[-189,17],[-214,165],[116,-8],[-193,56],[-161,126],[-87,0],[65,-32],[-1,-40],[-76,40],[-108,-4],[55,24],[-350,12],[129,-80],[-11,69],[309,-77],[136,-109],[119,-160],[554,-52],[20,-104],[-90,-168],[-59,-18],[-18,-95],[-65,-30],[-64,-149],[16,-38],[-201,-126],[-82,12],[-70,95],[64,-119],[-73,37],[10,-29],[-82,65],[10,-73],[-88,90],[11,81],[-13,-62],[-82,-7],[55,-7],[27,-111],[-123,48],[86,-112],[-43,-19],[-7,-86],[-83,-6],[-56,49],[-15,-24],[36,4],[4,-42],[-98,-17],[-166,93],[-46,-5],[-8,34],[-68,-14],[16,30],[-30,6],[-19,-40],[-86,17],[-298,141],[-92,97],[62,-91],[-58,-23],[33,-65],[77,-37],[42,15],[-65,51],[14,26],[361,-160],[-119,-78],[17,-20],[37,27],[29,-20],[14,47],[112,53],[107,-131],[104,-9],[65,-43],[-53,16],[79,-39],[18,-170],[-44,-67],[-69,3],[-101,-94],[-205,52],[10,-42],[-99,12],[49,-85],[108,-33],[-26,-51],[-54,9],[-2,37],[-68,-41],[-53,47],[24,-102],[-48,14],[7,-54],[-41,-12],[58,-19],[41,-99],[-35,6],[-41,77],[-141,44],[136,-88],[-98,-33],[52,-25],[-64,-40],[-3,-36],[-32,37],[-36,-9],[55,-43],[-48,-4],[31,-32],[-94,32],[35,-36],[-34,-17],[101,-42],[-6,-29],[-56,17],[44,-20],[-144,-90],[-42,-68],[45,-62],[-36,-28],[-45,16],[32,-60],[-28,-35],[31,-36],[-101,-140],[-47,-179],[-78,-28],[52,-61],[-58,-256],[8,-243],[16,-103],[21,6],[-31,-35],[-6,-117],[-57,-24],[54,6],[34,-65],[-18,-67],[39,28],[47,-91],[65,47],[-44,-336],[36,103],[15,218],[190,-4],[24,-39],[23,32],[47,-9],[9,-134],[88,-252],[6,-136],[101,-279],[-49,-176],[-73,-81],[103,75],[76,14],[-71,-73],[400,189],[124,-20],[211,-146],[219,-77],[44,10],[158,-185],[92,-55],[108,-209],[-8,-44],[26,27],[47,-27],[-2,-32],[107,-8],[298,-157],[130,-134],[86,-45],[-80,-202],[60,140],[41,30],[122,-29],[190,47],[54,-59],[34,5],[14,-57],[-6,57],[-29,30],[140,-48],[58,22],[22,-38],[-15,-35],[85,35],[90,-59],[-10,56],[29,-29],[14,-164],[-68,-269],[18,-139],[39,-34],[32,-146],[-26,-120],[29,-181],[-38,-44],[-14,-141],[205,-295],[24,-88],[-95,-25],[-17,-38],[102,26],[44,-78],[98,-51],[110,-168],[46,-142],[3,-69],[-162,-185],[20,11],[-3,-27],[29,67],[122,124],[76,-22],[108,-102],[114,-229],[-114,270],[14,117],[49,40],[-11,50],[65,65],[22,-21],[-8,-57],[41,6],[32,-43],[16,-143],[30,-32],[-20,40],[25,67],[-15,31],[53,48],[-34,16],[6,55],[-69,91],[56,43],[-15,60],[84,91],[12,81],[39,1],[-41,12],[11,120],[-69,54],[20,16],[-44,92],[32,18],[12,55],[-46,-1],[-12,25],[32,32],[-55,27],[24,138],[-26,107],[-35,31],[31,-6],[-4,42],[27,-2],[-40,18],[13,55],[-38,8],[30,10],[-1,65],[42,-12],[-46,23],[-12,28],[33,4],[-40,28],[26,-8],[-17,20],[34,21],[-87,42],[51,12],[17,39],[-93,8],[27,35],[-50,32],[4,63],[-42,79],[21,20],[-30,-8],[11,32],[-47,15],[34,45],[187,66],[160,101],[170,142],[185,231],[7,22],[-28,-18],[141,208],[41,158],[1,459],[-77,323],[-184,309],[-156,101],[-105,140],[18,-53],[-63,58],[29,38],[-27,145],[69,-18],[58,164],[120,110],[-66,10],[51,75],[-13,93],[57,-10],[36,-67],[36,-6],[-65,103],[71,31],[-37,69],[65,81],[-123,4],[62,40],[-93,155],[55,82],[37,0],[-76,6],[-40,49],[62,67],[-38,4],[65,43],[-107,-51],[-7,48],[-77,-25],[140,239],[-25,142],[66,18],[-26,43],[45,-11],[-87,93],[-55,7],[-46,336],[190,171],[522,-185],[-84,-63],[157,88],[214,-120],[-51,44],[5,35],[85,4],[117,66],[35,56],[56,10],[27,-50],[101,-47],[73,-110],[88,-3],[6,-84],[-52,-78],[36,27],[18,-40],[-1,75],[111,-45],[20,-37],[-25,-29],[63,-42],[-85,-63],[89,20],[7,62],[104,-56],[7,-30],[-84,-16],[31,-31],[-40,-28],[85,-12],[-66,-32],[44,-12],[-18,-27],[37,-16],[6,-60],[21,44],[35,-59],[44,22],[189,-89],[30,43],[75,0],[1,-118],[66,-42],[38,63],[32,-19],[3,103],[32,9],[43,-162],[-94,-66],[15,-68],[-45,-24],[17,-120],[46,-53],[-7,-85],[-55,-3],[1,-48],[-143,25],[-66,-21],[-128,41],[127,-51],[234,-4],[-9,-32],[57,-29],[-27,-93],[40,-31],[-65,-77],[32,-75],[-34,-39],[86,25],[53,-21],[3,-56],[-57,0],[-26,-34],[8,-35],[48,-8],[-24,-40],[-21,28],[15,-103],[-32,-51],[-33,0],[3,70],[-53,76],[17,-134],[-30,27],[6,-23],[-101,-36],[59,-19],[33,24],[1,-54],[34,8],[-23,-32],[18,-28],[121,158],[168,30],[101,-57],[17,-128],[21,-44],[23,13],[-46,-244],[-46,-53],[-125,-41],[-111,-109],[117,98],[148,56],[30,47],[37,214],[47,51],[32,-47],[8,-109],[-74,-130],[91,124],[13,101],[29,-128],[-15,-186],[38,174],[133,76],[39,78],[27,-42],[12,42],[53,0],[6,103],[59,101],[122,-134],[-30,-165],[62,142],[-78,115],[25,47],[61,-5],[-51,37],[34,15],[-7,37],[58,-45],[-32,44],[30,27],[49,-37],[-10,44],[62,-11],[-61,36],[-28,-20],[-21,49],[-6,65],[40,-47],[-2,39],[31,1],[-19,68],[56,-55],[-25,49],[18,20],[-49,52],[104,-17],[56,-47],[-55,55],[-64,24],[-24,158],[48,32],[95,-48],[-69,74],[25,-12],[-19,29],[36,4],[-14,68],[71,90],[-23,32],[27,59],[65,-9],[68,-58],[-71,27],[-34,-31],[56,18],[26,-18],[-28,-36],[41,27],[10,-30],[-23,-48],[-100,-59],[103,47],[21,36],[-4,-66],[-41,-2],[38,-40],[-32,-22],[82,54],[-29,36],[40,-16],[10,-27],[-42,-24],[32,-16],[-21,-24],[37,19],[-39,-82],[33,-47],[63,-16],[-31,-6],[-25,-73],[32,61],[40,-7],[-33,-61],[30,39],[41,-31],[-19,-56],[-74,-20],[98,-11],[-33,-71],[49,71],[35,-26],[-29,-61],[69,35],[-17,-91],[-85,-39],[-63,15],[-18,-35],[40,24],[4,-56],[19,48],[77,-5],[51,39],[61,-24],[-58,-18],[33,-15],[-23,-36],[34,24],[6,-36],[-46,-35],[44,12],[4,-32],[39,41],[27,-85],[-36,-23],[56,-15],[-90,-103],[-76,11],[-23,-27],[51,-8],[-70,-91],[91,95],[50,-8],[-21,-51],[27,48],[140,15],[-26,-36],[8,-61],[-79,-55],[67,33],[23,-21],[-14,-28],[-123,-18],[19,-8],[-53,-42],[9,-23],[-48,-25],[61,12],[54,73],[104,-2],[25,31],[-15,-71],[39,31],[-15,-15],[35,-32],[-103,-55],[70,16],[1,-54],[22,66],[4,-44],[13,28],[19,-28],[19,40],[6,-104],[31,-9],[34,-83],[-56,-56],[-51,-1],[-21,-46],[-52,22],[44,-39],[60,23],[72,-31],[27,-28],[-34,0],[13,-51],[-37,-20],[63,-51],[46,43],[-21,-41],[92,-30],[5,-87],[-43,14],[-40,-55],[-5,-43],[-67,-9],[5,-52],[19,31],[34,-16],[-35,-12],[37,-51],[-226,95],[115,33],[-113,7],[-25,-32],[186,-99],[-91,-4],[147,-26],[13,-41],[-103,3],[-13,-15],[38,-10],[-55,-6],[92,-30],[58,-68],[-128,0],[36,-39],[164,3],[-17,-52],[19,-12],[-32,-31],[61,-8],[-75,-19],[28,-29],[74,7],[16,-46],[-31,-7],[26,-18],[98,1],[-4,-40],[-51,-30],[54,4],[41,48],[-22,-147],[48,138],[48,-13],[-53,-95],[35,-2],[-15,-63],[31,46],[11,-30],[-50,-103],[43,82],[-10,-34],[30,40],[17,-45],[-47,-21],[-39,-69],[-30,-59],[71,52],[-92,-152],[116,143],[36,24],[-15,-52],[48,47],[-77,-145],[145,177],[11,-75],[-63,-48],[89,9],[31,46],[28,-41],[-85,-100],[-51,-130],[211,286],[5,-49],[-66,-102],[98,106],[20,-17],[-25,-77],[43,-25],[-35,-36],[31,17],[-2,-42],[32,5],[13,-31],[10,27],[81,-61],[10,29],[51,1],[12,-31],[82,1],[50,-61],[55,12],[38,-40],[-17,-57],[-82,-9],[80,-8],[-65,-47],[-148,-12],[-21,-28],[45,12],[-38,-43],[-64,-13],[-73,-51],[-236,-55],[19,-28],[58,10],[168,61],[90,60],[-70,-106],[-116,-8],[34,-9],[-154,-108],[-103,10],[6,-30],[-86,-6],[32,-43],[-21,-4],[-12,-99],[-206,174],[-12,-67],[79,-6],[163,-119],[4,-33],[-27,12],[-76,-55],[63,-17],[-67,-39],[88,8],[-11,29],[100,86],[-27,32],[76,-2],[81,88],[66,0],[20,36],[-18,27],[64,87],[198,87],[92,-16],[-98,40],[-44,-28],[-30,28],[17,40],[87,18],[118,-43],[42,20],[85,-144],[-17,-32],[40,-41],[-13,-48],[-118,-86],[28,20],[36,-24],[-17,-87],[27,4],[83,165],[108,-7],[-6,31],[38,12],[19,-35],[-88,-24],[192,-61],[6,-44],[-69,28],[83,-81],[-21,-24],[51,0],[-2,-71],[33,4],[-27,-23],[26,-40],[-22,-28],[-33,13],[11,-48],[-72,0],[23,-8],[-11,-28],[61,6],[28,-82],[-48,-37],[-51,16],[59,-72],[47,1],[7,-33],[-96,22],[33,-26],[-19,-23],[17,-12],[-65,-9],[-78,33],[65,-34],[122,-10],[50,-45],[-2,-45],[-43,11],[7,-27],[-115,63],[136,-87],[-24,-32],[50,-12],[-44,-3],[25,-59],[-33,-16],[-2,-36],[-43,0],[13,-50],[-212,-165],[-79,-129],[-62,-3],[-17,51],[-98,-43],[7,20],[-28,-19],[-2,26],[-99,-96],[-53,-21],[-16,34],[0,-35],[-45,24],[-47,-23],[-1,-72],[-57,-36],[-17,-55],[-1,35],[-31,-23],[18,-75],[-18,-71],[-23,13],[4,64],[-36,-94],[-14,17],[-46,-56],[-1,-71],[-105,-55],[-23,-39],[16,-29],[-33,-38],[-52,-28],[-6,44],[-25,-31],[-9,34],[-24,-39],[-71,16],[-49,-29],[-2,36],[-37,-39],[-104,0],[-113,-57],[-19,6],[58,44],[-56,-30],[-24,55],[-246,33],[11,16],[-85,0],[-112,-55],[-108,55],[-93,-27],[-84,32],[-121,-30],[-105,29],[-133,-37],[-63,20],[-38,-28],[4,-30],[-75,6],[-31,38],[-22,-40],[32,-24],[-56,16],[-31,-76],[-57,-38],[-26,-91],[-24,1],[-32,-214],[-36,-69],[-188,-26],[-31,-51],[-38,-4],[34,-43],[-59,-35],[-15,-1],[21,31],[-21,48],[11,-44],[-58,-48],[-23,-54],[15,-16],[-42,-6],[-72,-77],[-109,-275],[-64,-84],[-192,129],[-195,41],[73,-22],[-16,-48],[108,19],[146,-72],[60,-63],[-55,-201],[-59,-67],[-26,-93],[-69,-29],[-63,-189],[-68,-55],[-96,-151],[-116,-51],[-44,12],[-97,-79],[-8,-48],[-57,-39],[-39,-59],[-109,-52],[-7,-58],[-38,-20],[-73,-178],[-93,-52],[-62,-102],[-111,36],[101,-64],[15,-55],[-53,-20],[-156,-185]],[[29246,77748],[67,40],[40,63],[90,39],[75,100],[60,4],[19,161],[65,112],[17,86],[118,74],[65,105],[62,35],[23,61],[90,81],[42,-20],[114,65],[41,55],[173,98],[270,471],[32,94],[284,320],[501,331],[293,83],[206,-45],[146,-132],[36,-114],[-108,70],[106,-137],[-28,-32],[16,-54],[-31,-44],[-109,-48],[-16,-76],[-50,-9],[-8,-36],[-82,-65],[-41,-5],[-98,64],[-31,64],[-47,-72],[-61,8],[-1,-29],[-51,32],[-104,-70],[128,44],[41,-52],[117,-45],[51,-164],[169,131],[-13,-40],[68,20],[11,-25],[-20,-11],[27,-25],[8,32],[15,-13],[-59,-104],[-19,-154],[-113,-119],[46,4],[-1,-27],[113,20],[-29,-129],[31,-77],[-17,-28],[41,-2],[-2,-110],[28,-36],[-26,-53],[41,24],[0,-83],[85,6],[28,-39],[100,-21],[-84,-56],[62,-41],[31,-66],[89,16],[3,-28],[-25,-9],[80,-3],[-42,-19],[26,-28],[27,31],[-4,-24],[39,13],[-10,30],[118,-22],[-23,-8],[35,-24],[-44,-43],[37,-9],[12,37],[38,-16],[-5,-32],[162,162],[10,-113],[71,-45],[35,44],[71,-107],[-62,-87],[129,-12],[8,-36],[-19,16],[-23,-49],[-13,29],[-2,-35],[-29,29],[-31,-52],[-83,7],[14,-51],[-52,7],[-4,-30],[-59,-21],[18,-15],[-113,-43],[-15,-44],[-8,39],[-21,-19],[6,-36],[-21,18],[-55,-30],[-7,-39],[-44,-4],[-20,39],[0,-59],[-16,66],[-6,-58],[-4,23],[-17,-28],[-6,33],[-14,-64],[-36,32],[-6,-50],[-62,70],[38,-115],[-30,-44],[-37,37],[-8,-21],[3,36],[-40,-12],[11,107],[-49,-36],[15,-71],[-18,-19],[-24,59],[-18,-25],[-22,17],[-9,-87],[35,-27],[-38,0],[22,-58],[-44,42],[17,-44],[-36,-71],[-30,10],[8,-51],[-39,-6],[14,-35],[-50,-40],[17,-31],[-15,-26],[-21,29],[2,-43],[-17,39],[-4,-66],[-16,42],[4,-66],[-17,24],[-12,-48],[-30,75],[-3,-76],[-22,13],[1,40],[-12,-13],[7,-114],[-32,31],[16,-55],[-14,33],[-7,-52],[-25,60],[-46,-35],[-36,168],[-5,-21],[-16,33],[-10,-27],[-7,43],[5,-85],[-28,38],[-11,-17],[-25,209],[32,155],[68,122],[-26,-2],[-70,-111],[4,25],[110,151],[8,-49],[18,5],[73,91],[-87,-63],[5,34],[91,96],[148,141],[117,67],[13,27],[-23,22],[41,-18],[-10,-116],[17,24],[23,-24],[19,-71],[15,43],[-27,52],[23,38],[111,64],[68,-20],[31,40],[-127,20],[-21,-25],[-59,36],[-79,-28],[-52,28],[-51,-67],[-18,28],[-29,-12],[7,60],[124,145],[21,63],[21,20],[-8,-47],[19,12],[-11,7],[8,37],[-20,27],[-37,-93],[-18,2],[4,99],[-60,108],[49,-132],[-55,-142],[-37,8],[-236,-221],[-49,-18],[-57,57],[37,49],[-2,38],[-24,-63],[-28,-12],[38,-43],[-40,-57],[-30,26],[14,-25],[-50,-47],[-14,44],[-111,-55],[12,39],[-27,35],[-21,-12],[-6,-54],[-41,91],[4,-31]],[[31416,77685],[-5,-30],[-16,14],[20,54],[1,-38]],[[31399,77726],[-6,-20],[-9,31],[17,28],[-2,-39]],[[34966,79271],[-34,-135],[-30,-3],[64,138]],[[34465,79291],[6,-41],[-57,17],[51,24]],[[34973,79257],[4,42],[0,-123],[-4,81]],[[35120,79587],[9,-48],[-23,-15],[-72,14],[-15,59],[70,-34],[31,24]],[[34520,80376],[19,0],[-14,-31],[-5,31]],[[34561,80404],[-41,-16],[15,31],[26,-15]],[[34754,80372],[14,28],[28,-28],[54,61],[-2,-44],[-55,-52],[-37,0],[20,13],[-22,22]],[[34923,80384],[2,87],[21,-28],[23,44],[37,-52],[-83,-51]],[[33513,80976],[-2,30],[18,-48],[-16,-20],[0,38]],[[34580,81092],[16,-5],[-20,-43],[-33,1],[7,40],[30,7]],[[34575,81189],[-11,-47],[-20,40],[31,7]],[[35381,79204],[-67,-245],[-19,-8],[23,-35],[-59,-208],[-35,-22],[-20,64],[-35,-31],[10,31],[-56,-69],[-22,54],[42,110],[-45,-59],[35,83],[-34,23],[40,87],[-17,40],[-108,-200],[-42,-33],[-25,16],[50,233],[22,1],[-18,47],[52,62],[-32,17],[8,84],[-52,159],[-12,-27],[-39,43],[19,-40],[-73,-193],[16,-28],[-57,-56],[53,148],[-69,-135],[-44,-4],[-4,29],[-53,-142],[-30,-1],[11,-64],[-16,-27],[-10,36],[-11,-80],[-52,-40],[-31,44],[-39,-46],[-51,4],[-35,58],[30,60],[107,38],[51,73],[33,111],[63,26],[72,95],[-109,-40],[42,107],[-47,-116],[-6,45],[-65,-6],[2,45],[-20,-7],[6,-125],[-53,-59],[2,33],[-21,-11],[21,43],[-13,19],[-8,-31],[-30,-20],[6,48],[-46,-59],[47,86],[-99,-69],[-18,21],[150,100],[-59,-32],[-20,21],[48,153],[-11,20],[-22,-97],[-55,-52],[-26,82],[-8,-122],[-34,-1],[-2,71],[-7,-78],[-94,6],[-1,-29],[-21,34],[13,-39],[-24,-22],[-98,24],[-7,37],[-40,-30],[-5,34],[-82,-24],[-30,32],[-9,-23],[-42,19],[10,27],[-127,-31],[22,63],[-46,-67],[-29,17],[-161,-60],[-53,30],[5,84],[-33,87],[231,305],[21,11],[-30,-32],[92,68],[-120,19],[-155,-47],[10,39],[127,138],[-53,-94],[19,-36],[11,47],[11,-37],[27,-2],[96,335],[3,-51],[40,7],[40,-54],[52,-4],[-45,14],[-25,75],[62,1],[17,32],[-64,-22],[43,58],[-80,4],[1,89],[58,88],[29,-70],[7,38],[48,-25],[-34,57],[-15,-17],[-18,100],[163,519],[55,11],[-33,-1],[-34,49],[67,28],[64,92],[-46,60],[53,-2],[-22,21],[51,48],[0,59],[36,63],[215,160],[19,-2],[-14,-74],[74,-9],[-36,43],[29,32],[6,-25],[56,7],[-10,-43],[-25,2],[22,-26],[-39,-89],[-137,36],[21,-55],[-17,-24],[31,-43],[56,34],[8,-78],[-20,-8],[-20,-118],[-7,19],[-49,-101],[-7,106],[-16,-16],[17,-120],[-61,-82],[15,-12],[-40,-74],[-25,8],[16,-50],[-64,-100],[-26,-173],[-38,-44],[34,-14],[-21,-105],[83,173],[25,29],[12,-30],[30,111],[56,69],[15,-44],[-36,-91],[50,61],[2,-34],[12,40],[60,-63],[70,48],[8,-30],[-70,-81],[-79,-40],[-46,-102],[55,73],[37,-6],[-29,-47],[11,-28],[-64,-76],[86,53],[28,-26],[-19,-14],[30,12],[6,-51],[38,63],[-13,-76],[23,68],[32,15],[-17,-47],[32,16],[-36,-55],[44,25],[-8,-49],[22,43],[-22,83],[50,4],[-69,-284],[56,43],[-26,-9],[-3,51],[65,57],[-8,39],[19,-7],[-6,-69],[43,34],[13,70],[5,-78],[96,156],[-18,-58],[29,16],[-15,-118],[31,89],[43,-3],[-4,-32],[52,69],[17,-13],[-16,-12],[33,8],[120,-95],[10,-26],[-46,-72],[9,-37],[-69,-11],[31,-11],[-48,-20],[24,-28],[-107,-90],[49,23],[8,-27],[41,41],[12,-14],[-32,-8],[11,-31],[-40,0],[21,-11],[4,-57],[38,28],[-34,-3],[22,45],[-5,-26],[29,4],[7,-30],[34,9],[-99,-74],[69,8],[-11,-24],[-115,-74],[8,-21],[78,69],[0,-61],[55,102],[11,-27],[-30,-39],[26,12],[14,43],[-10,-67],[50,118],[54,-51],[46,102],[26,-86],[-57,-115],[-46,18],[-4,-53],[-75,-72],[-80,39],[-4,-35],[10,-52],[67,-14],[-68,-23],[83,19],[-24,-91],[-25,4],[17,-8],[-18,-66],[-39,45],[46,-131],[27,34],[-1,-91],[33,7],[15,120],[62,155],[59,21],[39,68],[24,-38],[-103,-212],[14,-30],[-27,-59],[23,16],[-25,-30],[21,2],[-3,-72],[18,-11],[71,99],[29,122],[40,-158]],[[14467,81505],[-4,-59],[-38,29],[-21,69],[38,77],[25,-116]],[[34624,81714],[-18,19],[41,51],[-23,-70]],[[14406,81702],[-31,0],[20,87],[58,28],[-18,-172],[-28,-10],[-1,67]],[[13612,81845],[8,-26],[-29,-4],[13,-65],[-24,31],[1,88],[31,-24]],[[14459,81876],[19,3],[-17,-47],[-41,-1],[-10,37],[49,8]],[[14375,81793],[-11,59],[36,43],[-25,-102]],[[14381,81903],[-31,-77],[-5,38],[-46,7],[21,46],[61,-14]],[[14417,81919],[-21,8],[59,24],[13,-65],[-43,-1],[13,40],[-21,-6]],[[14655,82026],[1,-65],[-94,-73],[-39,-114],[-48,-20],[38,170],[142,102]],[[14273,82042],[-17,-107],[-24,104],[41,3]],[[14288,82132],[3,31],[10,-133],[-84,51],[33,0],[-9,42],[47,9]],[[13454,82199],[-30,-12],[57,16],[4,-51],[-39,12],[-2,-41],[-28,73],[38,3]],[[14358,82028],[-43,-27],[21,238],[22,-211]],[[14186,82134],[-14,-92],[-82,157],[0,56],[96,-121]],[[14358,82199],[-3,30],[41,26],[-28,-128],[-10,72]],[[14296,82199],[9,84],[-2,-126],[-7,42]],[[14012,82357],[7,-21],[-25,-4],[-9,37],[27,-12]],[[14010,82389],[6,-28],[-40,32],[34,-4]],[[13985,82432],[18,-34],[-43,34],[25,0]],[[14082,82377],[-9,-37],[-55,123],[64,-86]],[[13580,81879],[-10,24],[-8,-51],[-28,67],[-1,-62],[-18,58],[-10,-18],[-49,74],[-8,33],[21,12],[-160,187],[33,-4],[-10,32],[23,-32],[-5,27],[-41,48],[-13,-59],[-54,91],[3,24],[38,-16],[-6,24],[17,-20],[8,39],[-105,18],[-21,65],[54,-7],[21,16],[14,-5],[50,5],[74,54],[4,-51],[53,-72],[-114,13],[23,-44],[24,36],[58,-30],[4,-41],[-52,-30],[-34,38],[-17,-36],[30,4],[13,-47],[46,1],[-53,-21],[4,-32],[30,-7],[19,-91],[54,-20],[17,-86],[44,51],[-2,-53],[-29,-6],[33,-48],[-4,24],[31,7],[16,-23],[-26,-24],[47,-4],[-28,-32]],[[14221,82184],[-34,-16],[-51,85],[-2,33],[28,-11],[-15,19],[65,83],[-50,63],[42,-63],[-65,-77],[-24,27],[34,206],[119,-83],[27,-82],[-16,-234],[-45,-6],[4,92],[26,88],[-4,32],[-2,-37],[-22,3],[-3,-140],[-12,18]],[[14085,82418],[-11,54],[25,76],[30,-123],[-44,-7]],[[14191,82590],[-4,-45],[-53,-4],[33,129],[24,-80]],[[13960,82492],[-7,-44],[-47,6],[-43,88],[-65,45],[-24,56],[21,11],[-53,21],[4,44],[150,-99],[64,-128]],[[14120,82578],[2,139],[88,52],[-11,-81],[-27,5],[-32,-44],[-20,-71]],[[13776,82752],[40,64],[47,-131],[-87,67]],[[13819,82870],[19,12],[98,-102],[87,-142],[-34,-4],[45,-8],[39,-62],[-7,-66],[-19,52],[-23,-15],[8,-50],[-23,-5],[-26,75],[-41,23],[-29,130],[-40,-2],[51,18],[-61,4],[-55,111],[11,31]],[[13764,82922],[-11,-48],[-52,36],[15,-60],[-26,0],[12,76],[70,64],[52,-73],[-33,-78],[-35,3],[41,72],[-33,8]],[[13172,82476],[-36,31],[48,38],[-61,-6],[15,35],[84,-27],[-75,92],[-53,-14],[10,32],[-42,20],[24,36],[-71,160],[30,84],[-10,71],[138,-28],[-24,-102],[71,91],[34,6],[34,-58],[13,-79],[-35,-54],[-116,-50],[15,-34],[70,24],[-36,-55],[90,70],[-10,43],[32,68],[-28,87],[73,-2],[71,73],[-75,-315],[-9,-194],[-87,-39],[42,-8],[-19,-24],[-17,1],[-16,21],[-36,-30],[-4,23],[-34,13]],[[13825,83000],[-11,20],[11,26],[20,-32],[-20,-14]],[[13707,83000],[-38,25],[4,30],[34,-55]],[[13682,83281],[-60,-87],[8,97],[52,-10]],[[13724,83360],[37,35],[-1,-53],[-36,18]],[[13831,83399],[-9,-46],[-38,-19],[47,65]],[[33924,83403],[-79,-31],[-20,62],[79,32],[-12,-71],[32,8]],[[13769,83387],[-8,24],[77,115],[-24,-115],[-45,-24]],[[33125,84046],[11,-17],[-50,-22],[20,12],[-13,40],[32,-13]],[[33053,84109],[19,-14],[-77,22],[33,68],[44,-48],[-19,-28]],[[32940,84299],[0,-27],[-51,4],[-55,51],[106,-28]],[[32992,84346],[22,-7],[-135,15],[57,8],[-57,16],[8,28],[122,-48],[-17,-12]],[[32995,84421],[34,57],[10,-33],[-44,-24]],[[32880,84571],[31,59],[50,-7],[-9,-51],[-59,-44],[55,1],[-1,-86],[-72,65],[5,63]],[[32885,84899],[-66,0],[-14,20],[62,51],[8,-32],[-49,-27],[59,-12]],[[32818,84998],[17,-46],[-38,-29],[-25,52],[46,23]],[[32805,85100],[28,47],[41,-32],[-26,-44],[-43,29]],[[32797,85118],[-49,22],[34,47],[31,-38],[-16,-31]],[[30805,85887],[11,-31],[-78,-73],[16,69],[-19,41],[70,-6]],[[32200,86272],[32,-27],[-49,-30],[-18,26],[35,70],[0,-39]],[[20034,90386],[18,42],[-31,-93],[13,51]],[[19987,90408],[30,-16],[-27,-29],[-22,77],[19,-32]],[[20162,90487],[20,-17],[-55,0],[-19,70],[54,-53]],[[19998,90633],[-40,24],[31,-12],[38,54],[-8,-101],[-21,35]],[[19920,90728],[-37,-37],[-20,53],[57,-16]],[[19964,90791],[35,9],[22,-64],[-41,-6],[-10,-41],[-6,102]],[[22935,90827],[18,17],[9,-33],[-51,-32],[-12,40],[36,8]],[[18295,90930],[59,-5],[-103,12],[44,-7]],[[18487,90953],[55,-4],[-99,-8],[44,12]],[[19985,90969],[-11,-40],[-43,-1],[11,38],[43,3]],[[19747,90949],[0,-28],[-80,71],[73,-14],[7,-29]],[[22509,91036],[-4,-51],[-28,43],[32,8]],[[19623,91028],[4,-44],[-57,44],[18,24],[35,-24]],[[19427,91052],[52,19],[-107,-51],[55,32]],[[18984,91170],[44,0],[-63,-47],[19,47]],[[22197,91210],[-9,-54],[-31,26],[40,28]],[[19212,91312],[38,-36],[-110,-4],[72,40]],[[19265,91312],[35,0],[-67,9],[32,-9]],[[20975,91292],[7,-57],[-53,-11],[-120,88],[113,16],[53,-36]],[[21751,91439],[-41,-115],[-141,67],[91,78],[91,-30]],[[22165,91458],[-52,-51],[-22,49],[-37,-26],[12,163],[121,-76],[-22,-59]],[[22210,91620],[6,-83],[-65,63],[33,56],[26,-36]],[[21797,91679],[-42,-58],[-2,72],[44,-14]],[[12342,91793],[60,7],[17,-47],[-77,40]],[[21949,91849],[-72,-62],[15,62],[-43,55],[100,-55]],[[23179,91847],[-52,61],[117,-31],[42,23],[7,-126],[-114,73]],[[23349,91813],[9,104],[78,11],[72,-61],[-12,-74],[-92,-27],[-5,130],[-34,-127],[-16,44]],[[11357,91948],[68,-36],[-75,-33],[-54,21],[61,48]],[[23551,91492],[-87,-106],[-18,44],[-51,-8],[-18,-70],[-44,3],[-144,-102],[-162,82],[-16,-42],[-85,10],[-90,72],[-92,9],[-67,105],[-45,-62],[-94,49],[12,53],[-42,16],[-62,-72],[-112,113],[38,62],[126,3],[82,36],[16,57],[68,4],[-56,82],[53,15],[-47,26],[11,37],[146,-87],[-96,99],[24,87],[99,80],[162,-108],[-42,-20],[29,-42],[29,55],[109,-114],[187,-106],[19,-164],[29,115],[61,-204],[55,-25],[77,42],[38,-24]],[[22926,92090],[21,35],[45,-47],[-66,12]],[[22016,92327],[-15,-33],[-15,40],[30,-7]],[[18902,92334],[78,-7],[-121,-7],[-60,32],[103,-18]],[[17593,92433],[26,-16],[-72,24],[46,-8]],[[17704,92465],[39,-8],[-103,-8],[64,16]],[[17484,92476],[49,-11],[-118,11],[69,0]],[[14379,92528],[42,-28],[-72,-39],[30,67]],[[22124,92429],[-84,36],[-16,74],[63,0],[81,-59],[-55,4],[45,-70],[-34,15]],[[21980,92036],[-26,-82],[-92,3],[-45,136],[-60,-150],[-153,158],[-31,-88],[-16,29],[-52,-43],[-25,15],[51,-45],[-6,-73],[-76,-16],[-196,91],[-6,-43],[80,-37],[27,-67],[11,48],[19,-23],[-46,-211],[94,155],[156,68],[95,-48],[-65,-39],[38,-37],[-51,-34],[36,-27],[46,46],[43,-39],[-14,-114],[-163,-24],[-32,-51],[-63,19],[10,-34],[-70,-24],[-55,26],[-70,-35],[-190,43],[-45,52],[-92,-48],[-147,18],[-43,34],[94,76],[-409,58],[26,123],[-74,59],[-46,-71],[-59,-10],[7,-85],[-110,-109],[-169,-49],[-166,3],[-7,-40],[-129,-86],[-374,-87],[-54,25],[-114,-41],[31,35],[-153,-18],[47,-34],[-291,4],[-263,-41],[-5,28],[59,4],[-83,47],[-89,129],[33,131],[-40,87],[43,-2],[-199,53],[-259,-23],[-218,33],[-183,93],[10,59],[-86,16],[13,36],[-105,58],[-57,135],[133,80],[368,69],[404,39],[454,-67],[114,45],[-34,18],[151,-27],[69,11],[-33,18],[28,11],[-132,25],[-58,74],[-193,23],[-95,60],[-217,39],[-436,-79],[-133,0],[-54,35],[-376,-19],[-191,157],[-31,83],[163,85],[250,40],[175,71],[140,3],[-125,39],[131,43],[90,-34],[101,42],[-104,-20],[-35,12],[28,16],[-102,5],[-436,-92],[-48,67],[4,-75],[-170,3],[-41,52],[51,40],[126,12],[-82,36],[76,27],[-106,-2],[-98,-49],[-9,42],[-103,6],[-16,-46],[-57,49],[1,132],[143,162],[125,28],[-13,64],[-102,20],[-8,60],[333,253],[774,269],[89,-28],[85,-113],[-7,-190],[-98,-31],[24,-38],[-99,-47],[16,-23],[289,78],[-42,-52],[61,41],[-46,54],[59,77],[55,47],[93,6],[455,-161],[-19,-91],[-166,-114],[18,-26],[45,21],[-26,-88],[93,80],[-47,20],[81,52],[-22,-67],[38,10],[59,-50],[-16,71],[82,39],[24,59],[60,-12],[-30,-37],[72,-38],[-55,44],[43,32],[89,-69],[77,-2],[-133,71],[131,-32],[-140,99],[26,29],[100,-32],[18,26],[-133,13],[6,49],[-83,15],[-62,78],[188,6],[126,-46],[-36,-20],[97,-74],[61,8],[66,-53],[-28,-58],[115,-5],[26,-240],[38,0],[17,-122],[42,15],[-16,-138],[56,-3],[59,-63],[9,73],[37,-15],[116,56],[-62,37],[62,18],[-147,138],[-2,186],[-55,31],[30,32],[-117,323],[37,41],[82,-9],[-69,45],[8,50],[119,-15],[163,-87],[-4,62],[60,17],[177,-131],[107,-16],[134,-154],[5,-36],[-45,28],[151,-337],[-16,-69],[196,-348],[11,-68],[-57,-2],[-29,-158],[283,-269],[179,-62],[-55,45],[11,58],[65,-93],[183,-105],[76,-40],[36,24],[54,-16],[18,-95],[43,37],[38,-23],[60,28],[42,-218]],[[29736,90266],[-16,48],[57,130],[125,44],[44,90],[-49,32],[-31,165],[-50,39],[15,58],[-94,84],[-14,175],[-15,-19],[-46,43],[-78,0],[60,70],[-94,-86],[10,31],[-73,26],[-28,37],[58,61],[-5,97],[-120,24],[84,-100],[-28,-35],[-5,24],[-60,-12],[-136,121],[38,67],[-70,-38],[-44,20],[83,40],[-5,33],[-95,-18],[55,20],[-55,-4],[51,20],[-45,-8],[23,25],[83,15],[-47,34],[-67,-43],[-18,-67],[-103,75],[-33,-79],[-200,-108],[-83,-9],[-4,192],[60,25],[120,-28],[103,45],[5,85],[-100,79],[-119,18],[-66,81],[44,65],[72,-22],[8,28],[-122,12],[29,-12],[-52,-60],[-49,15],[17,25],[-46,-21],[-61,28],[114,44],[-30,31],[35,34],[-149,4],[93,58],[-182,-68],[32,4],[21,-24],[-48,-27],[-19,47],[-6,217],[-52,36],[-45,-24],[-40,20],[13,-32],[-71,8],[-37,56],[42,15],[-54,-14],[-45,82],[-41,13],[7,-37],[-57,35],[53,72],[46,-28],[-83,75],[-40,-31],[43,-6],[-43,-101],[-52,3],[26,63],[-94,-84],[185,-63],[72,-166],[-37,-77],[-245,-18],[-62,77],[-30,-21],[-15,33],[-469,73],[86,-72],[70,-3],[115,-119],[-42,-45],[-177,146],[-399,196],[53,-58],[299,-148],[-1,-41],[-79,-4],[-31,-50],[-254,129],[-173,-37],[-193,24],[-125,24],[2,51],[-39,-30],[-236,19],[-14,-28],[67,16],[104,-47],[-152,-1],[-213,139],[-11,75],[81,64],[-20,28],[9,-21],[-91,-63],[7,-32],[-68,6],[40,30],[-45,-1],[-20,50],[-76,-45],[66,-11],[10,-49],[-224,24],[47,-27],[-67,-27],[-114,54],[107,-8],[-73,45],[-174,51],[-189,244],[72,31],[-102,75],[119,-35],[135,13],[88,-55],[120,-13],[247,35],[-207,83],[-32,77],[-60,-37],[-481,68],[-53,73],[-12,81],[69,97],[-89,95],[35,82],[115,52],[-90,16],[0,146],[32,-11],[14,113],[74,28],[-30,71],[84,-20],[-24,128],[60,119],[72,18],[-46,20],[53,31],[67,-12],[-62,36],[236,177],[399,115],[366,-16],[112,-47],[-332,-255],[-196,-329],[131,-153],[-50,-195],[88,-192],[176,-161],[149,-49],[34,-82],[-99,7],[-72,-32],[13,-27],[-150,-9],[-101,-72],[-143,-38],[150,9],[143,83],[163,-5],[58,32],[27,-71],[-29,20],[-46,-13],[52,-4],[-2,-89],[57,24],[0,255],[65,37],[-26,111],[-177,2],[-90,71],[40,13],[-33,50],[-137,65],[91,-2],[62,40],[6,107],[171,-27],[182,-162],[12,50],[-215,154],[34,38],[106,13],[-120,-8],[24,55],[-98,-62],[-106,63],[-29,47],[40,19],[-65,34],[7,147],[31,46],[70,-6],[379,-118],[-323,159],[-116,-5],[33,67],[58,-47],[9,51],[427,-94],[-422,129],[12,65],[88,40],[126,-92],[-87,94],[132,48],[111,-24],[49,-78],[-17,89],[-95,28],[102,52],[162,32],[63,50],[362,-12],[83,-102],[12,-158],[157,-60],[-5,-134],[109,-109],[-316,-285],[235,156],[7,-77],[-127,-102],[112,-70],[-128,7],[-17,-24],[80,-20],[-51,-75],[163,94],[-24,75],[68,16],[-2,52],[158,-99],[-137,115],[98,103],[62,-95],[-48,-68],[62,30],[26,-45],[-26,55],[59,63],[104,-68],[-76,-177],[202,-59],[-114,81],[23,91],[91,-42],[82,-159],[83,-30],[-108,84],[40,32],[113,-127],[14,35],[-119,94],[-47,0],[-37,83],[-124,64],[20,61],[74,5],[30,-96],[5,86],[200,-65],[8,-67],[20,48],[165,-28],[-427,168],[29,97],[230,93],[198,-7],[65,-60],[135,-28],[18,-64],[45,65],[206,-55],[47,-169],[-70,-46],[-99,12],[-108,-32],[-108,-131],[114,114],[97,37],[115,-23],[-95,-46],[-61,-142],[-82,-35],[65,7],[54,62],[33,96],[99,24],[37,60],[228,-28],[34,-65],[-37,-84],[-83,6],[-44,-54],[-190,-36],[86,16],[40,-24],[-126,-82],[188,105],[21,-19],[-46,-66],[-91,-36],[81,18],[-24,-39],[62,-35],[-103,-121],[124,119],[-31,71],[61,85],[115,44],[-39,-75],[29,-40],[-20,47],[61,77],[77,14],[31,-26],[-108,-156],[-89,-27],[80,16],[-59,-138],[104,191],[50,33],[34,-20],[-21,-114],[50,47],[23,-31],[-79,-70],[-15,-84],[-46,-39],[52,19],[70,151],[35,-4],[74,-40],[-63,-28],[-28,-138],[58,141],[48,15],[0,89],[67,16],[-23,43],[55,20],[25,69],[279,-92],[119,-135],[-98,-118],[-160,11],[-86,-119],[-117,-35],[131,32],[39,-19],[-113,-131],[100,87],[172,63],[116,-9],[-8,86],[95,59],[67,-23],[27,-90],[-79,-109],[-112,-82],[-102,18],[-47,-95],[-61,-15],[66,2],[-26,-76],[85,164],[97,-25],[-104,-294],[82,114],[73,237],[308,144],[27,-21],[-50,-65],[-136,-57],[-8,-91],[46,15],[-23,64],[95,12],[3,-23],[158,113],[75,-7],[256,-151],[-50,-83],[-36,54],[-36,-83],[-209,-43],[-190,-117],[57,8],[38,-39],[-92,-13],[-91,-71],[116,68],[82,5],[21,96],[180,16],[-18,31],[117,-11],[-31,-92],[-181,-127],[-96,6],[-61,-118],[73,102],[99,-12],[79,79],[126,13],[24,64],[104,42],[-44,36],[75,79],[237,-218],[31,-126],[-250,27],[-93,-82],[-105,7],[-148,-64],[-212,1],[203,-16],[196,47],[161,-74],[216,1],[155,-115],[-31,-75],[-249,25],[-144,77],[-227,28],[-54,-33],[-7,-21],[78,42],[204,-31],[38,-38],[-245,3],[127,-13],[-156,-51],[40,-4],[-26,-79],[43,71],[136,50],[186,-89],[-82,-30],[-153,7],[142,-21],[11,-53],[-137,25],[187,-73],[-197,44],[-25,-36],[-207,54],[59,-28],[-65,-8],[110,-8],[4,-35],[258,-32],[-35,-8],[18,-25],[-149,20],[-72,-34],[76,19],[41,-22],[-77,-17],[229,-6],[-7,-93],[28,87],[54,8],[48,-20],[-38,-21],[6,-63],[16,63],[61,5],[16,-27],[8,21],[15,-37],[-42,-8],[60,0],[-1,40],[129,-24],[-100,-46],[-105,21],[-109,-34],[-21,-41],[95,44],[-47,-59],[33,6],[48,60],[104,-17],[-58,-17],[-40,-82],[-61,7],[62,-22],[24,65],[63,32],[77,-27],[-50,-123],[77,63],[-13,-90],[44,91],[74,-11],[-45,-29],[63,4],[18,-40],[-40,-23],[-24,-61],[-92,5],[90,-25],[9,-31],[31,104],[90,46],[7,71],[-23,-304],[56,195],[100,13],[-46,-120],[71,-111],[-53,113],[37,69],[109,83],[77,-33],[-88,-38],[34,-12],[-46,-27],[-11,-40],[30,20],[8,-22],[-51,-86],[78,87],[24,-58],[19,75],[71,-10],[35,-20],[-5,-32],[-68,-29],[74,19],[17,20],[8,-63],[58,-4],[9,-47],[-57,-39],[-54,7],[32,-16],[92,0],[24,-84],[-247,26],[158,-32],[-151,-57],[225,45],[-16,-36],[-163,-42],[-26,-76],[57,75],[148,28],[21,31],[106,0],[12,-42],[-86,-120],[169,218],[52,-67],[-84,-64],[12,-79],[-162,-90],[81,0],[24,54],[4,-117],[22,105],[134,45],[-10,-190],[43,175],[53,-2],[68,-122],[-32,116],[40,10],[3,58],[50,8],[-4,-81],[55,32],[43,-14],[-68,-46],[109,0],[-34,-23],[62,-15],[63,-87],[-45,-62],[-155,88],[-53,-39],[102,-2],[67,-87],[-114,-37],[118,4],[29,-28],[-29,-16],[-102,-31],[-73,16],[-15,52],[-105,19],[-18,-23],[54,4],[50,-60],[-96,-48],[-64,67],[54,-80],[45,17],[111,-42],[36,-45],[-29,-11],[44,-21],[-101,-23],[-130,33],[-38,65],[-40,-15],[39,0],[29,-59],[109,-25],[38,-90],[-98,-7],[-62,56],[83,-84],[-9,-22],[-68,26],[69,-54],[-16,-50],[-5,29],[-40,-16],[-31,86],[-8,-98],[-66,25],[-87,175],[45,-152],[-104,3],[99,-26],[0,-55],[-67,34],[-4,-28],[92,-67],[-101,20],[74,-39],[-38,-8],[51,-47],[-32,-36],[40,-18],[-57,-10],[49,-27],[-54,-142],[-33,11],[11,49],[-59,-9],[48,31],[-60,2],[17,81],[-84,-77],[-46,30],[55,56],[-82,-12],[-10,62],[48,83],[-58,-65],[-31,-130],[-16,57],[-32,-19],[23,55],[-51,-7],[-22,38],[63,20],[-64,0],[127,45],[13,34],[-167,-64],[-44,68],[67,24],[61,75],[-40,1],[-38,-65],[-98,20],[153,83],[-109,-40],[-75,13],[19,62],[-33,-19],[47,96],[110,49],[56,-19],[-32,36],[38,109],[101,72],[-99,-39],[-71,-119],[-119,-54],[-141,-16],[-17,57],[90,69],[44,126],[-56,-116],[-92,-42],[-68,61],[30,38],[-37,-27],[-39,22],[9,-43],[-36,7],[13,76],[-28,12],[36,25],[-89,-17],[24,43],[-30,-10],[-21,58],[38,28],[-93,31],[49,-44],[-78,-23],[10,-24],[-111,79],[-3,-31],[-58,-1],[128,-25],[36,-91],[-70,37],[73,-74],[-70,-4],[-64,86],[-101,36],[66,-146],[164,-122],[-42,-24],[36,-49],[-119,-6],[-37,35],[12,-39],[-61,2],[-14,104],[-83,83],[-35,-23],[-32,67],[5,-52],[-98,-11],[101,0],[62,-65],[17,27],[48,-30],[-15,-55],[-36,16],[27,-24],[-65,42],[44,-50],[-35,5],[1,-28],[46,11],[18,-57],[-34,-21],[108,11],[-40,-43],[25,-55],[-53,-44],[30,-4],[-22,-43],[82,87],[84,24],[45,-20],[4,-63],[-56,-20],[111,-44],[-16,-31],[-83,-12],[82,-20],[2,-65],[49,22],[-7,-75],[-41,-28],[57,5],[50,66],[-53,-78],[43,11],[-20,-71],[30,-16],[5,-86],[7,159],[56,-63],[37,6],[8,-41],[47,-2],[-11,-52],[-43,-4],[37,-7],[-2,-40],[55,95],[-6,-79],[23,27],[42,-75],[-40,143],[35,-1],[14,-45],[16,23],[2,-88],[18,47],[24,-35],[-54,-71],[13,-57],[59,-9],[40,32],[-16,-49],[54,55],[-7,-31],[34,16],[12,-38],[-54,-37],[11,-49],[-83,17],[-36,-16],[61,2],[-36,-29],[84,-21],[-37,-39],[40,16],[38,-40],[-22,-19],[39,-4],[-44,-24],[81,-8],[-12,-23],[75,42],[15,-32],[-97,-93],[130,-92],[4,-142],[-36,-3],[32,-24],[3,-35],[-32,4],[39,-20],[-14,-19],[-50,15],[-63,203],[-100,104],[88,-121],[-45,-99],[28,4],[-21,-20],[49,-25],[12,-70],[-44,45],[9,-39],[-33,22],[47,-34],[-22,-29],[55,-4],[30,-40],[-32,-3],[28,-24],[-23,-47],[62,-36],[-73,-24],[-106,79],[95,-209],[-67,-43],[-27,75],[-24,-8],[30,55],[-36,4],[34,28],[-21,47],[-20,-51],[-57,-2],[-41,57],[11,73],[-21,-103],[-49,37],[36,56],[-54,-28],[-70,87],[49,-106],[-81,27],[-34,45],[-12,80],[-35,38],[10,54],[-24,-47],[38,-47],[12,-75],[-35,11],[37,-61],[-34,19],[-37,142],[-7,-72],[-52,51],[13,90],[-11,-62],[-52,1],[-201,276],[63,-230],[-122,139],[-26,-8],[-16,59],[0,-36],[-67,63],[-129,9],[36,-87],[116,-95],[60,-142],[87,-32],[-19,-39],[25,25],[79,-13],[-53,-47],[8,-32],[65,49],[-33,-73],[65,36],[49,-52],[-34,-20],[48,13],[-14,-36],[35,8],[19,-79],[40,4],[-27,-24],[68,15],[78,-103],[-9,-46],[43,16],[6,-41],[-38,-26],[36,-38],[-6,36],[39,10],[19,-59],[-30,11],[93,-36],[-31,-74],[-45,24],[64,-133],[-120,-5],[-66,27],[-29,51],[-100,14],[-36,37],[-23,-16],[-5,38],[-338,63],[-79,76],[-100,37],[-26,105],[-24,-54],[-23,55],[4,-44],[-40,66],[56,57],[-66,14],[-20,-26],[-38,48],[21,-55],[-50,39],[-84,-27],[-70,65],[-93,17],[-19,12],[36,8],[-76,16],[26,42],[-58,-22],[93,78],[-31,-7],[2,32],[-81,-94],[-51,26],[-2,39],[-85,32],[-13,31],[31,18],[-33,-2],[-3,89],[-66,-10],[-35,30],[147,-13],[107,101],[-49,-19],[-4,39],[-40,-32],[8,76],[-31,4],[-3,-36],[-11,55],[-16,-35],[-6,31],[-41,43],[-24,-38],[46,4],[-24,-61],[-6,39],[-25,-30],[-44,63],[-4,-59],[-29,0],[-13,48],[77,86],[-33,-6],[-9,34],[-38,-102],[-80,43],[0,131],[-14,-68],[-61,51],[8,64],[-48,10],[-7,56],[-39,32],[-11,-44],[-28,12],[33,52],[-60,20],[87,106],[-37,44],[-3,-74],[-42,-17],[10,55],[-43,-4],[-18,40],[-29,-72],[-47,39],[38,-74],[-49,0],[-10,-87],[-46,17],[23,36],[-26,26],[36,-12],[-23,55],[48,-15],[-59,31],[45,8],[-13,82],[-46,-27],[-7,-55],[-19,59],[-8,-31],[-23,20],[15,-52],[-48,29],[-47,66],[62,55],[-16,36],[-55,-24],[3,-49],[-72,17],[145,-138],[-49,-16],[39,-42],[-49,-48],[-132,67],[-18,-35],[-166,109],[1,-53],[50,-41],[-80,16],[52,-66],[-60,20],[-111,-26],[45,-35],[-76,13],[2,-31],[-71,20],[6,-65],[-123,63],[-61,-35],[-15,50],[-39,-7],[15,20],[-45,23],[-7,-39],[-53,32],[9,27],[-48,2],[-48,87],[8,69],[-40,4],[63,63],[-13,91],[224,131],[-56,72],[16,34],[46,-2],[-28,53],[199,-36],[244,-103],[16,-42],[83,-54],[4,-54],[-67,-15],[80,-129],[9,117],[-62,-23],[49,56],[36,-14],[18,85],[-45,-56],[-56,93],[-43,13],[-9,25],[-44,15],[-11,35],[91,12],[20,-38],[93,-13],[36,28],[-6,53],[89,-5],[19,31],[46,-62],[120,118],[179,-45],[-67,181],[-82,47],[-128,169],[282,231],[31,63],[110,43]],[[17965,94168],[-119,-87],[-196,-56],[-751,-364],[-76,-179],[-103,-55],[-124,22],[27,-76],[-77,-95],[14,-157],[-70,-115],[-219,-64],[-77,50],[-117,-113],[-188,-106],[-127,25],[-190,301],[-365,174],[82,6],[-255,-1],[122,260],[135,89],[-45,171],[177,38],[-106,91],[301,389],[-122,65],[-151,270],[882,120],[396,-160],[177,-27],[-83,-73],[15,-40],[79,110],[93,-10],[-12,-125],[66,15],[63,117],[183,34],[180,-28],[581,-416]],[[15731,79923],[-45,-23],[-18,125],[63,-102]],[[15652,80072],[-13,44],[106,-138],[-93,94]],[[15633,80145],[-16,-16],[-25,33],[41,-17]],[[15014,80168],[-17,-24],[-4,31],[21,-7]],[[14977,80234],[4,-34],[-43,12],[-2,59],[27,10],[14,-47]],[[15741,80267],[-26,-19],[28,47],[-2,-28]],[[15491,80340],[13,-30],[-54,35],[41,-5]],[[15708,80309],[25,55],[10,-45],[-35,-10]],[[15359,80339],[-33,25],[0,36],[33,-61]],[[15525,80443],[-27,16],[52,43],[-25,-59]],[[15371,80483],[9,31],[79,-56],[62,-118],[-150,143]],[[14817,80506],[11,-90],[-17,-23],[-82,83],[33,26],[-36,20],[60,39],[31,-55]],[[15270,80712],[7,51],[31,-95],[-27,-31],[-11,75]],[[15222,80652],[-36,66],[11,78],[35,-49],[-18,-49],[18,-73],[-10,27]],[[15308,80739],[-21,33],[14,31],[45,-78],[-22,-29],[-16,43]],[[15332,80760],[22,44],[21,-46],[-21,-35],[0,74],[-22,-37]],[[15184,80802],[-19,18],[25,10],[8,50],[66,-125],[-24,-53],[-21,112],[-35,-12]],[[15175,80894],[-6,-54],[-43,6],[49,48]],[[15070,80871],[-61,10],[45,21],[16,-31]],[[14906,80976],[29,-27],[-109,-13],[80,40]],[[14888,80991],[-6,-24],[-37,9],[43,15]],[[14828,81016],[91,90],[31,-45],[-30,-55],[-92,10]],[[14783,81075],[-35,31],[74,12],[22,-28],[-61,-15]],[[15744,79762],[5,-47],[-37,18],[-32,-76],[-28,1],[-400,239],[-26,41],[94,126],[11,131],[-28,-139],[-92,-29],[-27,10],[21,28],[-20,12],[-38,-72],[-38,26],[-74,74],[72,66],[-37,-33],[-8,128],[-19,-60],[-31,-19],[-20,23],[32,95],[-28,-67],[-11,71],[-37,-24],[-19,27],[-9,-51],[-40,64],[-16,-51],[-23,17],[6,105],[123,50],[-96,-5],[-4,68],[-29,-49],[-22,110],[-21,-9],[-32,52],[1,-49],[-23,49],[-4,-61],[-57,0],[-27,55],[39,108],[-26,-31],[-26,31],[-22,-68],[-29,33],[1,56],[-42,-39],[-9,34],[-41,-55],[-28,18],[42,75],[-29,21],[11,24],[-44,12],[12,69],[93,13],[40,-62],[-32,83],[40,47],[-36,-19],[-92,34],[79,-49],[-127,-28],[-2,-25],[-73,91],[12,34],[-26,7],[-13,52],[95,57],[54,-2],[283,-194],[385,-110],[83,-239],[82,-115],[2,-27],[-28,-6],[51,-112],[233,-140],[55,-108],[-2,-32],[-20,8],[71,-103],[2,-44],[-22,4],[35,-43],[-3,-79],[33,87],[27,-113]],[[13061,83074],[-6,-32],[-22,24],[28,8]],[[32089,86580],[14,-27],[-120,103],[61,15],[30,-67],[31,13],[-16,-37]],[[31144,86674],[-26,-119],[-124,-47],[50,217],[67,0],[33,-51]],[[28265,86869],[-9,-36],[-116,-34],[125,70]],[[31988,87166],[-37,-1],[15,31],[-153,108],[6,38],[112,23],[92,-19],[-21,-24],[39,-10],[-8,-63],[-45,-83]],[[31749,87420],[3,-24],[-71,29],[43,41],[25,-46]],[[24159,87492],[-9,-50],[-44,29],[6,25],[47,-4]],[[31877,87494],[36,13],[26,-50],[11,23],[29,-93],[-76,28],[-26,79]],[[24369,87774],[36,-6],[-59,-20],[23,26]],[[27977,87695],[-12,-162],[-87,-189],[-54,-50],[-119,163],[13,162],[106,157],[36,-20],[45,24],[72,-85]],[[32116,87843],[-59,-90],[-100,37],[6,31],[39,2],[-3,44],[117,-24]],[[28374,87878],[-2,-21],[-70,13],[72,8]],[[28410,87878],[28,0],[-51,-23],[-8,32],[31,-9]],[[31953,87847],[-48,12],[63,30],[20,-14],[-35,-28]],[[24685,87934],[41,-12],[-79,16],[38,-4]],[[29440,87926],[14,-35],[-43,-4],[-148,67],[34,19],[43,-39],[100,-8]],[[30488,87894],[13,-28],[-46,-23],[-102,15],[-55,111],[42,15],[-106,18],[34,15],[-56,33],[206,-69],[70,-87]],[[27169,88107],[91,-35],[-26,-131],[-308,-294],[-60,38],[-118,-63],[-5,82],[-60,100],[104,128],[41,121],[36,23],[63,-52],[90,56],[88,-6],[64,33]],[[24827,88392],[-22,-20],[-15,31],[37,-11]],[[28461,88281],[-6,-59],[-105,-56],[-165,174],[4,55],[187,-7],[45,-20],[40,-87]],[[24593,88471],[46,-29],[-43,-5],[-3,34]],[[32198,88308],[7,-34],[-55,30],[-45,84],[-21,83],[28,35],[29,-138],[57,-60]],[[28697,88395],[40,-11],[-43,-56],[-78,22],[-126,108],[28,21],[-31,17],[90,14],[115,-68],[5,-47]],[[29868,88522],[-35,-34],[-51,10],[86,24]],[[31975,88573],[21,51],[17,-31],[6,42],[47,4],[-13,-38],[29,0],[-30,-32],[53,-4],[5,-53],[-135,61]],[[28340,88672],[19,33],[100,2],[-53,-55],[-66,20]],[[27369,88802],[-18,18],[39,4],[-21,-22]],[[29645,88818],[29,-8],[-53,-32],[24,40]],[[29575,88982],[-22,-110],[-18,68],[26,35],[-29,19],[42,23],[1,-35]],[[31792,89007],[27,-8],[-65,-11],[76,129],[5,-49],[28,50],[21,-63],[-92,-48]],[[32706,89698],[36,-39],[-23,-41],[-16,32],[-14,-28],[2,28],[-44,0],[0,49],[59,-1]],[[26804,89734],[-11,35],[70,-14],[-59,-21]],[[27727,88558],[-79,-24],[-144,-156],[-39,5],[-264,131],[-113,-4],[-19,42],[48,41],[2,48],[-45,35],[-153,-9],[-15,28],[48,75],[-33,31],[-33,-39],[-86,-1],[-48,-62],[14,-140],[-42,-1],[-84,-91],[-55,9],[-85,-179],[-189,-111],[-66,4],[-35,65],[13,214],[-35,92],[-29,-39],[-129,-34],[-97,10],[-47,-51],[-89,-7],[-24,77],[71,115],[211,119],[-63,284],[69,134],[6,326],[59,212],[110,91],[15,-72],[33,25],[47,-18],[41,-112],[-73,-42],[86,-72],[24,-117],[101,157],[110,-80],[-20,-46],[45,-38],[178,-32],[61,-114],[129,-91],[105,-12],[75,-47],[90,-101],[0,-117],[51,-71],[-112,-107],[149,22],[16,37],[130,-62],[12,74],[102,-88],[6,-30],[-49,-14],[131,-45],[6,-27]],[[26388,89848],[114,-186],[-34,-75],[-111,119],[-18,130],[49,12]],[[26535,89895],[4,32],[121,-33],[92,-94],[-26,-65],[71,-57],[81,5],[-17,-50],[-19,-9],[-71,26],[11,24],[-18,-9],[7,-23],[-60,1],[43,55],[-40,4],[12,22],[-48,-30],[-51,15],[5,80],[-97,106]],[[26868,90021],[3,22],[100,-45],[-48,-41],[-55,64]],[[32664,90527],[-94,-97],[-43,26],[73,66],[64,5]],[[32356,90606],[44,-16],[-132,-4],[56,38],[32,-18]],[[32289,90720],[-72,-6],[12,81],[60,-75]],[[29622,90902],[-14,-36],[-276,2],[-66,44],[-32,120],[82,4],[34,63],[23,-67],[225,-41],[24,-89]],[[31584,91150],[31,-4],[-24,-58],[-106,21],[99,41]],[[25951,91162],[47,-47],[9,-156],[-62,-120],[-80,54],[10,115],[-38,36],[66,116],[48,2]],[[29157,91095],[-35,-127],[36,-193],[-55,-107],[-184,-100],[-303,-9],[-75,121],[-20,147],[165,308],[227,58],[215,-62],[29,-36]],[[28081,91182],[22,-41],[-60,-50],[-37,95],[75,-4]],[[27199,91172],[-68,41],[91,-16],[-23,-25]],[[29342,91219],[13,46],[66,-72],[-25,-56],[-54,82]],[[28162,91287],[-47,-35],[-52,17],[84,63],[-60,43],[117,-23],[-11,-43],[-61,-13],[30,-9]],[[29209,91328],[15,56],[77,-64],[-92,8]],[[29211,91237],[8,-55],[-52,8],[-115,106],[48,116],[69,-32],[60,-105],[-18,-38]],[[31109,91439],[95,-40],[-219,62],[124,-22]],[[24949,91640],[12,-40],[-35,56],[23,-16]],[[24862,91711],[-53,-8],[5,74],[-30,-47],[33,61],[45,-80]],[[28033,91501],[-41,-27],[-47,18],[48,122],[74,20],[93,88],[-24,46],[110,26],[27,-54],[-35,-50],[-32,13],[-108,-185],[-65,-17]],[[24930,91743],[-21,-34],[-50,73],[85,47],[-14,-86]],[[28696,91808],[5,-58],[-75,-59],[12,-59],[-71,7],[-58,61],[11,111],[176,-3]],[[31265,91912],[38,-20],[-55,-35],[-69,15],[86,40]],[[31136,91878],[-111,34],[65,45],[69,-5],[-18,29],[46,-38],[-51,-65]],[[28223,91943],[61,64],[65,-64],[-160,-93],[-94,-15],[81,108],[47,0]],[[27786,91936],[-30,2],[22,-79],[-65,23],[-2,50],[-26,-40],[-46,63],[-88,16],[27,35],[88,-49],[-13,75],[67,0],[16,-44],[106,17],[21,37],[66,-10],[35,-53],[-57,-43],[-121,0]],[[26712,92003],[-5,47],[91,-24],[-48,-12],[-1,-27],[-37,16]],[[24593,92018],[-26,-27],[-50,39],[87,51],[-11,-63]],[[25810,92141],[-82,67],[73,32],[87,-40],[57,12],[38,-55],[-173,-16]],[[30136,92733],[46,-6],[-17,-52],[-190,-60],[-39,71],[45,-3],[15,70],[43,15],[97,-35]],[[29735,93021],[38,-40],[-58,-21],[-8,-67],[-90,128],[77,20],[-11,-76],[52,56]],[[29795,93104],[-8,-77],[-77,34],[85,43]],[[23078,93724],[-27,23],[80,69],[21,-69],[-74,-23]],[[23035,93954],[60,32],[27,-45],[30,15],[21,-60],[-58,-61],[-88,35],[8,84]],[[19975,94215],[67,24],[74,-19],[-115,-31],[-26,26]],[[20922,94237],[50,-36],[-20,-135],[-123,-183],[-96,-37],[21,-57],[-229,199],[-3,55],[-255,111],[122,130],[338,34],[195,-81]],[[27527,94224],[11,83],[116,13],[276,-79],[365,19],[197,-63],[108,-116],[90,-21],[22,-88],[109,-44],[-25,-70],[60,-17],[-2,-54],[-568,29],[-279,-83],[-110,3],[-120,64],[-45,209],[-193,49],[2,90],[43,6],[-57,70]],[[23244,93568],[-39,-57],[-115,-24],[95,-48],[9,-86],[-102,-28],[104,-10],[-76,-61],[74,5],[-24,-64],[-42,-12],[0,31],[-132,-107],[-131,-28],[-158,30],[-11,133],[-57,-103],[127,-110],[-48,-70],[-143,-80],[-66,65],[-75,-20],[-41,136],[-348,346],[-92,-6],[-69,91],[-64,-53],[-109,49],[13,49],[-228,144],[-40,87],[76,131],[149,30],[58,-95],[54,-3],[21,-67],[48,-8],[-10,-39],[117,-20],[18,42],[115,-13],[-1,169],[33,-90],[68,6],[10,32],[-80,91],[27,19],[-84,-24],[-8,80],[57,35],[87,-57],[75,10],[-79,20],[-86,89],[7,-42],[-144,-37],[-202,112],[98,86],[87,-2],[138,-106],[-36,104],[-90,11],[-68,61],[32,45],[164,24],[109,-61],[45,90],[-63,-36],[-60,17],[84,51],[228,-150],[14,36],[287,38],[89,58],[-8,-34],[53,20],[117,-27],[62,-119],[-70,-49],[-63,17],[4,-31],[-59,4],[8,-47],[48,26],[72,-17],[3,-66],[-182,-46],[-190,-158],[19,-76],[128,99],[202,-47],[-45,-59],[109,-75],[-47,-66],[183,79],[60,-164]],[[22431,94367],[-54,31],[187,70],[309,41],[-135,-128],[-225,-42],[-61,16],[91,10],[-112,2]],[[24919,94406],[14,-37],[-152,-174],[-54,2],[-77,-166],[-104,-23],[71,-16],[-193,-258],[-87,-26],[-254,62],[-274,-22],[-8,-37],[147,14],[-8,-55],[94,-117],[-206,-224],[53,7],[-9,-47],[-79,24],[-222,-34],[-16,84],[114,28],[-107,-3],[11,178],[-148,195],[-6,164],[49,27],[-53,245],[46,12],[-50,63],[86,50],[108,-61],[111,-9],[-126,71],[33,36],[-95,22],[1,65],[256,81],[126,4],[45,-36],[8,48],[127,10],[250,-75],[10,-60],[212,52],[356,-64]],[[22851,94722],[101,91],[-1,-67],[-100,-24]],[[23510,94791],[4,-55],[-145,49],[85,36],[56,-30]],[[21211,95141],[-34,-62],[-130,-42],[-194,71],[146,168],[162,-38],[50,-97]],[[24045,94994],[-47,-167],[-311,-13],[-161,100],[-57,-35],[-1,40],[-106,7],[-62,53],[15,61],[-56,-66],[-17,55],[-80,-7],[41,116],[134,34],[15,29],[-66,3],[108,43],[-104,14],[125,-2],[-24,56],[137,59],[111,24],[140,-24],[200,-139],[-35,-31],[84,-23],[-40,-132],[57,-55]],[[23173,95279],[-82,-47],[-51,82],[172,51],[17,42],[129,-58],[-82,-59],[-61,71],[-42,-82]],[[16389,95562],[24,-69],[-71,-44],[47,113]],[[21424,95468],[-143,0],[95,80],[231,50],[65,-23],[-174,-104],[-74,-3]],[[23754,95590],[53,-117],[-101,-17],[-70,110],[118,24]],[[21508,95598],[-311,-60],[-79,32],[425,84],[33,-39],[-68,-17]],[[17282,95543],[-116,-170],[-114,-56],[-221,56],[218,184],[268,118],[54,-22],[-89,-110]],[[28084,95673],[20,-35],[-98,-60],[78,-66],[-106,19],[-44,-46],[-88,50],[238,138]],[[21163,95622],[-162,27],[23,76],[441,59],[51,-48],[-39,-66],[-314,-48]],[[21000,95872],[-78,77],[182,40],[-9,-59],[73,31],[218,-115],[-91,-53],[-289,-4],[-6,83]],[[22937,95326],[34,-72],[-117,102],[-14,-65],[-41,35],[-33,-20],[74,-35],[-72,-5],[43,-24],[-68,-3],[2,-41],[52,24],[-20,-35],[29,15],[91,-89],[-67,-21],[-81,64],[35,-121],[-215,-15],[-42,45],[-14,-33],[-117,-12],[19,82],[-34,-80],[-251,13],[-61,110],[157,19],[-212,61],[90,22],[-82,32],[189,11],[-75,12],[99,12],[-91,16],[125,12],[-59,7],[94,20],[-33,35],[258,25],[-369,-19],[-316,-50],[-25,16],[-338,-59],[-59,65],[69,-1],[19,63],[154,-12],[-63,24],[32,31],[-63,-7],[24,47],[119,21],[155,-92],[100,40],[-123,-20],[-54,51],[69,87],[-113,-18],[-54,67],[144,85],[-199,-18],[19,110],[62,27],[110,-13],[99,-62],[-20,-48],[138,-63],[-30,-24],[89,16],[-57,-24],[76,-9],[113,-109],[140,55],[-117,-20],[-99,115],[149,-7],[74,23],[-79,-13],[-216,53],[10,29],[102,-6],[-28,25],[92,-17],[-81,55],[-150,-1],[-86,72],[182,80],[192,-5],[158,-134],[-14,35],[75,-16],[-49,95],[77,-11],[73,39],[-102,16],[119,0],[77,-52],[-61,-10],[196,-49],[26,-357],[-103,-69],[156,-38],[-13,-92]],[[21900,95937],[-147,4],[199,85],[201,2],[-253,-91]],[[25090,96024],[-51,-67],[51,-63],[-84,-16],[-165,170],[164,40],[85,-64]],[[20723,95415],[-98,-105],[27,-71],[-99,-180],[-340,-79],[-126,36],[-24,69],[-48,-95],[-131,-11],[-108,39],[82,-4],[-87,54],[-211,-123],[-201,-4],[-10,-32],[-90,-3],[14,-49],[-107,-51],[-399,-117],[-349,18],[-202,148],[186,76],[148,7],[-31,21],[148,59],[337,12],[176,141],[-81,9],[-89,-67],[-53,23],[-164,-40],[2,60],[-70,-24],[-25,55],[-49,-97],[-78,23],[-19,-36],[-189,-17],[-12,50],[79,26],[-82,-4],[35,81],[136,58],[-153,-29],[-54,58],[-35,-144],[-88,53],[-29,-19],[87,-59],[-38,-65],[-172,-59],[-57,125],[-39,-46],[-73,26],[36,-63],[-49,-40],[-150,52],[58,40],[-73,-15],[14,62],[-142,-51],[-255,79],[135,127],[322,3],[289,123],[-310,-70],[-312,3],[99,119],[571,52],[-382,-7],[-147,31],[75,33],[-66,36],[20,46],[129,48],[416,-23],[-350,71],[115,97],[178,37],[198,-35],[54,-155],[270,48],[157,-59],[2,-69],[193,-77],[-139,-59],[213,15],[-38,-15],[96,-169],[205,30],[445,-55],[-34,43],[49,4],[8,75],[-341,119],[210,82],[-7,44],[-294,106],[-4,56],[174,59],[124,167],[152,43],[91,-76],[-79,-51],[33,-127],[148,-78],[-116,-142],[170,15],[66,-35],[-104,-126],[84,57],[179,7],[55,-144],[-1,68],[75,20],[-76,21],[3,73],[68,54],[81,2],[204,-72],[58,-151]],[[18101,96040],[57,59],[218,21],[109,-72],[-61,-40],[-323,32]],[[27900,95022],[56,-61],[-153,-42],[-80,75],[-12,-38],[-44,21],[82,-50],[-32,-138],[-249,-5],[-187,-69],[-176,34],[0,31],[-51,-34],[-88,22],[-44,152],[-114,54],[47,-85],[-48,-106],[-212,-41],[-183,4],[-26,110],[-49,-121],[-48,7],[-49,106],[-19,-111],[-145,-7],[-15,79],[-56,-78],[-117,78],[55,-87],[-85,-4],[-29,29],[-68,-27],[-10,45],[-97,-50],[-31,35],[-212,-11],[62,161],[-53,8],[-15,63],[-85,-137],[-70,101],[11,-69],[-59,22],[35,-87],[-80,-32],[-135,-15],[-109,59],[-70,-12],[-44,75],[-84,-20],[66,107],[-123,-87],[36,-63],[-51,4],[-13,49],[-51,-44],[-152,91],[-47,156],[49,46],[-63,-7],[-62,44],[137,257],[-32,121],[-137,81],[-122,192],[-172,-12],[-7,-44],[-290,37],[-87,-52],[-92,8],[9,38],[155,14],[-326,61],[-30,48],[90,5],[47,47],[-121,-31],[-132,81],[-118,12],[10,55],[161,-30],[-142,65],[45,46],[-44,18],[96,-14],[57,16],[-34,27],[172,24],[351,-60],[76,-47],[148,18],[145,-116],[-106,-187],[133,134],[198,-17],[257,55],[145,-29],[125,-91],[-304,12],[46,-27],[584,-92],[-23,-66],[-299,-4],[101,-31],[-422,82],[94,-32],[-38,-35],[200,-16],[-49,-32],[188,0],[-270,-27],[61,-8],[-52,-98],[92,94],[103,-16],[-25,-42],[154,68],[76,-65],[-24,-63],[73,37],[97,-54],[-26,-74],[-140,-32],[154,3],[74,-89],[49,4],[-38,98],[50,45],[138,-82],[-1,-42],[133,63],[78,-72],[-11,61],[67,35],[251,-111],[-71,-35],[305,20],[-175,60],[173,54],[84,-24],[50,55],[130,-18],[-24,38],[104,13],[80,67],[245,-51],[219,59],[338,-37],[-38,-72],[208,4],[153,-69],[-118,-44],[223,-8],[16,-128],[-258,-109],[54,-49],[131,45],[61,-23]],[[16856,95718],[-51,94],[-60,-17],[46,-122],[-71,-4],[89,-81],[-41,12],[8,-45],[-71,-34],[-83,23],[-63,-53],[0,95],[-82,20],[-51,112],[-24,-140],[-46,24],[-51,-51],[-152,77],[-214,-59],[4,134],[-121,-50],[177,182],[248,26],[90,138],[227,72],[-17,32],[352,262],[364,38],[226,-56],[-37,38],[100,-24],[46,42],[-97,5],[-38,40],[202,54],[281,-146],[-280,-99],[186,-108],[-49,-30],[-127,20],[131,-134],[-120,-68],[-189,-17],[20,-113],[-116,-55],[-196,87],[79,230],[-157,-22],[7,-35],[-51,4],[53,-94],[-64,-29],[-81,32],[-33,-21],[105,-103],[-92,-40],[-51,-107],[-65,64]],[[26344,96442],[-23,43],[-83,5],[61,28],[85,-4],[56,-48],[-96,-24]],[[25094,96384],[-120,-88],[-87,-1],[-215,110],[3,129],[240,7],[147,-83],[32,-74]],[[21001,96289],[-110,-47],[-168,63],[-193,286],[51,30],[253,-133],[-5,-71],[74,2],[86,-59],[12,-71]],[[24096,96549],[-81,-115],[-66,-4],[-612,24],[-95,75],[26,56],[202,60],[42,-41],[113,30],[280,-31],[93,25],[111,-33],[-13,-46]],[[28452,96672],[-78,-45],[-29,33],[107,12]],[[21542,96604],[0,82],[201,14],[220,-93],[-238,-37],[-183,34]],[[18420,96677],[-10,-56],[-160,-32],[-227,142],[219,70],[20,-53],[158,-71]],[[19554,96797],[-51,-72],[-310,-55],[51,-50],[170,5],[-35,-156],[-521,-103],[-293,109],[-44,169],[51,66],[44,-15],[473,111],[465,-9]],[[21416,96912],[33,-39],[-125,-45],[92,84]],[[19650,97019],[-41,-86],[-116,-9],[-282,12],[-87,43],[-78,-67],[-96,-2],[-110,62],[-246,-60],[-76,36],[65,53],[207,64],[150,5],[298,121],[238,-47],[174,-125]],[[29289,97204],[109,-31],[-46,-28],[-100,25],[37,34]],[[23080,96636],[-53,8],[30,67],[-217,67],[33,32],[200,-9],[19,32],[-292,48],[-32,103],[-97,39],[12,44],[88,5],[-96,101],[61,53],[431,-72],[120,-41],[-30,-51],[102,-27],[124,14],[176,-85],[-160,-75],[143,-72],[-48,-79],[-362,-63],[-37,25],[-115,-64]],[[20665,97390],[41,130],[482,19],[234,-74],[78,-205],[50,78],[214,39],[176,-75],[-47,-83],[77,-19],[155,29],[127,-72],[-48,-35],[149,-32],[-95,-83],[28,-83],[229,-130],[-66,-130],[-210,-35],[-186,47],[-125,197],[-306,47],[-120,-25],[-42,78],[-254,-34],[-80,-45],[-144,18],[-154,144],[105,34],[306,-48],[39,68],[-179,7],[156,24],[43,44],[-48,23],[-89,-27],[27,38],[-129,-17],[99,73],[-116,53],[-196,-114],[68,134],[-193,-10],[-56,52]],[[22180,97905],[103,88],[252,-39],[14,-238],[-211,132],[-136,-12],[-22,69]],[[23374,98282],[-72,19],[176,13],[141,-40],[-245,8]],[[23160,97932],[-24,59],[646,-92],[-118,63],[195,52],[-133,22],[-227,-57],[-82,31],[121,41],[-196,-29],[-199,82],[204,28],[142,-28],[-184,87],[21,51],[290,12],[332,-43],[-242,71],[147,43],[-390,56],[175,138],[126,-56],[150,44],[-109,46],[318,-15],[-17,68],[-327,27],[57,60],[173,-36],[5,47],[81,-7],[405,-123],[-32,-47],[367,-245],[-38,-50],[201,-14],[64,-45],[-16,38],[141,4],[74,-40],[-49,-111],[194,-101],[15,27],[94,-24],[-157,107],[18,62],[49,24],[221,-20],[29,-127],[-137,-34],[45,-38],[184,7],[64,-68],[-134,-67],[147,42],[-123,-226],[304,75],[83,-120],[87,103],[216,-185],[-110,-60],[-330,-71],[-68,-63],[-65,58],[12,-82],[-197,-158],[-97,96],[75,157],[-124,-50],[10,-178],[-61,-17],[93,-2],[31,-59],[-88,-51],[-92,85],[-68,0],[73,-112],[-75,-145],[-332,259],[142,-264],[-179,98],[-157,5],[105,-35],[11,-61],[-166,-14],[-271,58],[-46,-19],[-54,70],[-109,2],[-99,88],[367,44],[-323,42],[-131,-25],[-147,99],[215,0],[-233,39],[-116,88],[190,40],[78,66],[402,-5],[421,49],[-478,-24],[-150,22],[17,38],[181,-5],[220,52],[-381,-15],[57,53],[-155,-26],[-67,43],[23,-55],[-107,-28],[19,62],[-169,-111],[-78,9],[103,72],[-178,16],[-14,-49],[-189,-35],[-19,72],[-132,0],[5,79],[281,39],[118,95],[-248,-74],[-183,3],[-204,118],[7,27],[118,4],[-117,21],[-33,39],[80,19],[-65,-2]],[[33031,99249],[-325,-178],[-462,-129],[-113,19],[-13,-62],[-278,22],[-187,-39],[196,0],[-143,-39],[-654,-37],[-305,92],[256,-90],[-130,-9],[77,-20],[364,32],[183,-32],[-559,-128],[-429,-57],[147,-8],[-106,-43],[1190,223],[330,33],[27,-46],[-617,-248],[-248,-54],[-12,-43],[-379,-146],[-112,-127],[-260,-23],[11,55],[-154,66],[103,-129],[138,-47],[-56,-40],[-163,8],[-275,-51],[-179,63],[134,-63],[-123,-32],[470,46],[37,-22],[-53,-65],[-206,-43],[149,-14],[-64,-59],[-303,-73],[-191,27],[-3,65],[-245,0],[-115,42],[-172,-26],[49,-32],[357,-11],[72,-116],[-53,-38],[-116,-7],[-64,39],[-8,-61],[-80,-11],[-199,43],[-8,-81],[-585,101],[2,-31],[259,-14],[77,-71],[-266,2],[-70,68],[-77,-9],[67,-71],[-249,16],[192,-44],[-36,-19],[841,-12],[-99,-28],[92,-82],[-351,28],[-92,69],[-602,-19],[590,-27],[-10,-27],[-379,-31],[-157,35],[-222,-9],[323,-26],[-149,-144],[153,113],[274,38],[281,-40],[-205,-68],[199,28],[269,-36],[-27,-110],[66,-31],[-212,-43],[-358,3],[149,-8],[311,-98],[-166,-79],[-271,32],[-79,-18],[194,-52],[159,-1],[-79,-94],[-92,30],[-180,-66],[-371,56],[-59,-53],[124,-54],[-27,-80],[101,-40],[-159,-133],[-133,-39],[-15,42],[-87,-53],[-457,26],[-223,104],[-99,97],[56,-144],[157,-59],[-272,-10],[81,-84],[210,68],[275,-47],[-72,-76],[182,97],[79,-2],[118,-77],[-106,-101],[135,2],[-17,-52],[68,-9],[93,102],[82,10],[104,-115],[-15,-91],[-103,-79],[-100,-39],[-18,63],[-58,5],[-144,-158],[-494,-100],[83,167],[-124,46],[3,37],[-92,-52],[-144,25],[76,99],[-137,-31],[-126,107],[61,-91],[119,-54],[-55,-97],[-145,-6],[-83,44],[-83,170],[34,-205],[-121,17],[-161,132],[16,-125],[-111,-5],[-105,86],[-12,-39],[32,-56],[154,-62],[-227,-18],[-318,60],[39,80],[-103,66],[77,-66],[-95,-29],[-22,-74],[-197,68],[-36,89],[43,-153],[-83,-9],[-31,44],[-28,-30],[-143,23],[-21,242],[-56,-65],[31,-173],[-31,109],[-27,-88],[-101,-13],[-81,87],[-61,0],[71,55],[-13,121],[328,147],[196,-22],[69,10],[-6,35],[149,-27],[-19,24],[80,4],[-170,20],[84,31],[-93,24],[111,32],[-242,3],[5,99],[-141,63],[-3,122],[50,-23],[236,47],[205,-39],[133,-71],[50,-166],[79,31],[30,-45],[260,-57],[-30,61],[308,-34],[-103,64],[124,31],[112,95],[181,226],[-120,-25],[-121,-183],[-199,-124],[-257,28],[96,122],[-124,-88],[-101,40],[-12,39],[113,52],[-106,-15],[2,40],[125,15],[-6,-35],[59,40],[101,-6],[-65,18],[-257,-32],[-57,36],[171,73],[99,-16],[116,28],[-156,-15],[-51,70],[280,0],[-262,20],[109,81],[-82,9],[63,132],[-235,-284],[-222,-13],[120,174],[-105,-104],[-75,6],[-73,-54],[-207,7],[118,42],[-120,16],[3,116],[98,66],[83,-1],[-72,26],[141,124],[237,13],[202,52],[357,-48],[390,-155],[-71,79],[93,26],[-142,-10],[-135,59],[418,4],[77,118],[-294,-94],[-120,32],[-364,8],[-132,49],[84,63],[130,-56],[172,2],[-166,42],[0,53],[-102,-16],[-192,245],[-404,82],[22,117],[317,-22],[-356,61],[9,160],[169,17],[161,-40],[424,-10],[449,-220],[139,-102],[-32,-47],[114,18],[219,-42],[232,79],[-313,-30],[-179,37],[-38,109],[72,18],[-213,46],[-288,175],[876,118],[540,21],[25,19],[-541,12],[398,94],[569,56],[-681,0],[137,168],[441,164],[-371,-86],[-152,-111],[-213,50],[122,-63],[-59,-93],[-93,-58],[-446,-115],[-528,-46],[9,57],[369,97],[-483,-66],[62,84],[-163,-49],[-10,-129],[-528,-4],[65,54],[-154,-51],[-175,39],[313,217],[899,118],[-943,-87],[-416,-232],[-119,8],[-480,163],[284,40],[476,4],[233,41],[308,126],[-137,2],[-596,-132],[-677,-33],[-131,104],[87,33],[118,-24],[174,23],[-275,54],[298,65],[-11,26],[438,10],[-286,42],[-577,-128],[-115,55],[347,97],[-141,-3],[-57,44],[2,-33],[-118,16],[-69,-64],[-141,-19],[-135,75],[476,138],[145,14],[107,-66],[-15,74],[87,-14],[19,54],[261,58],[194,-18],[23,-65],[156,-41],[-112,48],[139,48],[181,-25],[161,-92],[-79,87],[115,1],[131,-71],[-19,62],[73,-58],[-42,57],[-548,84],[-42,41],[410,39],[-139,97],[332,22],[-66,-32],[422,-72],[82,-133],[348,-16],[-208,35],[-95,112],[1038,-277],[-176,120],[-297,45],[18,32],[-117,2],[-395,126],[60,73],[283,-4],[-227,47],[-9,44],[485,-67],[-266,161],[340,-21],[130,-82],[-15,42],[376,-24],[-374,52],[60,38],[-209,39],[303,44],[74,-55],[103,39],[165,-67],[71,54],[544,-188],[-90,-85],[227,97],[-225,51],[65,47],[-110,0],[-267,128],[333,24],[538,-30],[103,-79],[343,-94],[-295,130],[190,84],[194,20],[179,-3],[12,-89],[208,-36],[-185,71],[190,59],[314,3],[20,-73],[160,32],[24,-36],[217,9],[11,-38],[149,22],[360,-21],[-152,-70],[-492,-105],[542,47],[227,75],[193,-42],[6,75],[121,6],[-66,-22],[137,-64],[85,44],[191,-6],[-112,-61],[257,-86],[-124,-75],[333,51],[-49,-27],[214,3],[137,-90]],[[27822,82440],[9,-28],[-34,-1],[4,43],[21,-14]],[[27791,82559],[-9,-50],[-28,38],[37,12]],[[27784,84200],[-36,0],[13,59],[52,18],[1,29],[54,-1],[36,84],[-37,-114],[-83,-75]],[[27890,84528],[6,27],[25,-45],[-23,-69],[-8,87]],[[27804,84599],[30,33],[18,-86],[-22,54],[-26,-1]],[[27835,84907],[-16,33],[32,78],[-16,-111]],[[27715,86233],[19,-28],[-47,-39],[28,67]],[[27747,86252],[4,28],[-23,-37],[38,74],[44,-9],[-63,-56]],[[31775,76876],[14,15],[-20,-51],[6,36]],[[33390,77153],[24,28],[-28,-42],[-27,-14],[-62,25],[37,-13],[56,16]],[[31427,77592],[10,35],[23,-4],[15,-93],[-26,24],[-34,-32],[12,70]],[[29445,77933],[21,8],[-23,-37],[-43,-5],[45,34]],[[33079,78075],[-25,-61],[-30,51],[55,10]],[[29484,78065],[32,66],[49,20],[-43,-78],[-38,-8]],[[29583,78158],[-25,-151],[-105,-6],[76,68],[54,89]],[[30321,78920],[-9,-56],[-66,-44],[75,100]],[[33311,78205],[-180,-130],[-40,46],[-79,-52],[-15,30],[-21,-35],[-47,94],[-24,190],[72,118],[66,219],[122,235],[58,-4],[-28,-75],[53,-36],[-26,-94],[13,-40],[-68,-233],[45,79],[2,-29],[-57,-95],[-67,-23],[-68,-74],[107,61],[-22,-68],[-72,-24],[-7,-24],[51,0],[-65,-84],[65,27],[30,-20],[-9,-45],[30,24],[-2,52],[94,129],[-83,-62],[-23,37],[133,152],[-97,-85],[102,147],[22,-49],[-24,-49],[24,-8],[19,63],[56,-54],[35,7],[-21,-52],[21,16],[-41,-46],[35,-14],[7,-39],[-89,-38],[13,-45]],[[32776,78592],[-45,-61],[-53,2],[-2,-52],[-37,1],[17,-33],[-39,13],[22,-31],[-30,0],[43,-44],[-33,-43],[32,-5],[-82,-43],[-40,32],[-4,38],[-34,-3],[46,40],[-70,46],[43,60],[-48,-47],[-17,20],[6,-26],[-27,-18],[36,1],[-25,-30],[-103,41],[-55,66],[18,37],[-110,11],[17,131],[-20,-26],[-67,17],[-9,32],[117,222],[6,-100],[-33,-66],[34,-20],[18,-79],[20,3],[-28,-78],[30,24],[1,-34],[32,-9],[9,71],[50,-21],[11,-37],[-2,22],[36,-4],[27,-53],[181,13],[-33,16],[33,12],[161,-8]],[[32869,79216],[-52,-71],[74,79],[-104,-160],[48,-25],[-60,-9],[19,103],[105,129],[49,10],[-32,-51],[9,38],[-56,-43]],[[32082,79413],[7,32],[-11,-67],[-36,-56],[-12,68],[52,23]],[[32070,79460],[10,36],[11,-40],[-33,-35],[12,39]],[[32133,80508],[-53,45],[83,48],[302,-97],[164,-103],[92,-110],[89,-34],[62,-117],[-42,-48],[-121,0],[-235,95],[-137,90],[-50,122],[-154,109]],[[27946,81829],[39,-4],[-23,-66],[-79,-24],[-4,58],[67,36]],[[27567,82310],[11,-129],[-373,188],[50,91],[196,19],[116,-169]],[[27976,83458],[74,16],[-211,-90],[137,74]],[[28524,83865],[28,20],[-121,-131],[93,111]],[[28054,84094],[19,4],[-57,-131],[49,165],[-11,-38]],[[28123,84181],[-50,-28],[66,190],[12,-123],[-28,-39]],[[27904,84109],[14,51],[-115,-177],[-33,44],[139,226],[20,153],[5,-83],[-47,-165],[55,54],[34,253],[23,14],[19,-41],[-25,20],[-6,-50],[86,-76],[-4,-62],[19,2],[-89,-269],[62,307],[-85,-303],[36,213],[-87,-205],[-46,13],[-42,-65],[67,146]],[[27804,84583],[24,-20],[-19,-48],[-5,68]],[[28155,85598],[51,-52],[-63,47],[-3,44],[15,-39]],[[15753,79945],[28,-44],[-33,16],[5,28]],[[15808,79919],[-37,37],[47,-21],[-10,-16]],[[33414,78322],[-19,10],[23,12],[-4,-22]],[[15038,80189],[21,-16],[-15,-43],[-23,36],[17,23]],[[34097,81113],[18,-11],[-15,-15],[-3,26]],[[14506,81148],[34,-37],[-50,24],[16,13]],[[34492,82402],[19,-26],[-31,-4],[12,30]],[[34464,82640],[45,-10],[-1,-42],[-59,23],[15,29]],[[34124,82755],[34,12],[-23,-40],[-11,28]],[[34188,82816],[29,-5],[-46,-17],[-5,29],[22,-7]],[[13720,82815],[11,23],[41,-31],[-52,8]],[[13662,83212],[24,-37],[-39,8],[15,29]],[[34082,83263],[14,-28],[-24,-14],[10,42]],[[28669,84854],[-12,51],[26,-82],[-14,31]],[[31233,85473],[-6,-77],[-21,50],[27,27]],[[31545,88055],[26,-26],[-61,47],[35,-21]],[[31409,88153],[37,-80],[-78,99],[41,-19]],[[31104,88289],[36,-64],[-55,75],[19,-11]],[[31152,88315],[9,-32],[-40,69],[31,-37]],[[32210,88440],[-13,-44],[-22,68],[35,-24]],[[32162,88601],[-13,-69],[-20,70],[33,-1]],[[31954,88870],[24,-46],[-31,-21],[-24,65],[31,2]],[[31407,89450],[-9,-20],[12,47],[-3,-27]],[[18609,90965],[68,9],[-109,-24],[41,15]],[[18656,91093],[33,-8],[-54,-7],[21,15]],[[12163,91674],[57,-51],[-60,9],[3,42]],[[27321,91810],[44,-39],[-110,9],[12,41],[54,-11]],[[12304,91864],[31,-35],[-69,19],[38,16]],[[27081,92026],[-14,-27],[-82,29],[96,-2]],[[23017,66787],[-8,-140],[-81,-313],[-54,-382],[-20,-409],[-27,-10],[18,-11],[-1,-68],[8,71],[3,-20],[-6,-442],[-3,-71],[0,43],[-34,-106],[-4,-83],[16,43],[20,-331],[42,-150],[81,-158],[-28,-166],[-15,95],[28,57],[-70,148],[-44,174],[35,-265],[26,-86],[20,-3],[-2,-46],[97,-434],[192,-449],[46,-308],[44,-56],[20,-91],[23,-11],[21,-102],[42,-47],[-57,32],[42,-60],[-16,-16],[82,-23],[-46,67],[42,-45],[109,-10],[46,-81],[66,-30],[57,-186],[32,-26],[168,94],[-5,-29],[27,9],[12,39],[41,3],[4,38],[-73,-53],[80,63],[110,8],[8,-59],[11,30],[-14,21],[78,22],[39,72],[13,-94],[-7,108],[81,32],[127,11],[22,-53],[-23,18],[-28,-48],[45,-24],[-23,51],[19,-7],[25,-111],[4,59],[87,-32],[1,36],[-16,-16],[10,24],[89,83],[-32,-16],[9,62],[-41,45],[49,83],[-74,-82],[204,284],[24,256],[57,97],[-3,353],[43,287],[152,145],[252,74],[120,93],[128,16],[78,-40],[-44,12],[24,-25],[145,-40],[28,23],[5,47],[-77,-17],[103,40],[35,-94],[25,-4],[3,-131],[21,-24],[-56,-231],[-136,-312],[-11,-87],[10,-104],[-12,-60],[10,74],[-10,30],[7,-44],[-35,-52],[-24,-95],[2,29],[-23,-7],[19,-96],[30,36],[34,-8],[5,22],[-5,-10],[-24,7],[23,-3],[2,31],[7,-33],[-12,-71],[-44,-28],[-17,-55],[11,-52],[20,56],[29,2],[-77,-389],[-30,-259],[-25,142],[-39,32],[21,111],[-10,106],[-25,-83],[-2,22],[-4,-11],[-14,-6],[-14,-25],[17,24],[-2,-35],[12,12],[-42,-125]],[[25471,62476],[-62,-15],[-25,-126],[-71,-199],[-49,63],[-29,-34],[-2,-73]],[[24376,60210],[-165,354],[28,-39],[-8,45],[-60,54],[-60,130],[-207,299],[25,9],[-12,37],[-49,29],[-19,50],[-34,-7],[-37,48],[-11,-30],[132,-143],[-119,104],[-92,12],[39,73],[-24,22],[-35,-61],[6,40],[-29,56],[-52,-90],[64,10],[-27,-24],[46,-26],[-107,-7],[-79,-122],[-146,-85],[-77,-83],[-74,-15],[-95,43],[-117,117],[-140,25],[-111,133],[29,-4],[-135,65],[-62,138],[-36,-12],[-210,94],[-92,122],[-296,204],[-34,86],[-76,65],[-1,33],[-52,49],[-46,128],[-50,49],[-30,4],[-26,-38],[-325,202],[-38,38],[-21,92],[-37,57],[2,36],[-78,127],[-97,85],[9,25],[-16,27],[-23,-18],[-100,82],[-1,41],[-53,27],[-26,126],[-46,61],[-76,210],[-9,108],[-39,108],[126,102],[-27,99],[-56,7],[86,169],[-2,162],[16,58],[-9,43],[-64,65],[-52,187],[-23,322],[-23,72],[-51,125],[-14,-15],[-52,128],[-58,76],[-26,128],[-75,130],[-67,201],[-213,306],[84,-97],[-15,19],[21,13],[-15,70],[-26,-36],[-87,104],[37,-64],[-29,28],[-42,121],[23,-17],[-2,113],[-18,27],[2,-94],[-13,-8],[-66,166],[40,-75],[15,-3],[-2,48],[37,-16],[-60,81],[-37,-2],[10,34],[-13,24],[-10,-72],[-10,67],[-83,56],[39,-4],[-48,17],[-1,92],[-35,11],[-6,-53],[-41,10],[-14,29],[16,28],[21,-23],[40,150],[-62,-123],[-19,-4],[-33,59],[26,-75],[-20,42],[-51,10],[31,7],[3,30],[-25,29],[-9,-39],[-6,189],[47,163],[-3,-79],[16,102],[30,-74],[6,43],[-27,51],[-18,-26],[-2,94],[-63,106],[15,-6],[-15,41],[-20,-15],[17,-27],[-81,29],[-50,224],[-27,-16],[-63,39],[-65,82],[27,6],[-21,53],[-14,-9],[-21,152],[22,58],[-17,47],[27,28],[-94,20],[3,47],[-13,-86],[-31,72],[-30,-17],[-63,130],[-29,130],[-75,42],[-67,171],[23,-4],[-1,31],[-83,94],[-20,201],[-48,17],[10,81],[-81,237],[-22,8],[-5,173],[-26,33],[-3,92],[-58,139],[-14,82],[0,146],[13,-44],[7,24],[-10,98],[-39,50],[-2,-27],[-106,49],[-10,99],[-78,59],[-11,36],[8,-55],[-22,-44],[-50,12],[-228,264],[54,-97],[15,-84],[-20,-75],[-8,-233],[48,-117],[22,-244],[-10,-170],[37,-133],[29,-35],[13,-77],[48,-17],[159,-266],[31,-225],[25,39],[22,-92],[38,14],[32,-184],[72,-37],[-8,-90],[24,-51],[4,-191],[49,-121],[67,-61],[40,-194],[72,-68],[-18,-66],[41,-87],[-9,-65],[33,-82],[13,-19],[16,25],[-38,76],[-10,95],[81,-106],[-1,-79],[34,-23],[-8,-57],[41,-185],[-11,-77],[15,-107],[51,-143],[29,-9],[32,-214],[61,-150],[6,-68],[-21,-102],[16,-131],[33,-85],[66,-21],[-30,-1],[4,-38],[31,39],[-7,88],[24,12],[66,-110],[6,-65],[44,10],[-3,-72],[39,-80],[1,-77],[63,-64],[12,-55],[-4,-126],[-26,-76],[-101,-135],[-29,12],[-85,372],[-95,111],[-109,214],[-112,126],[24,-19],[-66,87],[-23,83],[-37,-46],[-55,212],[12,-75],[-16,7],[-3,49],[-12,-45],[-7,141],[-12,-77],[-5,46],[23,282],[14,17],[-15,5],[1,138],[-6,-125],[-1,161],[-20,99],[-62,164],[-80,47],[-103,160],[-16,112],[-27,-29],[-6,25],[31,57],[-6,48],[-34,-125],[-56,30],[-20,-49],[-26,3],[-50,129],[-52,16],[-49,94],[-71,21],[-20,132],[-63,67],[-39,70],[4,27],[-39,15],[-23,78],[163,-45],[50,58],[10,-80],[50,-77],[7,51],[34,-20],[10,37],[-39,47],[2,-47],[-25,6],[-3,124],[-35,-26],[40,106],[8,-90],[-5,55],[23,2],[-17,16],[12,87],[-19,29],[23,116],[-36,115],[-27,1],[-41,126],[-48,50],[-11,75],[-21,1],[-74,162],[-60,29],[-141,189],[-1,81],[-31,41],[-7,218],[-39,31],[12,28],[-15,28],[-5,-80],[-12,69],[-2,186],[-54,89],[-24,0],[-1,152],[-93,191],[8,62],[-29,53],[30,-10],[9,63],[-71,97],[-72,299]],[[19181,62660],[7,-42],[-40,24],[18,57],[15,-39]],[[20443,64206],[5,-37],[-29,28],[24,9]],[[20413,64271],[-8,-31],[-33,86],[31,-14],[10,-41]],[[19490,65784],[9,-50],[-27,35],[-9,101],[27,-86]],[[19010,65872],[28,-27],[-59,16],[31,11]],[[18957,65912],[13,-85],[-83,124],[39,3],[31,-42]],[[19354,65952],[10,-27],[-16,-39],[-14,109],[20,-43]],[[19247,66285],[38,-45],[13,-79],[-32,20],[-19,104]],[[18860,66010],[12,-44],[-32,65],[10,15],[-5,37],[-41,28],[50,273],[-25,-241],[28,-91],[-6,-33],[9,-9]],[[19769,66476],[12,-23],[-63,35],[51,-12]],[[19144,66806],[-34,-113],[8,138],[33,17],[-7,-42]],[[19276,67566],[4,57],[16,-77],[-20,20]],[[18001,68155],[11,-116],[-7,-65],[-13,1],[-36,31],[33,87],[-3,72],[15,-10]],[[18718,68376],[18,2],[-1,-32],[-17,30]],[[18812,68401],[-23,-6],[-62,67],[27,56],[6,121],[55,37],[19,-129],[-22,-146]],[[18573,68572],[6,-47],[-106,173],[-26,72],[5,75],[49,-46],[7,-86],[56,-20],[9,-121]],[[18115,70149],[37,-66],[-31,15],[-6,51]],[[25741,62506],[6,20],[-19,-95],[13,75]],[[24555,62644],[21,-12],[-88,-58],[67,70]],[[25903,63692],[-69,-191],[-6,79],[14,63],[61,49]],[[22874,64381],[12,-28],[-21,71],[9,-43]],[[22829,64918],[7,31],[-15,-52],[8,21]],[[17152,68586],[7,-101],[-17,-27],[-19,162],[28,18],[1,-52]],[[25093,64717],[-7,90],[-23,3],[12,28],[33,-70],[-15,-51]],[[18862,67512],[2,20],[6,-47],[-8,27]],[[25471,62476],[-24,-63],[20,2],[-11,-41],[72,41],[-13,-38],[14,14],[3,-71],[-57,-349],[34,-53],[-21,-14],[-12,-85],[-4,-93],[24,-122],[-19,-43],[9,-45],[-28,-172],[11,85],[-63,-225],[-30,8],[-26,-32],[-4,-52],[-48,-90],[3,-52]],[[25603,61937],[11,-28],[-31,-60],[-7,-65],[4,85],[30,38],[-7,30]],[[25579,62214],[-26,-71],[42,154],[-16,-83]],[[27063,57348],[64,-83],[-15,-95],[13,-35],[50,-4],[-2,-32],[-23,11],[4,-92],[41,-42],[89,5],[1,33],[-45,76],[17,0],[-2,29],[95,-211],[65,-18],[134,63],[68,109],[124,73],[49,96],[7,-40],[16,58],[22,-32],[0,40],[45,109],[121,-39],[62,19],[-23,-24],[-1,-42],[138,-12],[146,-116],[50,-105],[-1,32],[91,-234],[44,-22]],[[28362,55999],[-110,263],[-40,212],[51,34],[-15,78],[30,12],[18,75],[36,-97],[33,-1],[41,-60],[-40,65],[-39,27],[-31,156],[11,-86],[-18,31],[-23,-47],[11,23],[-6,68],[0,-60],[-9,36],[-31,-44],[-11,72],[13,-89],[-15,-22],[-33,127],[14,0],[-6,33],[-32,27],[1,54],[-10,-38],[-41,89],[-11,-27],[-10,43],[-59,60],[-6,51],[37,35],[-40,-35],[1,-52],[-86,12],[-26,-27],[2,-40],[-15,36],[1,-39],[-53,-44],[2,-68],[-22,-34],[36,6],[-22,-40],[-85,-120],[-40,-41],[-42,9],[-26,-55],[4,-106],[30,-27],[98,-269],[-6,-38],[-81,-18],[14,0],[-28,-25],[3,-37],[-25,-41],[-121,-20],[-16,26],[11,59],[-15,113],[-39,129],[18,25],[-9,51],[-10,-40],[-36,32],[15,-63],[-15,-36],[-8,16],[15,-30],[-7,-53],[-57,36],[-42,51],[-9,130],[-7,-23],[-21,49],[-5,26],[14,-5],[-20,71],[-9,-39],[-48,39],[6,24],[-13,-23],[-38,23],[-12,-43],[4,32],[-21,3],[10,72],[-60,-32],[-9,39],[-11,-45],[-94,10],[-19,-44],[8,-90],[-13,-16]],[[27275,56030],[12,0],[-8,-36],[-4,36]],[[27458,56187],[33,8],[-61,-49],[28,41]],[[27315,56093],[21,-36],[-44,8],[-35,81],[32,89],[24,-68],[-13,-42],[15,-32]],[[27127,56590],[-12,-27],[-13,27],[25,0]],[[28029,56618],[8,-28],[-16,-30],[8,58]],[[27188,57202],[13,-20],[-18,-25],[-20,60],[25,-15]],[[27131,57253],[17,16],[6,-63],[-23,47]],[[28085,56704],[16,-67],[-24,-34],[5,-37],[-18,50],[-2,80],[23,8]],[[30187,58657],[-15,-52],[-145,-79],[-19,-39],[31,-194],[64,-117],[-39,1],[26,-123],[27,-47],[-14,-154],[-95,-200],[-43,-161],[35,-99],[14,-65],[-11,39],[-6,-19],[14,-34],[-16,2],[6,-36],[21,24],[21,-35],[-16,-3],[-1,-29],[4,24],[43,-24],[-1,-54],[-21,-33],[20,3],[-4,-68],[31,-41],[103,50],[56,102],[-5,140],[16,106],[-121,381],[-32,235],[39,-8],[9,71],[-25,24],[58,15],[118,121],[177,89],[21,68],[33,-16],[-35,73],[102,-76],[14,39],[-20,109],[-110,-49],[1,96],[-26,48],[27,146],[52,50],[26,-22],[25,-84],[24,-220],[35,-95],[98,39],[58,-47],[55,0],[128,-146],[34,-158],[-27,-4],[38,-20],[-25,-31],[12,-99],[44,-98],[73,-21],[237,92],[189,0],[16,23],[63,-43],[-21,-40],[67,-114],[-13,8],[2,-24],[57,-35],[-42,51],[218,-151],[85,25],[17,79],[13,-23],[11,35],[45,0],[25,30],[-24,18],[23,31],[7,-27],[47,80],[90,-18],[58,28],[-105,55],[-56,-44],[-18,61],[8,30],[35,-32],[63,8],[29,48],[72,-49],[109,61],[65,-20],[61,36],[154,-44],[85,32],[-32,-52],[-81,-11],[-23,-59],[-91,21],[-72,-20],[-24,-45],[42,45],[8,-72],[-46,1],[11,-29],[-13,-48],[20,6],[-3,69],[49,-6],[38,-152],[-8,-28],[-34,3],[-12,-26],[-22,35],[-32,0],[18,-8],[4,-46],[6,43],[32,-51],[4,43],[19,-12],[28,25],[-1,76],[11,0],[24,-42],[49,-256],[21,78],[-4,76],[10,-21],[12,-53],[-10,-120],[17,51],[-12,119],[47,-34],[-54,45],[7,39],[47,-36],[54,-95],[-4,-81],[19,62],[10,-94],[3,57],[-27,76],[66,-26],[-13,67],[60,-93],[-23,59],[18,-12],[65,-139],[42,3],[53,-72],[22,-83],[-84,-121],[-7,-35],[43,81],[-39,-128],[-31,-202],[-125,4],[17,-35],[66,-40],[21,-51],[29,55],[43,4],[-13,-56],[27,100],[79,16],[59,-41],[30,59],[97,-45]],[[33051,56791],[-7,-52],[-64,-3],[12,33],[28,-21],[8,39],[23,4]],[[33077,57032],[23,-16],[-7,-34],[-63,-68],[47,118]],[[33031,56953],[5,51],[60,67],[-65,-118]],[[33090,57083],[-24,-27],[7,55],[23,17],[-6,-45]],[[33106,57135],[25,-8],[-33,-44],[8,52]],[[32228,58058],[19,-43],[-26,24],[7,19]],[[31881,58141],[-5,-40],[-46,23],[22,31],[29,-14]],[[32264,58246],[17,-93],[-31,-52],[-45,-15],[-32,63],[-65,0],[11,55],[42,16],[47,-58],[20,74],[27,35],[9,-25]],[[31497,58619],[-26,0],[24,23],[2,-23]],[[31630,58642],[5,-25],[-23,22],[18,3]],[[32053,58686],[13,-48],[-24,8],[11,40]],[[32947,56774],[21,-5],[14,-66],[-77,63],[42,8]],[[33126,56854],[19,25],[16,-72],[-52,-3],[17,50]],[[33069,56917],[61,37],[12,-60],[-44,-87],[-90,-24],[12,93],[49,41]],[[32593,57803],[1,-33],[-35,70],[1,36],[33,-73]],[[89159,50335],[83,-24],[170,-185],[34,2],[15,-58],[246,-158],[160,-58],[138,-212],[40,2],[-11,-8],[31,-32],[20,41],[57,-11],[12,-93],[86,-69],[-1,-36],[59,-112],[75,-20],[126,-260],[-11,-366],[37,-21],[21,28],[137,-77],[93,-135],[34,-1],[55,-77],[63,22],[46,-40],[88,-193],[8,-205],[-81,-36],[-120,25],[-47,-21],[-2,-120],[20,-44],[13,10],[-2,-75],[21,-40],[13,-143],[83,-89],[33,-115],[13,4],[-5,24],[13,-25],[12,-70],[42,-3],[34,-68],[41,6],[23,-293],[60,-69],[39,-225],[48,-22],[106,74],[47,-24],[7,-74],[-20,-22],[-22,-107],[12,-68],[64,-62],[154,-27],[12,-44],[-93,-65],[37,-106],[93,-44],[54,-64],[61,-3],[7,-41],[69,31],[-72,-69],[-60,26],[-11,-58],[80,-44],[12,-46],[-73,-76],[-61,-7],[-8,33],[-47,18],[-1,28],[-43,7],[63,52],[-35,20],[-9,-36],[-14,53],[-34,34],[-67,-16],[-39,51],[-11,-19],[-63,43],[-40,-25],[-58,25],[5,44],[-21,31],[-14,-48],[-66,-7],[-69,75],[-49,-55],[-18,44],[-16,-5],[3,31],[-41,-31],[-113,322],[-39,15],[-14,47],[-14,-24],[-29,112],[-20,6],[-2,79],[25,56],[-29,-42],[-75,58],[-15,66],[16,51],[-11,-9],[-57,148],[-35,165],[-33,43],[-5,67],[-83,44],[-2,55],[-20,-28],[-77,9],[-72,80],[-85,14],[-7,122],[-8,-65],[-47,70],[2,-42],[-16,-13],[-23,92],[-2,-101],[-30,91],[28,-163],[-26,44],[-13,-13],[-15,77],[6,-45],[-18,33],[-11,-16],[13,-63],[-17,-16],[-101,83],[-24,84],[-33,39],[27,-49],[59,-259],[-42,23],[30,-43],[-41,-19],[-32,34],[-45,-4],[-35,53],[55,-86],[14,-111],[-181,-57],[-72,44],[-57,-42],[-22,13],[-15,83],[-60,-29],[58,17],[12,-81],[15,-26],[77,33],[104,-87],[81,-173],[-6,-134],[-89,-53],[-111,-137],[-123,99],[-164,-43],[-76,53],[-54,-52],[-49,72]],[[92711,45160],[-58,-29],[-23,49],[-27,-4],[3,36],[-27,-16],[10,32],[-26,24],[-7,63],[155,-155]],[[92855,45297],[-4,-42],[-72,20],[4,24],[34,-14],[-15,34],[53,-22]],[[92550,45338],[-22,53],[42,-33],[-20,-20]],[[92446,45709],[17,-24],[-32,-19],[-59,47],[74,-4]],[[91964,45725],[-8,-37],[-30,21],[-3,-27],[2,46],[39,-3]],[[91909,45765],[5,-64],[-28,4],[-5,24],[25,-15],[-21,48],[24,3]],[[91993,46100],[19,18],[15,-26],[-19,-134],[-76,55],[9,64],[-13,23],[-10,-25],[-16,86],[-25,37],[1,47],[79,-134],[11,-54],[15,-5],[10,48]],[[91888,46274],[-102,12],[22,48],[-22,105],[20,16],[47,-58],[35,7],[36,-130],[-25,-36],[4,30],[-15,6]],[[91768,46435],[-16,-85],[-39,48],[-16,79],[28,54],[28,-31],[15,-65]],[[92498,46568],[-19,-29],[11,-37],[-43,1],[-19,42],[-2,-46],[-26,45],[17,22],[-65,57],[-5,46],[-9,-68],[-9,53],[18,27],[18,-30],[77,-4],[56,-79]],[[91975,46783],[8,-36],[-27,60],[22,83],[-35,37],[36,57],[-5,-55],[8,-44],[-7,-102]],[[89890,46858],[6,-53],[-125,179],[82,-61],[37,-65]],[[89827,46980],[-18,31],[72,-1],[10,-58],[-64,28]],[[91124,48604],[5,-81],[-21,-63],[-62,141],[1,60],[21,12],[56,-69]],[[93314,48008],[-1,-88],[-4,38],[-10,-43],[-18,12],[-33,-55],[-102,91],[-43,110],[17,42],[-6,80],[-62,62],[-65,150],[-16,104],[8,114],[12,6],[-20,74],[54,-71],[48,4],[41,-186],[44,-50],[36,-134],[25,-18],[13,24],[49,-107],[33,-159]],[[91001,48788],[11,-20],[-13,-24],[-10,32],[12,12]],[[90891,48798],[9,-50],[-23,-51],[-43,72],[3,44],[27,30],[27,-45]],[[92979,48831],[-11,-124],[-16,-18],[-15,195],[-11,-10],[24,71],[29,-114]],[[91422,49020],[16,3],[-7,-26],[-9,23]],[[90611,49054],[11,21],[6,-27],[-17,6]],[[91532,49158],[12,-43],[-14,32],[-16,-17],[18,28]],[[90554,49221],[16,-72],[-32,-58],[-16,64],[32,66]],[[92337,49330],[-15,-93],[14,-102],[-34,-145],[-37,-37],[-51,9],[1,-95],[47,-113],[-13,-63],[-74,-79],[-31,36],[-28,-26],[-44,23],[19,-75],[-97,-172],[-34,-38],[-50,-14],[-16,23],[-7,-61],[-42,-16],[-50,-73],[-231,-19],[-40,108],[-47,38],[-74,-62],[0,89],[-52,8],[2,29],[-26,7],[-4,39],[-106,51],[-15,52],[3,87],[25,51],[35,-55],[26,34],[55,-35],[36,44],[68,-77],[77,6],[47,63],[14,-52],[20,36],[33,-5],[21,55],[-19,41],[30,71],[-4,81],[28,45],[25,-32],[-35,-56],[1,-62],[-13,-16],[36,-145],[40,-8],[46,65],[45,-63],[49,66],[29,-25],[27,44],[20,142],[47,98],[32,52],[68,-36],[18,38],[-6,168],[-38,165],[6,83],[77,-21],[40,-68],[19,32],[-6,49],[35,-8],[14,36],[17,-53],[-19,14],[2,-57],[64,-21]],[[90299,49502],[6,-40],[-17,-4],[-4,37],[15,7]],[[92552,49834],[12,15],[7,-31],[-19,16]],[[92583,49893],[11,-28],[-21,8],[10,20]],[[92955,49954],[25,-115],[-49,147],[24,-32]],[[92402,50039],[-2,-63],[-31,86],[33,16],[0,-39]],[[91941,50129],[10,-7],[-71,-5],[31,44],[30,-32]],[[92241,50153],[-13,-46],[-14,85],[27,-39]],[[92225,50216],[-27,-21],[-1,80],[27,-23],[1,-36]],[[92216,50299],[5,39],[11,-27],[-16,-12]],[[92537,49374],[0,-62],[-27,-63],[10,-67],[-49,-142],[-58,173],[-1,222],[-111,342],[-133,120],[-54,112],[-145,192],[-92,37],[0,33],[37,8],[-28,48],[5,34],[100,-132],[13,-49],[61,-23],[105,-160],[66,-34],[103,-236],[23,-1],[19,-94],[50,-43],[19,14],[13,-69],[21,3],[53,-163]],[[91795,50374],[-4,-72],[-73,-13],[-64,125],[69,51],[72,-91]],[[91062,50544],[9,-50],[-36,-1],[27,51]],[[90953,50690],[-1,-44],[-39,-2],[-23,-70],[-70,-5],[-70,46],[7,-36],[-44,-30],[-14,46],[27,24],[-10,65],[21,18],[126,0],[85,-48],[-10,49],[15,-13]],[[91592,50984],[16,-62],[-35,3],[-35,87],[22,41],[32,-69]],[[92830,49261],[17,-35],[-6,-31],[-11,66]],[[92356,49450],[2,-42],[-17,27],[15,15]],[[92684,49506],[-10,-52],[-11,24],[21,28]],[[92699,49529],[4,-23],[-15,8],[11,15]],[[91950,46281],[-18,27],[18,1],[0,-28]],[[89909,47000],[-8,-20],[-29,44],[27,5],[10,-29]],[[89905,47162],[2,-33],[-19,32],[17,1]],[[89909,47194],[4,-26],[-35,40],[31,-14]],[[91996,49015],[5,-32],[-24,13],[19,19]],[[59443,67239],[2,-25],[-14,47],[12,-22]],[[59690,68816],[-42,-102],[-31,-332],[-59,-239],[7,-199],[-62,-106],[10,-36],[-135,170],[-55,157],[-93,157],[-15,242],[-81,146],[-19,99],[-28,24],[-7,160],[-24,52],[-7,108],[-2,-40],[-26,-6],[9,-38],[-48,-153],[71,-144],[18,-138],[-9,-79],[50,-113],[18,-114],[37,-52],[68,-199],[85,-142],[11,-61],[-33,18],[33,-101],[-27,0],[54,-176],[41,-57],[0,-70],[44,-129],[0,-34],[-14,-4],[-1,-102],[192,-625],[146,-572],[-4,-43],[68,-125],[29,-101],[83,-119],[-78,43],[-8,-34],[2,-242],[36,-206]],[[59894,65159],[21,-119],[19,-36],[-2,30],[25,-92],[105,-73],[60,-161],[126,-167],[-3,-41]],[[59467,64500],[-251,0]],[[56986,70064],[11,-72],[31,-14],[184,63],[376,-135],[35,-91],[60,-25],[53,34],[21,-81],[138,-9],[168,-148],[53,7],[79,68],[157,217],[29,-36],[-2,-31],[34,12],[0,23],[-30,0],[37,42],[8,85],[15,-32],[-10,38],[49,-26],[121,71],[-120,-106],[54,-8],[18,33],[50,-6],[14,48],[25,-15],[-40,53],[34,13],[127,-95],[88,54],[20,-9],[71,-130],[-57,58],[-29,78],[-13,-19],[10,-40],[-16,8],[10,-51],[-17,3],[-8,-43],[38,-19],[6,-37],[31,17],[-6,-51],[25,-43],[-2,23],[51,25],[0,74],[-21,17],[34,-14],[75,-121],[91,55],[-73,-60],[18,-8],[55,42],[23,-32],[15,46],[-31,-16],[43,51],[7,-87],[76,64],[67,-22],[153,113]],[[59583,64654],[50,20],[-148,-61],[98,41]],[[59616,67912],[-28,6],[-7,41],[35,-47]],[[59234,69812],[-39,5],[-47,-46],[47,53],[39,-12]],[[64747,61417],[-155,-112],[-67,-106],[-38,-161],[19,-79],[1,-133],[-87,-58],[-13,-37],[-52,-27],[-1,-37],[-86,-63],[-226,-105],[-104,-118],[-66,-2],[-158,-109],[-53,-77],[-25,2],[-25,-112],[-85,-162],[-141,-43],[-48,50],[-103,-106],[-68,-125],[-194,-130],[-130,4],[-158,-54],[-73,-157],[-79,-62],[-16,-115],[-22,11],[15,12],[-5,32],[-40,-32],[13,-18],[-11,-24],[-42,7],[-33,45],[-54,-86],[-130,-42],[-96,91],[-39,-36],[3,88],[-68,252],[15,252],[-89,456],[17,-41],[-6,127],[-32,127],[17,-41],[-3,79],[-20,108],[-68,41],[26,91],[23,-90],[4,34],[-33,250],[40,123],[-13,262]],[[64736,58844],[10,-23],[-29,16],[19,7]],[[64524,58859],[28,-2],[0,-28],[-90,50],[62,-20]],[[62063,59132],[2,-24],[-13,19],[11,5]],[[65130,59057],[19,4],[-111,-115],[-113,-29],[-44,19],[-74,121],[23,10],[2,55],[34,33],[37,-5],[54,-62],[76,59],[97,-90]],[[61866,59747],[21,16],[-30,-61],[9,45]],[[61877,59933],[6,-84],[-25,54],[19,30]],[[61843,60728],[-19,-102],[-3,72],[22,30]],[[45404,60937],[1,264],[23,217],[79,356],[41,402],[-12,302],[-38,287],[-92,229],[49,21],[21,65],[-30,-38],[8,44],[-28,-73],[64,219],[-4,63],[-18,-8],[25,66],[-10,76],[17,46],[-75,250],[17,15],[-34,37],[-4,-103],[-36,67],[-68,278],[-27,-74],[-11,-152]],[[45450,63244],[9,31],[-24,-154],[-9,48],[24,75]],[[52723,52408],[12,42],[-40,16],[4,19],[-37,-52],[-12,48],[-38,-11],[-16,43],[69,225],[25,-2],[16,18],[-22,-14],[-16,40],[56,167],[-12,93],[10,141]],[[52478,53993],[8,-71],[-74,-248],[-65,44],[-2,85],[38,24],[24,152],[21,26],[50,-12]],[[45346,59357],[-21,158],[42,90],[24,-20],[0,-70],[48,-48],[0,-28],[11,4],[-17,36],[50,28],[9,-40],[5,-3],[16,15],[-13,-10],[-8,43],[18,54],[150,15],[22,32],[56,-40],[13,32],[-16,-22],[-57,41],[-59,-37],[-103,-6],[-69,-67],[-37,12],[-11,132]],[[81730,64823],[-6,-19],[35,-10],[-47,-33],[12,-29],[32,47],[6,-33],[15,8],[-12,-60],[-11,33],[-16,-16],[10,-59],[-53,64],[-53,3],[47,89]],[[81726,64667],[11,-47],[-9,20],[-4,-28],[-27,47],[29,8]],[[81623,64616],[13,55],[45,26],[-15,-70],[-43,-11]],[[59447,72026],[-29,4]],[[59355,72009],[-39,23],[-20,-39],[-15,112],[-71,-9],[-84,-61],[-40,59]],[[59086,72094],[50,-3],[8,128],[141,-40],[64,18],[259,191],[-148,-212],[-30,-7],[-14,-85],[31,-58]],[[59066,72097],[-11,-4]],[[59055,72093],[11,4]],[[59447,72026],[3,-3]],[[59080,72096],[6,-2]],[[59066,72097],[6,0]],[[59051,72089],[4,4]],[[59170,71779],[4,-38],[-24,0],[-8,51],[-42,-2]],[[59407,64359],[-86,-23]],[[35630,4571],[269,60],[57,-20],[605,60],[277,-20],[-56,-55],[91,-30],[271,93],[92,-124],[-205,-161],[176,-86],[61,59],[87,-43],[384,162],[35,-84],[237,154],[-2,137],[340,158],[51,118],[198,130],[180,6],[446,179],[434,-132],[115,66],[63,-18],[36,41],[118,8],[228,130],[-40,46],[523,0],[83,35],[-80,33],[148,-26],[250,62],[467,-38],[-269,110],[387,14],[46,63],[1529,57],[52,38],[323,16],[104,38],[-481,54],[2,62],[-132,-38],[-1651,111],[315,178],[-80,-23],[-64,33],[-130,-14],[162,101],[-82,44],[-93,-41],[-624,-79],[-388,61],[-12,35],[-553,130],[-53,138],[119,231],[120,34],[74,177],[226,-5],[-58,128],[275,184],[339,106],[162,-14],[61,100],[288,72],[79,88],[208,75],[80,75],[422,122],[232,33],[288,136],[948,168],[351,-42],[168,54],[-18,46],[92,40],[322,-44],[1,27],[75,-8],[-6,42],[205,-10],[-171,133],[296,260],[-46,80],[95,31],[15,124],[270,36],[266,-71],[124,40],[-30,80],[261,210],[-99,44],[-269,-97],[-231,37],[193,55],[-211,59],[40,158],[129,63],[22,88],[91,41],[190,21],[123,-70],[140,29],[12,73],[-138,158],[281,-71],[222,145],[331,96],[41,139],[-39,2],[97,71],[51,155],[-189,14],[-173,69],[-55,161],[131,56],[61,-10],[2,-77],[248,-96],[44,29],[-15,116],[185,119],[-128,74],[105,45],[52,-99],[120,-9],[110,-62],[-20,-120],[84,-7],[22,-157],[93,-17],[69,88],[20,-46],[122,0],[18,26],[-53,68],[59,198],[-86,92],[-10,84],[174,31],[185,-77],[52,107],[116,34],[94,-31],[30,-62],[-43,-109],[-89,-51],[-66,-110],[36,-33],[490,25],[125,-25],[0,42],[123,-132],[57,136],[83,-43],[-1,47],[88,13],[158,-131],[38,36],[160,-12],[72,108],[90,-70],[-39,-142],[120,-81],[166,198],[130,92],[548,208],[474,67],[48,42],[157,13],[16,30],[329,5],[160,16],[57,44],[44,-22],[146,25],[-64,104],[11,85],[115,7],[10,-170],[143,-5],[109,74],[83,-13],[5,49],[-71,61],[64,63],[46,-2],[190,-216],[350,-175],[163,-15],[71,63],[67,175],[200,78],[-166,95],[146,14],[104,-131],[140,-43],[150,36],[109,-26],[71,23],[220,-50],[38,108],[170,34],[-20,-186],[441,-51],[113,23],[-68,102],[191,89],[97,-45],[-33,-14],[35,-55],[-106,-153],[4,-59],[100,-102],[77,-18],[46,30],[191,-17],[217,64],[2,135],[149,202],[231,-181],[-27,-40],[-182,-26],[151,-23],[-12,-37],[269,-36],[127,241],[99,-3],[87,-78],[-28,-113],[180,-118],[282,-56],[128,6],[134,62],[97,-38],[-14,87],[112,56],[229,28],[386,220],[249,22],[55,34],[95,-13],[407,129],[71,293],[-13,83],[-129,160],[5,103],[197,135],[301,-11],[20,-68],[-213,-142],[210,-46],[72,36],[140,-109],[29,-160],[-41,-77],[45,-37],[233,57],[22,-39],[58,57],[93,-14],[92,-148],[57,31],[11,60],[59,-15],[4,37],[78,5],[-1,-44],[71,23],[56,-28],[-61,-48],[65,-57],[-10,-43],[55,-1],[82,-94],[84,-6],[-59,121],[108,55],[5,107],[79,12],[26,50],[25,-33],[28,26],[-19,340],[41,110],[185,64],[63,-18],[73,89],[147,71],[276,54],[7,89],[74,74],[263,28],[63,45],[137,6],[38,-29],[55,25],[-47,89],[87,46],[120,21],[50,-29],[-1,-46],[66,92],[110,7],[52,-53],[1,72],[60,17],[-88,18],[-20,64],[13,66],[55,34],[121,4],[22,-45],[124,-37],[-144,-56],[3,-43],[110,9],[-65,-80],[48,31],[102,-5],[-76,-65],[51,-7],[102,78],[151,-46],[-79,-92],[22,-76],[37,-1],[93,169],[-38,147],[165,56],[64,88],[-94,42],[-93,-40],[-71,19],[-32,99],[238,113],[36,-78],[-52,-26],[42,-26],[134,10],[25,-29],[-52,-121],[125,100],[138,-73],[2,37],[64,-22],[21,58],[-138,27],[-9,61],[112,108],[-151,3],[-13,169],[83,99],[226,47],[117,107],[560,110],[387,-49],[119,-56],[219,-250],[13,37],[100,-4],[133,-115],[-1,-60],[-74,-12],[-109,28],[-16,39],[-19,-42],[-84,59],[-56,-1],[49,-72],[94,-19],[-42,-19],[52,-9],[-42,-23],[87,-39],[-29,-25],[-92,39],[-32,-44],[59,-34],[-168,-113],[-8,-33],[117,39],[4,-122],[108,172],[114,37],[108,-24],[-14,26],[80,30],[150,-63],[-25,-72],[63,44],[51,-27],[128,10],[49,-39],[-20,-35],[-131,44],[12,-40],[148,-73],[-39,-36],[78,2],[69,-70],[40,120],[225,16],[194,-78],[30,-51],[93,31],[141,-13],[139,-56],[138,73],[149,17],[297,-86],[557,-80],[112,19],[347,-78],[203,28],[68,67],[72,-12],[6,-214],[152,-215],[-153,-54],[12,-72],[-109,-68],[29,-30],[131,7],[-38,-55],[-116,-46],[118,-70],[4,-73],[-134,-42],[-94,34],[-50,-46],[44,-38],[-46,-55],[173,-38],[-43,-51],[-89,-20],[90,-33],[-51,-87],[-125,-42],[-110,174],[-73,-150],[-95,-26],[-26,-102],[-72,-35],[3,-24],[134,17],[-9,-41],[83,-62],[123,30],[39,-41],[101,97],[68,-7],[25,-66],[-101,-348],[-91,-73],[28,-24],[-171,-87],[-61,-106],[10,-82],[-93,-67],[-8,-113],[-68,-50],[15,-142],[-94,-345],[-181,-118],[65,-58],[150,20],[-23,-42],[57,-24],[222,95],[27,112],[-55,149],[115,107],[208,53],[132,-28],[31,93],[78,26],[-26,80],[187,41],[55,59],[-78,66],[213,44],[-33,77],[123,6],[-106,89],[13,69],[92,52],[-54,37],[56,127],[85,67],[-34,41],[76,64],[44,-25],[10,30],[42,-13],[84,120],[57,13],[-59,164],[35,53],[129,51],[49,105],[83,-37],[103,86],[67,-54],[-4,-65],[115,48],[16,-42],[46,30],[42,-46],[51,73],[39,-76],[139,91],[-26,149],[154,69],[8,-40],[55,63],[57,3],[53,85],[131,4],[103,43],[56,74],[-16,105],[190,70],[-59,28],[1,95],[79,128],[281,129],[640,211],[80,-19],[66,59],[88,-20],[87,34],[71,-46],[40,11],[-64,111],[94,76],[146,52],[52,62],[146,23],[57,-48],[125,-16],[125,85],[175,-14],[352,169],[55,-4],[24,-47],[135,43],[240,-35],[153,43],[69,-28],[191,139],[97,-10],[146,56],[222,-78],[73,41],[167,-12],[32,-94],[41,35],[53,-18],[233,139],[101,-30],[77,-105],[109,30],[44,51],[139,-26],[131,71],[171,-108],[40,65],[113,68],[78,-1],[3,-100],[147,77],[-98,-88],[31,-154],[53,124],[42,-34],[100,113],[9,-66],[101,99],[99,40],[61,-51],[40,35],[-48,35],[106,10],[173,185],[-85,17],[46,49],[278,-4],[105,52],[249,-86],[83,18],[665,-231],[12,-31],[70,12],[28,-33],[116,5],[184,-52],[28,-47],[-47,-123],[138,127],[25,-75],[90,-35],[66,-88],[74,50],[134,-21],[217,150],[98,-31],[-39,106],[34,72],[-65,55],[121,147],[192,70],[441,96],[340,-265],[-33,-76],[48,-33],[-45,-54],[220,18],[149,-79],[37,-100],[-110,-124],[-377,-108],[-90,-178],[268,90],[0,-46],[162,64],[23,54],[129,22],[13,-25],[107,74],[35,-31],[162,116],[-16,-109],[184,31],[47,-51],[55,51],[143,30],[-38,-86],[157,-4],[429,140],[-17,-39],[-447,-154],[63,-82],[545,167],[165,23],[203,142],[251,65],[114,-9],[127,92],[68,-4],[22,-70],[105,-24],[120,57],[72,139],[142,67],[71,-97],[42,0],[13,-52],[16,119],[34,-51],[42,22],[41,-26],[-79,-124],[38,14],[32,-29],[-38,-89],[79,22],[26,-24],[6,-165],[78,118],[10,-79],[187,26],[25,-45],[47,17],[52,-43],[68,69],[83,-85],[106,124],[-14,58],[53,74],[-31,22],[69,146],[106,93],[128,8],[46,66],[150,-52],[136,-3],[200,53],[96,-23],[125,64],[144,-15],[138,-123],[38,5],[-88,-112],[67,-8],[115,105],[115,3],[45,133],[42,-8],[38,-134],[35,41],[104,23],[115,-100],[31,-75],[22,110],[201,2],[190,-88],[-3,-72],[56,48],[86,10],[25,-27],[201,-14],[6,-33],[55,12],[53,-35],[-12,-61],[80,39],[76,-33],[37,35],[135,-24],[77,-54],[82,47],[112,-12],[138,-130],[96,4],[191,101],[97,-44],[5,-88],[-35,-38],[88,30],[13,-52],[56,101],[54,-8],[42,-58],[-29,-46],[-66,14],[52,-44],[-57,-97],[-35,40],[-25,-45],[29,-98],[-86,-107],[0,-88],[76,28],[-4,-39],[30,-1],[61,93],[121,32],[105,128],[45,1],[48,-128],[33,83],[87,3],[40,-21],[-23,-73],[53,-58],[39,69],[25,-23],[-33,-104],[37,8],[2,-29],[89,29],[-75,-139],[128,81],[-2,-55],[-94,-98],[108,6],[-21,-70],[175,34],[94,-62],[67,29],[13,-30],[90,-1],[22,37],[46,-29],[83,29],[15,-33],[50,44],[110,-59],[27,13],[-41,64],[50,-41],[129,-9],[160,56],[44,-66],[-25,-184],[39,-58],[34,28],[78,-51],[2,129],[97,15],[65,-40],[103,12],[157,-94],[63,11],[17,52],[129,5],[-40,124],[45,30],[-50,68],[7,43],[47,13],[233,-144],[-1,-66],[-73,10],[19,-103],[77,54],[60,-108],[90,-4],[-13,-75],[97,-57],[33,19],[-61,68],[56,23],[73,-97],[97,-52],[219,23],[79,-159],[62,32],[-40,19],[18,78],[118,24],[140,-98],[89,15],[79,-113],[37,49],[150,-45],[155,-167],[-23,-45],[-131,0],[28,-67],[73,12],[172,-76],[135,-208],[-19,-65],[24,27],[52,-91],[-25,-124],[79,22],[22,-36],[57,11],[114,-117],[24,45],[-58,102],[-50,15],[-12,225],[27,71],[139,26],[160,-183],[78,-40],[116,18],[7,-90],[33,-5],[52,87],[-48,62],[59,24],[177,-48],[153,5],[139,-69],[123,58],[130,-53],[-106,-19],[4,-33],[342,-14],[47,-77],[-183,-32],[-8,-29],[193,9],[62,-54],[-65,-14],[-30,-55],[253,26],[25,-53],[104,-35],[106,-103],[128,-28],[57,-64],[50,75],[-27,145],[195,-312],[-106,-100],[-70,119],[-88,-213],[-68,-28],[66,-39],[-35,-82],[111,60],[-8,-160],[-240,79],[-73,-11],[-117,73],[-108,-9],[153,-116],[120,-1],[47,-60],[58,9],[70,-40],[-97,-199],[-114,-13],[12,-100],[-89,31],[23,76],[-73,-17],[-89,86],[-16,-112],[-82,28],[-241,-21],[-63,75],[-106,39],[5,43],[-67,-13],[118,-93],[3,-173],[88,65],[232,-61],[-85,0],[26,-51],[-130,24],[-7,-41],[59,-15],[-45,-14],[-79,36],[12,-58],[-51,-14],[-28,59],[-82,-61],[-87,64],[22,-48],[-109,-19],[130,-73],[-42,-51],[-156,5],[59,-39],[-40,-24],[-125,32],[10,145],[-57,113],[91,41],[-124,-28],[-107,33],[-10,-39],[112,-49],[-50,-172],[44,-86],[121,-57],[-65,-14],[-70,52],[-114,12],[113,-55],[11,-98],[167,-164],[-7,-78],[-71,60],[-92,-34],[-141,48],[-182,-66],[-60,158],[-103,-45],[48,-70],[-63,-96],[-64,60],[-64,-142],[-61,5],[117,-85],[-66,-64],[13,-71],[-92,-27],[-135,47],[-84,-56],[-138,-1],[-110,-52],[96,-29],[44,25],[307,-2],[32,-81],[-77,-26],[242,-143],[-30,-49],[-70,-8],[55,-88],[-95,8],[35,-22],[-44,12],[14,-40],[-89,-32],[66,-42],[42,32],[75,-9],[37,-117],[-128,-115],[116,-15],[37,-72],[-187,-93],[62,-5],[-27,-30],[204,-18],[184,-223],[-7,-56],[-82,-24],[59,-26],[-77,-31],[223,-65],[-143,-56],[227,2],[-40,-122],[-155,-81],[76,8],[145,-65],[127,42],[111,135],[30,-60],[-74,-44],[103,-41],[22,-86],[353,-51],[51,-80],[-48,-34],[-145,-3],[-127,84],[-467,-22],[-257,-102],[-13,27],[-103,-1],[-123,-120],[-39,95],[-99,11],[-101,86],[17,75],[-75,-14],[-60,-44],[51,-123],[151,-157],[-159,28],[-40,60],[-96,-11],[35,-66],[-120,6],[-86,-75],[76,-136],[104,-40],[-114,14],[-134,-74],[-141,30],[67,-78],[268,25],[-373,-116],[90,-61],[141,37],[145,-55],[172,32],[-747,-206],[-164,-107],[110,-19],[618,48],[49,-74],[-101,30],[-3,-44],[-239,-14],[141,-62],[166,40],[89,-16],[-47,-70],[94,-15],[-492,10],[-22,-43],[383,-42],[-66,-11],[75,-34],[-100,-8],[77,-52],[-79,-12],[167,-72],[-281,23],[137,-65],[-88,-36],[212,-3],[-50,-50],[156,27],[-123,-72],[408,-81],[-58,-85],[173,17],[58,-38],[-136,-22],[362,-160],[-910,-134],[45,-40],[480,9],[253,-40],[-44,69],[387,50],[154,-31],[40,-123],[237,-21],[87,-80],[102,14],[111,-34],[-68,-80],[101,-41],[87,-17],[106,55],[140,-26],[48,-102],[-200,0],[94,-48],[-327,43],[-50,-20],[445,-98],[201,34],[23,-63],[45,45],[165,-66],[270,22],[106,-32],[-166,-35],[273,-34],[11,-55],[228,28],[250,-55],[-87,-66],[435,27],[91,-89],[620,-42],[616,-122],[69,-48],[0,0],[0,-93],[0,-287],[0,-288],[0,-287],[0,-287],[0,-287],[0,-287],[0,-287],[0,-288],[0,-287],[0,-287],[0,-287],[-139,0],[-138,0],[-139,0],[-139,0],[-138,0],[-139,0],[-139,0],[-139,0],[-138,0],[-139,0],[-139,0],[-138,0],[-139,0],[-139,0],[-138,0],[-139,0],[-139,0],[-139,0],[-138,0],[-139,0],[-139,0],[-138,0],[-139,0],[-139,0],[-138,0],[-139,0],[-139,0],[-138,0],[-139,0],[-139,0],[-139,0],[-138,0],[-139,0],[-139,0],[-138,0],[-139,0],[-139,0],[-138,0],[-139,0],[-139,0],[-138,0],[-139,0],[-139,0],[-139,0],[-138,0],[-139,0],[-139,0],[-138,0],[-139,0],[-139,0],[-138,0],[-139,0],[-139,0],[-139,0],[-138,0],[-139,0],[-139,0],[-138,0],[-139,0],[-139,0],[-138,0],[-139,0],[-139,0],[-138,0],[-139,0],[-139,0],[-139,0],[-138,0],[-139,0],[-139,0],[-138,0],[-139,0],[-139,0],[-138,0],[-139,0],[-139,0],[-139,0],[-138,0],[-139,0],[-139,0],[-138,0],[-139,0],[-139,0],[-138,0],[-139,0],[-139,0],[-138,0],[-139,0],[-139,0],[-139,0],[-138,0],[-139,0],[-139,0],[-138,0],[-139,0],[-139,0],[-138,0],[-139,0],[-139,0],[-138,0],[-139,0],[-139,0],[-139,0],[-138,0],[-139,0],[-139,0],[-138,0],[-139,0],[-139,0],[-138,0],[-139,0],[-139,0],[-139,0],[-138,0],[-139,0],[-139,0],[-138,0],[-139,0],[-139,0],[-138,0],[-139,0],[-139,0],[-138,0],[-139,0],[-139,0],[-139,0],[-138,0],[-139,0],[-139,0],[-138,0],[-139,0],[-139,0],[-138,0],[-139,0],[-139,0],[-139,0],[-138,0],[-139,0],[-139,0],[-138,0],[-139,0],[-139,0],[-138,0],[-139,0],[-139,0],[-138,0],[-139,0],[-139,0],[-139,0],[-138,0],[-139,0],[-139,0],[-138,0],[-139,0],[-139,0],[-138,0],[-139,0],[-139,0],[-138,0],[-139,0],[-139,0],[-139,0],[-138,0],[-139,0],[-139,0],[-138,0],[-139,0],[-139,0],[-138,0],[-139,0],[-139,0],[-139,0],[-138,0],[-139,0],[-139,0],[-138,0],[-139,0],[-139,0],[-138,0],[-139,0],[-139,0],[-138,0],[-139,0],[-139,0],[-139,0],[-138,0],[-139,0],[-139,0],[-138,0],[-139,0],[-139,0],[-138,0],[-139,0],[-139,0],[-138,0],[-139,0],[-139,0],[-139,0],[-138,0],[-139,0],[-139,0],[-138,0],[-139,0],[-139,0],[-138,0],[-139,0],[-139,0],[-139,0],[-138,0],[-139,0],[-139,0],[-138,0],[-139,0],[-139,0],[-138,0],[-139,0],[-139,0],[-138,0],[-139,0],[-139,0],[-139,0],[-138,0],[-139,0],[-139,0],[-138,0],[-139,0],[-139,0],[-138,0],[-139,0],[-139,0],[-139,0],[-138,0],[-139,0],[-139,0],[-138,0],[-139,0],[-139,0],[-3,0],[-135,0],[-139,0],[-139,0],[-138,0],[-139,0],[-139,0],[-139,0],[-138,0],[-139,0],[-139,0],[-138,0],[-139,0],[-139,0],[-138,0],[-139,0],[-139,0],[-138,0],[-139,0],[-139,0],[-139,0],[-138,0],[-139,0],[-139,0],[-138,0],[-139,0],[-139,0],[-138,0],[-139,0],[-139,0],[-139,0],[-138,0],[-139,0],[-139,0],[-138,0],[-139,0],[-139,0],[-138,0],[-139,0],[-139,0],[-138,0],[-139,0],[-139,0],[-139,0],[-138,0],[-139,0],[-139,0],[-138,0],[-139,0],[-139,0],[-138,0],[-139,0],[-139,0],[-139,0],[-138,0],[-139,0],[-139,0],[-138,0],[-139,0],[-139,0],[-138,0],[-139,0],[-139,0],[-138,0],[-139,0],[-139,0],[-139,0],[-138,0],[-139,0],[-139,0],[-138,0],[-139,0],[-139,0],[-138,0],[-139,0],[-139,0],[-138,0],[-139,0],[-139,0],[-139,0],[-138,0],[-139,0],[-139,0],[-138,0],[-139,0],[-139,0],[-138,0],[-139,0],[-139,0],[-139,0],[-138,0],[-139,0],[-139,0],[-138,0],[-139,0],[-139,0],[-138,0],[-139,0],[-139,0],[-138,0],[-139,0],[-139,0],[-139,0],[-138,0],[-139,0],[-139,0],[-138,0],[-139,0],[-139,0],[-138,0],[-139,0],[-139,0],[-139,0],[-138,0],[-139,0],[-139,0],[-138,0],[-139,0],[-139,0],[-138,0],[-139,0],[-139,0],[-138,0],[-139,0],[-139,0],[-139,0],[-138,0],[-139,0],[-139,0],[-138,0],[-139,0],[-139,0],[-138,0],[-139,0],[-139,0],[-138,0],[-139,0],[-139,0],[-139,0],[-138,0],[-139,0],[-139,0],[-138,0],[-139,0],[-139,0],[-138,0],[-139,0],[-139,0],[-139,0],[-138,0],[-139,0],[-139,0],[-138,0],[-139,0],[-139,0],[-138,0],[-139,0],[-139,0],[-138,0],[-139,0],[-139,0],[-139,0],[-138,0],[-139,0],[-139,0],[-138,0],[-139,0],[-139,0],[-138,0],[-139,0],[-139,0],[-139,0],[-138,0],[-139,0],[-139,0],[-138,0],[-139,0],[-139,0],[-138,0],[-139,0],[-139,0],[-138,0],[-139,0],[-139,0],[-139,0],[-138,0],[-139,0],[-139,0],[-138,0],[-139,0],[-139,0],[-138,0],[-139,0],[-139,0],[-138,0],[-139,0],[-139,0],[-139,0],[-138,0],[-139,0],[-139,0],[-138,0],[-139,0],[-139,0],[-138,0],[-139,0],[-139,0],[-139,0],[-138,0],[-139,0],[-139,0],[-138,0],[-139,0],[-139,0],[-138,0],[-139,0],[-139,0],[-138,0],[-139,0],[-139,0],[-139,0],[-138,0],[-139,0],[-139,0],[-138,0],[-139,0],[-139,0],[-138,0],[-122,0],[-17,0],[-139,0],[-139,0],[-138,0],[-139,0],[-139,0],[-138,0],[-139,0],[-139,0],[-138,0],[-139,0],[-139,0],[-138,0],[-139,0],[-139,0],[-139,0],[-138,0],[-139,0],[-139,0],[-138,0],[-139,0],[-139,0],[-138,0],[-139,0],[-139,0],[-138,0],[-139,0],[-139,0],[-139,0],[-138,0],[-139,0],[-139,0],[-138,0],[-139,0],[-139,0],[-138,0],[-139,0],[-139,0],[-139,0],[-138,0],[-139,0],[-139,0],[-138,0],[-139,0],[-139,0],[-138,0],[-139,0],[-139,0],[-138,0],[-139,0],[-139,0],[-139,0],[-138,0],[-139,0],[-139,0],[-138,0],[-139,0],[-139,0],[-138,0],[-139,0],[-139,0],[-139,0],[-138,0],[-139,0],[-139,0],[-138,0],[-139,0],[-139,0],[-138,0],[-139,0],[-139,0],[-138,0],[-139,0],[-139,0],[-139,0],[-138,0],[-139,0],[-139,0],[-138,0],[-139,0],[-139,0],[-138,0],[-139,0],[-139,0],[-138,0],[-139,0],[-139,0],[-139,0],[-138,0],[-139,0],[-139,0],[-138,0],[-139,0],[-139,0],[-138,0],[-139,0],[-139,0],[-139,0],[-138,0],[-139,0],[-139,0],[-138,0],[-139,0],[-139,0],[-138,0],[-139,0],[-139,0],[-138,0],[-139,0],[-139,0],[-139,0],[-138,0],[-139,0],[-139,0],[-138,0],[-139,0],[-139,0],[-138,0],[-139,0],[-139,0],[-138,0],[-139,0],[-139,0],[-139,0],[-138,0],[-139,0],[-139,0],[-138,0],[-139,0],[-139,0],[-138,0],[-139,0],[-139,0],[-139,0],[-138,0],[-139,0],[-139,0],[-138,0],[-139,0],[-139,0],[-138,0],[-139,0],[-139,0],[-138,0],[-139,0],[-139,0],[-139,0],[-138,0],[-139,0],[-139,0],[-138,0],[-139,0],[-139,0],[-138,0],[-139,0],[-139,0],[-139,0],[-138,0],[-139,0],[-139,0],[-138,0],[-139,0],[-139,0],[-138,0],[-139,0],[-139,0],[-138,0],[-139,0],[-139,0],[-139,0],[-138,0],[-139,0],[-139,0],[-138,0],[-139,0],[-139,0],[-138,0],[-139,0],[-139,0],[-138,0],[-139,0],[-139,0],[-139,0],[-138,0],[-139,0],[-139,0],[-138,0],[-139,0],[-139,0],[-138,0],[-139,0],[-139,0],[-139,0],[-138,0],[-139,0],[-139,0],[-138,0],[-139,0],[-139,0],[-138,0],[-139,0],[-139,0],[-138,0],[-139,0],[-139,0],[-139,0],[-138,0],[-139,0],[-139,0],[-138,0],[-139,0],[-139,0],[-138,0],[-139,0],[-139,0],[-139,0],[-138,0],[-139,0],[-139,0],[-138,0],[-139,0],[-139,0],[-138,0],[-139,0],[-139,0],[-138,0],[-139,0],[-139,0],[-139,0],[-138,0],[-139,0],[-139,0],[-138,0],[-139,0],[-139,0],[-138,0],[-139,0],[-139,0],[-138,0],[-139,0],[-139,0],[-139,0],[-138,0],[-139,0],[-139,0],[-138,0],[-139,0],[-139,0],[-138,0],[-139,0],[-139,0],[-139,0],[-138,0],[-139,0],[-139,0],[-138,0],[-139,0],[0,287],[0,287],[0,287],[0,288],[0,287],[0,287],[0,287],[0,287],[0,287],[0,288],[0,287],[0,93],[473,26],[165,-63],[455,12],[-124,-22],[175,-65],[195,77],[1924,-135],[225,-126],[148,27],[1128,-36],[1105,-111],[113,-46],[-9,37],[93,-42],[598,-33],[-255,15],[395,40],[-592,132],[513,-4],[41,44],[-762,22],[-1522,138],[-64,40],[230,-7],[-109,36],[-768,34],[951,4],[-598,130],[40,47],[363,4],[-355,146],[-148,29],[-154,-42],[-448,28],[106,-39],[-218,33],[-49,21],[162,0],[-183,29],[-69,94],[-129,13],[75,18],[-823,144],[218,-20],[-853,199],[-87,90],[322,-90],[186,26],[307,-48],[191,-140],[311,-65],[-38,38],[458,-7],[22,28],[812,3],[130,-176],[122,-11],[3,75],[287,47],[268,-121],[583,26],[244,-37],[53,50],[402,39],[177,92],[-430,36],[-9,29],[807,41],[148,140],[699,147],[-98,100],[-540,247],[300,97],[-16,55],[-328,111],[-572,79],[-2,55],[307,69],[2314,124],[1,42],[-174,14],[-43,45],[-293,15],[160,11],[-156,10],[114,12],[-43,20],[259,-5],[-395,26],[4,37],[-158,-1],[-52,57],[-164,0],[290,20],[-210,43],[0,60],[164,17],[-65,64],[426,-32],[80,34],[275,12],[-265,25],[160,13],[-282,7],[210,1],[-224,63],[266,-17],[18,-27],[253,17],[-231,4],[87,15],[-154,37],[102,18],[-341,54],[-26,32],[-376,41],[-432,125],[85,52],[-158,-33],[-41,26],[192,104],[-149,4],[-85,-57],[-39,36],[-64,-33],[-565,78],[-433,214],[132,97],[425,35],[107,107],[90,9],[-110,6],[-52,50],[-201,-70],[22,59],[-363,-26],[-77,33],[-160,-64],[-317,161],[-83,72],[145,169],[-51,259],[105,28],[251,-174],[154,57],[-102,42],[142,70],[127,4],[108,-63],[162,37],[378,-86],[43,-73],[-147,-32],[370,-38],[62,115],[71,-51],[162,-15],[26,-53],[434,-179],[170,36],[-150,76],[80,9],[170,-56],[59,18],[-39,66],[283,41],[-346,90],[52,120],[94,10],[185,-90],[52,-92],[-15,39],[38,-17],[167,86],[167,-154],[164,15],[90,-26],[-57,79],[-80,13],[0,75],[197,0],[-316,132],[298,-32],[-182,116],[140,61],[-180,24],[-78,87],[-192,73],[-381,-43],[-330,44],[26,75],[143,-1],[137,42],[-30,54],[125,28],[444,-157],[29,19],[68,-56],[249,-6],[-310,214],[144,103],[214,-14],[80,38],[191,14],[1,57],[64,13],[-93,47],[254,44],[198,-14],[59,75],[168,-51],[93,-142],[244,-23],[-181,176],[133,-17],[151,57],[185,160],[113,17],[361,11],[45,26],[180,-69],[208,1],[-8,41],[-176,56],[48,144],[170,34],[145,-27],[78,105],[251,-45],[28,-124],[153,-40],[298,92],[59,-33],[135,36],[150,-48],[205,18],[234,-56],[758,134],[314,-47],[104,33],[382,-1],[87,-60],[197,31],[436,-17],[807,106],[70,46],[-145,11],[19,36],[305,105],[52,-149],[303,-24],[179,35],[40,65],[50,-79],[135,4],[111,25],[-79,217],[91,90],[163,43],[72,-29],[-81,-94],[175,30],[48,-43],[5,-43],[-146,-47],[73,-23],[-33,-90],[160,29],[-110,-103],[-204,-66],[147,-10],[-114,-196],[367,104],[67,-15],[29,30],[286,26],[-107,144],[30,35],[137,9],[-103,30],[-53,62],[0,50],[82,32],[100,-14],[121,-74],[67,47],[85,-74],[-50,-26],[85,-35],[-39,-167],[-114,-35],[-251,-172],[-11,-40],[70,-21],[255,24],[161,-22],[49,49],[441,-64],[66,-39],[267,8],[87,-39],[40,35],[363,78],[32,43],[109,-30],[228,4],[143,39],[266,-26],[161,27],[55,-37],[-26,-91],[141,-38],[10,-35],[188,47],[90,-21],[189,48],[219,-3],[67,42],[-95,6],[86,53],[-129,-24],[-134,36],[-16,115],[-185,-17],[-120,33],[108,15],[63,51],[-54,80],[83,61],[-87,30],[-222,-44],[-130,27],[28,131],[-81,159],[-350,45],[12,118],[-54,62],[448,-34],[62,-59],[147,-7],[49,32],[242,11],[25,51],[189,-8],[-14,23],[-200,41],[50,20],[-86,11],[-15,60],[-862,32],[-121,93],[-34,171],[108,82],[263,-37],[-26,-71],[-136,-63],[167,15],[32,-44],[332,45],[125,-53],[129,42],[593,-17],[-59,-94],[142,37],[262,-101],[176,-18],[26,44],[154,26],[295,-59],[156,79],[152,-11],[62,29],[23,-23],[212,-1],[31,-40],[212,-47],[151,32],[104,81],[259,17],[49,104],[-82,170],[326,-56],[18,-64],[-168,-159],[75,-83],[304,54],[-2,-50],[114,-73],[352,118],[41,-119],[119,-59],[177,-47],[198,5],[-16,-104],[100,32],[144,-15],[221,-103],[264,107],[28,63],[-75,156],[34,44],[117,-9],[116,-87],[55,7],[-126,183],[44,75],[234,-49],[241,-172],[-18,-156],[365,81],[80,-26],[110,28],[40,-62],[-150,-138],[45,-39],[84,51],[140,-17],[280,115],[100,-12],[68,-54],[107,42],[70,-35],[94,77],[32,-32],[34,46],[61,3],[44,67],[191,-15],[40,47],[227,20],[100,50],[214,-15],[420,106],[275,147],[71,5],[212,406],[-3,95],[-233,312],[58,254],[-64,79],[-85,313],[-149,149],[34,213],[-128,145],[47,28],[96,-12],[8,70],[247,-127],[38,132],[100,23],[-17,64],[54,29],[-51,12],[28,45],[-119,17],[-57,69],[144,43],[-60,129],[87,90],[-82,38],[109,-6],[39,38],[-18,33],[-71,-19],[-74,85],[41,19],[-57,42],[116,32],[23,80],[-87,-3],[95,28],[-63,22],[55,60],[65,-12],[7,47],[-134,34],[-172,-45],[46,206],[-45,6],[36,72],[48,-26],[24,72],[28,-25],[4,52],[42,-7],[-8,-194],[54,-20],[21,69],[69,-84],[5,145],[-47,27],[54,90],[-36,134],[81,38],[127,-76],[31,18],[-22,47],[60,117],[-89,58],[64,48],[-18,38],[31,29],[140,-29],[-64,64],[17,47],[104,16],[84,-60],[26,48],[-57,63],[6,51],[77,-33],[17,53],[-40,49],[120,-35],[-50,80],[40,22],[80,-52],[-10,34],[41,13],[-113,64],[29,25],[-35,59],[66,127],[136,-37],[34,18],[49,-50],[22,76],[-56,49],[86,11],[29,68],[58,-57],[49,20],[-74,57],[49,26],[-21,44],[29,36],[46,-41],[-18,-49],[63,-20],[-22,27],[70,27],[45,114],[63,-97],[25,27],[-32,47],[48,-7],[-3,46],[-39,13],[36,43],[44,-37],[57,26],[-1,48],[42,13],[-5,72],[33,-5],[-40,58],[59,-12],[12,42],[118,56],[93,-25],[45,107],[11,-50],[95,-29],[21,116],[116,22],[10,75],[204,44],[-2,50],[38,-21],[48,61],[160,53],[71,-38],[-5,-78],[29,10],[-13,-35],[60,-60],[-13,-43],[-84,-9],[-1,87],[-88,34],[6,-68],[-81,5],[-14,-19],[44,-9],[-36,-29],[-101,-7],[-168,-190],[-32,-129],[-60,17],[-23,-27],[101,-33],[-54,-37],[47,-43],[-10,-64],[-49,17],[-6,48],[-88,-6],[-37,75],[-55,-47],[20,-113],[-50,12],[0,82],[-66,15],[-1,-40],[-70,-56],[-44,24],[17,-69],[-85,-37],[-107,-174],[-92,-25],[-96,49],[-3,-69],[51,-40],[-20,-48],[-93,29],[-66,-65],[47,-39],[-10,-61],[102,-39],[-106,-30],[-2,-66],[-76,-59],[-3,-58],[97,-113],[75,5],[44,-36],[-15,76],[94,-31],[10,100],[68,-71],[6,71],[128,-26],[-45,-99],[-36,49],[-51,-22],[41,-60],[-33,-89],[-42,6],[-12,87],[-78,38],[-7,-84],[-80,27],[31,-103],[-22,-49],[-61,161],[-194,-17],[-26,-51],[69,-93],[-49,-19],[-4,-40],[51,-8],[-10,-41],[27,13],[-51,-47],[-158,274],[-167,34],[28,-35],[-45,-13],[83,-68],[-91,5],[39,-30],[-42,-39],[32,-50],[-62,18],[-32,-49],[107,-84],[-1,-63],[-80,-22],[-74,57],[-16,-43],[-41,4],[-3,85],[-26,-6],[-43,-45],[18,-81],[-71,52],[-1,-79],[77,-66],[-104,-31],[88,-61],[-68,6],[-27,-39],[-19,24],[-35,-45],[-53,79],[-1,-51],[-29,24],[-1,-140],[69,-60],[-102,-116],[105,-71],[-126,-64],[6,-41],[148,1],[81,81],[-15,-38],[65,-11],[-205,-120],[16,-37],[99,9],[29,-25],[-101,-68],[26,-59],[162,-25],[37,-58],[47,-7],[-4,27],[95,-54],[-41,49],[50,-4],[-91,64],[50,6],[-31,34],[258,91],[127,-3],[-14,-49],[-87,34],[-146,-77],[-14,-79],[167,-70],[-84,15],[30,-71],[-137,-27],[165,-42],[-25,-75],[62,14],[51,-122],[67,12],[97,-93],[-37,-201],[184,-199],[-41,-48],[-105,42],[-4,-107],[66,-9],[-4,-67],[205,25],[26,-39],[-91,-33],[-2,-51],[-122,-9],[-3,-27],[47,-89],[84,43],[101,-4],[-19,-92],[54,-10],[-9,-38],[79,-69],[-98,-3],[98,-66],[-137,10],[80,-53],[-118,-19],[-47,-91],[-108,-20],[154,-29],[116,91],[45,-74],[56,-9],[2,-48],[-25,-17],[-66,47],[2,-94],[-375,-28],[91,-52],[-66,-51],[27,-21],[161,51],[141,-71],[-2,59],[133,40],[2,-71],[-107,-41],[107,-22],[4,-55],[-90,-18],[85,-10],[14,-32],[-51,-20],[-178,33],[69,-133],[-57,-4],[79,-80],[37,56],[126,18],[16,-78],[-75,-163],[59,54],[76,-38],[54,99],[36,-8],[-20,-225],[-98,-25],[-61,79],[-38,-123],[-40,90],[-57,-60],[-41,83],[-232,41],[117,-70],[-99,13],[120,-71],[8,-22],[-109,11],[68,-94],[66,33],[181,-57],[-96,-92],[114,12],[-76,-141],[-119,51],[-98,-20],[58,-36],[-77,-35],[102,9],[121,-51],[-97,-84],[-42,43],[-56,-44],[-61,4],[25,-47],[169,-2],[146,54],[20,-51],[-83,-100],[-157,-27],[-228,81],[162,-183],[-25,-75],[-165,-84],[-65,184],[-157,6],[52,-139],[-138,22],[-10,-38],[-132,-35],[224,-10],[66,-76],[-310,-44],[-77,-54],[29,-28],[346,8],[-21,-33],[-849,-346],[-524,-79],[43,-39],[-444,-64],[-176,-72],[121,-11],[-85,-16],[65,-14],[-78,-25],[5,-30],[70,2],[-52,-46],[-470,-39],[-194,42],[-425,21],[47,-38],[-401,88],[-34,-21],[-93,24],[18,-35],[-58,-10],[-203,70],[-63,-35],[17,-56],[-208,112],[9,-84],[-75,80],[47,-139],[191,-148],[-45,-29],[313,-180],[96,-111],[124,60],[655,-80],[-206,-252],[-224,-66],[60,-5],[-233,-18],[-43,-36],[-47,50],[-137,24],[-549,99],[-405,49],[-77,-19],[-374,120],[2,-69],[-110,-36],[-142,6],[1182,-333],[22,-107],[-117,-75],[-706,-64],[-608,220],[-372,283],[65,-145],[179,-143],[-44,-18],[-160,103],[-57,-54],[46,-81],[130,-122],[185,-55],[2,-44],[232,-70],[99,-86],[78,7],[-59,-55],[56,-99],[180,-60],[11,182],[1083,-31],[129,-71],[-9,-171],[-148,-119],[-219,-43],[-630,18],[393,-112],[555,55],[50,-122],[189,-112],[-82,-86],[211,-76],[-215,-28],[47,-42],[113,16],[86,-32],[204,71],[421,-95],[35,121],[260,20],[112,65],[84,-4],[117,-34],[118,-177],[223,-31],[201,30],[109,-35],[-87,-41],[888,-232],[766,-26],[58,-78],[-326,-13],[-3,48],[-179,-37],[44,55],[-89,-50],[-143,-6],[27,46],[-101,-44],[-198,-9],[4,-38],[211,-25],[400,23],[-11,-47],[-635,-15],[-126,-35],[174,-22],[-111,-187],[221,31],[45,-85],[171,29],[5,-32],[166,62],[141,-22],[40,48],[310,-17],[465,67],[-200,-100],[-465,-101],[239,-261],[-69,-35],[97,24],[59,-41],[85,100],[46,-43],[23,31],[-13,-146],[-205,-117],[264,-12],[-15,-51],[96,28],[316,-19],[492,317],[514,258],[187,-28],[45,91],[303,85],[-106,8],[300,38],[162,-20],[253,56]],[[96572,6838],[-71,-71],[-128,16],[-224,-37],[-13,117],[195,-74],[199,126],[42,-77]],[[95500,8818],[139,78],[-17,-45],[-57,-3],[-21,-132],[-65,48],[21,54]],[[95788,13051],[21,-67],[-59,-65],[-13,177],[51,-45]],[[95358,13339],[1,-27],[-50,114],[40,-16],[9,-71]],[[33531,5638],[-85,-2],[-46,-70],[-24,-111],[105,21],[-109,-59],[11,-87],[-231,-124],[-520,55],[-172,157],[-180,-8],[-137,-83],[-671,195],[-29,48],[157,77],[89,-115],[1158,15],[157,67],[-92,6],[-81,106],[150,28],[-71,67],[402,136],[-114,-47],[191,-21],[-18,-74],[66,-2],[-93,-102],[122,-16],[65,-57]],[[31625,5973],[100,2],[-253,-25],[163,-57],[155,-6],[-96,-35],[125,-65],[-215,-78],[-54,73],[-164,27],[55,70],[-282,142],[466,-48]],[[41071,5954],[-127,0],[85,81],[106,-30],[-64,-51]],[[31046,6170],[172,43],[154,-28],[-125,-79],[74,-33],[-50,-26],[-313,33],[300,78],[-267,-12],[55,24]],[[40578,6155],[-43,-28],[-737,36],[-59,68],[97,-55],[-20,31],[322,76],[440,-128]],[[29003,6475],[54,9],[-33,-72],[-21,63]],[[31462,6657],[-711,-447],[-58,-114],[-88,-25],[91,-43],[-43,-41],[-193,-53],[-306,25],[-102,95],[34,131],[305,216],[837,296],[235,29],[-1,-69]],[[35411,5644],[627,383],[-35,118],[-98,26],[50,187],[96,73],[-60,12],[18,70],[349,368],[524,161],[358,-26],[394,-129],[208,-134],[-42,-185],[-384,-49],[-19,-61],[453,-8],[79,-179],[89,-41],[-60,-33],[110,-123],[-17,-228],[-53,-74],[-181,-11],[117,-65],[-26,-52],[-1719,-280],[-22,-60],[-1212,-50],[-60,173],[44,32],[34,-21],[191,259],[144,-40],[150,72],[-47,-85]],[[36317,6984],[-54,6],[186,71],[-132,-77]],[[44342,8970],[-31,-43],[-91,14],[-57,166],[-80,47],[-206,0],[249,89],[140,209],[40,-119],[-54,-177],[90,-186]],[[30056,9664],[-53,-22],[-30,25],[83,-3]],[[29476,9721],[101,-5],[-143,-160],[-32,74],[74,91]],[[20920,9735],[43,-45],[-60,-25],[-97,76],[23,84],[91,-90]],[[25030,9857],[89,13],[67,-38],[-84,-90],[-163,0],[-18,82],[65,-25],[44,58]],[[29209,9867],[95,-8],[79,-63],[-80,-151],[-69,-29],[56,-8],[54,-83],[-65,-88],[-356,154],[-69,108],[74,64],[93,-38],[25,34],[110,8],[-205,85],[103,41],[155,-26]],[[23958,9855],[-69,-18],[-19,54],[88,-36]],[[22741,9968],[106,5],[-53,-24],[-53,19]],[[24749,9894],[48,-37],[-25,-87],[-158,-102],[-38,12],[53,170],[-98,165],[83,35],[132,-7],[43,-78],[-40,-71]],[[24067,10033],[69,11],[-35,-43],[-34,32]],[[33118,10043],[-54,-17],[16,29],[38,-12]],[[23752,10066],[-4,-64],[-213,-11],[192,105],[25,-30]],[[45503,10026],[24,-55],[-54,-12],[-62,79],[35,67],[57,-79]],[[30402,10239],[37,-10],[-51,-24],[14,34]],[[46483,10332],[47,-62],[-45,-18],[-88,82],[44,32],[42,-34]],[[23472,10185],[-4,-50],[-162,-34],[43,-23],[-31,-48],[-183,39],[-62,-37],[-90,42],[-367,-37],[13,62],[-239,-19],[-20,21],[78,49],[-161,1],[-122,59],[-422,63],[-67,-18],[-99,75],[65,52],[543,87],[39,-64],[-128,-38],[141,12],[24,-41],[100,69],[139,-89],[87,-13],[-28,60],[-102,50],[83,87],[90,5],[152,-60],[-85,-66],[-17,-105],[78,45],[61,-22],[-28,-27],[52,12],[-35,134],[80,13],[36,-11],[-42,-25],[72,-17],[-70,-67],[62,-65],[112,208],[175,8],[82,-46],[-21,-57],[-102,0],[35,-25],[-172,-91],[77,-29],[296,125],[19,-84],[-229,-55],[122,17],[46,-42],[86,10]],[[33186,10913],[-100,19],[-7,44],[91,10],[16,-73]],[[29191,10929],[-339,-66],[-76,18],[-38,81],[120,74],[253,35],[68,111],[100,-121],[36,125],[101,-47],[-8,54],[68,-3],[91,-103],[-234,-130],[-142,-28]],[[33212,11175],[-105,-68],[-43,96],[111,23],[37,-51]],[[49047,11208],[47,120],[75,29],[75,-19],[-8,-114],[-189,-16]],[[30080,11271],[-29,77],[113,17],[1,-64],[-85,-30]],[[30342,11344],[25,36],[8,-45],[-33,9]],[[33026,11539],[-73,1],[6,59],[53,-12],[14,-48]],[[29032,11441],[-84,31],[17,109],[137,29],[-57,42],[181,18],[106,-121],[-66,-26],[6,-70],[-70,-40],[-170,28]],[[29765,11757],[-34,58],[85,40],[196,-147],[-4,-47],[-52,39],[-13,-29],[-158,49],[-20,37]],[[32845,11833],[-94,-159],[-122,329],[95,-16],[121,-154]],[[30150,10004],[-264,-26],[-6,70],[-102,-24],[-102,94],[136,92],[138,-52],[32,25],[376,-45],[146,71],[19,20],[-95,57],[-253,-85],[-191,74],[357,97],[-24,83],[-72,-22],[-77,29],[-121,-37],[-1,57],[-140,107],[-59,-77],[-37,4],[-49,-104],[-179,49],[-104,-16],[105,-86],[-173,-92],[-65,74],[-128,-12],[-150,82],[-12,70],[62,28],[-66,53],[111,77],[202,-75],[-41,119],[59,39],[212,-122],[34,33],[-89,73],[20,50],[230,-47],[158,19],[-35,48],[-161,34],[-64,50],[94,46],[305,-55],[92,52],[4,59],[174,-19],[85,31],[115,-119],[44,0],[15,172],[-255,12],[-129,44],[-28,44],[75,123],[245,78],[117,-52],[30,16],[-179,91],[10,55],[-96,-15],[-44,29],[-100,-63],[-201,105],[-40,51],[4,141],[82,146],[-17,40],[-117,42],[-28,124],[52,82],[438,101],[94,-71],[29,-110],[-32,-119],[103,4],[117,-191],[9,-171],[227,-399],[85,-571],[-16,-145],[-73,-22],[39,-92],[-26,-106],[-91,10],[-42,-79],[-87,-38],[2,-67],[-362,-72],[-61,63],[-50,-53],[-149,12]],[[33085,12233],[-21,44],[88,-54],[-67,10]],[[31365,12767],[-45,-36],[-25,44],[70,-8]],[[31957,12865],[4,36],[104,-12],[-40,-31],[-68,7]],[[31309,12826],[-100,-27],[-29,25],[30,28],[-34,10],[75,45],[87,-6],[-29,-75]],[[31229,13123],[-52,-47],[17,47],[35,0]],[[31206,13195],[23,24],[-9,-54],[-14,30]],[[31283,13302],[-62,13],[44,84],[57,-55],[-39,-42]],[[30803,12886],[-2,112],[205,351],[177,114],[27,-34],[-106,-149],[11,-70],[86,-49],[-160,-128],[79,-14],[-2,-43],[-44,-60],[-37,30],[-41,-22],[-45,-106],[-24,19],[-66,-29],[-58,78]],[[31452,13743],[54,38],[-7,-79],[-79,-68],[32,109]],[[31856,13899],[19,14],[12,-30],[-31,16]],[[31614,13924],[63,155],[94,11],[-12,-72],[-68,-27],[27,-77],[-80,-25],[-24,35]],[[33490,14263],[-95,35],[2,50],[93,-85]],[[32423,14510],[-88,-59],[115,112],[-27,-53]],[[32600,14556],[-35,9],[23,23],[12,-32]],[[32736,14640],[37,15],[-21,-39],[-16,24]],[[34079,14723],[121,58],[-39,-88],[-79,-50],[-43,44],[40,36]],[[32526,14674],[14,-35],[-89,-39],[-49,-66],[-57,18],[-35,-70],[-172,89],[28,62],[83,33],[-8,43],[76,24],[23,88],[64,15],[53,-30],[-57,-83],[69,22],[-44,-106],[101,35]],[[34208,14813],[74,25],[-63,-50],[-11,25]],[[32595,14684],[-37,11],[57,18],[-24,33],[58,92],[-45,61],[38,24],[-23,21],[71,21],[13,-48],[72,-25],[-56,-21],[45,-21],[-91,-143],[-78,-23]],[[32795,14979],[42,12],[-62,-69],[20,57]],[[34024,14777],[-42,6],[-18,-36],[21,53],[-56,1],[1,-67],[-32,10],[1,48],[-70,-40],[-23,45],[79,39],[-47,15],[14,64],[-91,-16],[43,118],[98,38],[7,34],[37,5],[10,-60],[-30,-98],[41,-6],[62,86],[-11,-54],[105,-37],[-68,-35],[92,-8],[-54,-47],[-61,5],[49,-22],[-71,-10],[74,-48],[-60,17]],[[33988,15061],[-2,25],[78,10],[-9,-29],[87,-1],[-43,-36],[-111,31]],[[32854,15117],[-23,13],[52,-2],[-9,-41],[-20,30]],[[33087,15055],[-27,10],[54,4],[-3,46],[37,19],[-38,32],[69,-19],[-40,-64],[20,-28],[-54,-31],[-18,31]],[[34017,15156],[-10,24],[48,8],[-38,-32]],[[34522,15276],[-68,-61],[-77,59],[121,41],[24,-39]],[[32791,15370],[-91,-23],[21,66],[70,-43]],[[34678,15432],[32,-45],[-36,-43],[-172,41],[-157,-88],[-55,41],[51,80],[110,47],[111,10],[37,-45],[79,2]],[[34292,15493],[-20,27],[40,43],[119,-23],[-63,-93],[-76,46]],[[33195,15570],[-52,22],[18,-52],[-35,44],[35,25],[34,-39]],[[32610,15512],[-30,-14],[53,102],[59,22],[-82,-110]],[[32914,15657],[13,44],[73,6],[-86,-50]],[[33011,15744],[-10,40],[103,10],[6,62],[87,-63],[100,68],[29,-96],[62,9],[-136,-85],[-2,44],[-37,-20],[15,61],[-217,-30]],[[33404,15812],[-70,53],[123,-28],[-53,-25]],[[33418,15908],[71,13],[25,-29],[-45,-29],[-51,45]],[[33615,15973],[42,-25],[-66,-23],[-41,32],[52,34],[13,-18]],[[33759,16033],[-33,-51],[-55,14],[-7,32],[-56,-29],[86,120],[74,43],[216,11],[18,-62],[-157,-19],[9,-47],[-33,-24],[-37,37],[27,20],[-55,7],[-44,-62],[47,10]],[[34990,16560],[-18,-38],[-36,24],[48,82],[6,-68]],[[34700,16648],[119,-8],[-112,-30],[-54,-62],[-56,87],[20,26],[83,-13]],[[37633,16864],[-55,-31],[-36,32],[90,24],[1,-25]],[[37220,16925],[20,50],[127,-12],[36,-47],[44,-3],[13,-59],[-74,50],[-86,2],[-20,35],[-60,-16]],[[4906,4075],[212,-58],[-230,-71],[-238,39],[-153,135],[369,-18],[40,-27]],[[3047,3943],[51,-42],[-265,24],[-561,207],[775,-189]],[[6015,4664],[144,-71],[-67,-45],[-260,186],[183,-70]],[[5397,4838],[-877,68],[-34,94],[241,28],[384,-67],[257,-44],[29,-79]],[[7190,5738],[-416,135],[471,-117],[-55,-18]],[[4694,5906],[89,-56],[-172,34],[83,22]],[[41772,5810],[-132,32],[29,-63],[-105,-30],[-45,66],[-41,-31],[-240,34],[-92,29],[43,22],[-103,0],[18,92],[105,7],[153,-100],[224,-24],[-155,65],[14,52],[327,-151]],[[5599,6134],[241,-215],[-26,-55],[-457,-21],[-895,255],[-108,72],[22,140],[279,194],[305,-49],[639,-321]],[[8606,7210],[-21,33],[73,-14],[-52,-19]],[[8634,7265],[-132,2],[-77,45],[93,12],[116,-59]],[[8199,7289],[-286,42],[147,28],[139,-70]],[[9097,7378],[-37,-40],[-61,43],[98,-3]],[[97019,7225],[26,-39],[-137,-68],[-131,-32],[-276,30],[-206,-123],[63,84],[-122,1],[123,20],[-203,81],[142,101],[-77,53],[35,49],[125,0],[25,-77],[140,-56],[181,24],[292,-48]],[[7066,7422],[77,28],[69,-38],[-146,10]],[[8741,7516],[14,-30],[-127,-15],[-83,18],[-19,49],[215,-22]],[[8409,7412],[-293,71],[91,70],[189,-5],[153,-129],[-140,-7]],[[9399,7526],[-62,24],[-179,-66],[-26,95],[243,-24],[24,-29]],[[8742,7604],[-111,-31],[-156,48],[50,31],[156,-2],[117,-23],[-56,-23]],[[8269,7615],[-103,-11],[-69,45],[179,18],[-7,-52]],[[8690,7656],[-120,40],[93,14],[96,-37],[-69,-17]],[[8964,7686],[-60,54],[107,-59],[-47,5]],[[9219,7720],[7,-31],[-77,12],[31,-51],[-115,57],[19,58],[135,-45]],[[9039,8007],[32,20],[121,-26],[55,-107],[-208,113]],[[95254,8317],[-49,-82],[-46,22],[95,60]],[[9600,8305],[46,-81],[-246,87],[80,37],[120,-43]],[[13175,8991],[63,-9],[-37,-47],[-106,8],[-11,26],[91,22]],[[13633,8959],[-79,-94],[-178,30],[-93,76],[138,59],[212,-71]],[[14686,8944],[-24,-68],[-93,-32],[-155,96],[-18,99],[290,-95]],[[17453,9009],[-63,-5],[112,48],[-49,-43]],[[17739,9271],[-142,-94],[46,-9],[-32,-35],[-203,-19],[-11,55],[269,122],[73,-20]],[[16716,9145],[-25,29],[77,40],[-75,101],[114,31],[144,-19],[-8,-103],[-227,-79]],[[16594,9256],[-4,-43],[-209,-88],[23,-88],[-43,-23],[-318,-37],[-183,44],[-35,51],[83,18],[-60,47],[58,78],[114,48],[-284,46],[64,88],[235,1],[481,-41],[45,-45],[-99,-28],[132,-28]],[[97211,9494],[-82,-67],[-58,44],[81,135],[59,-112]],[[14591,9474],[-7,69],[97,88],[290,-11],[140,-77],[-2,-50],[110,-71],[-16,-34],[-169,-3],[3,-44],[51,-26],[117,20],[75,-53],[25,50],[102,40],[141,-74],[-51,-45],[127,-80],[-22,-91],[-264,3],[-117,36],[26,23],[-379,162],[-20,99],[-91,13],[-36,-54],[-63,5],[18,75],[-85,30]],[[69105,10299],[14,-64],[-115,-48],[64,117],[37,-5]],[[69423,10419],[-55,-85],[-1,72],[56,13]],[[49103,10912],[79,-99],[-110,18],[-20,73],[51,8]],[[49245,11046],[177,-3],[-62,-110],[-120,-89],[-36,68],[55,34],[-251,173],[264,-2],[32,-20],[-59,-51]],[[50542,11170],[47,-7],[-2,-34],[-45,41]],[[48350,11275],[15,-73],[-74,-38],[-84,98],[143,13]],[[50894,11292],[-17,-98],[-132,-34],[-10,74],[159,58]],[[70055,11169],[-32,-27],[-83,26],[-45,146],[38,53],[122,-198]],[[51124,11344],[69,38],[77,-23],[-30,-129],[-72,18],[-44,96]],[[51518,11371],[52,17],[48,-45],[-51,-14],[-49,42]],[[51742,11448],[73,-25],[-9,-33],[-64,58]],[[57434,11389],[15,-115],[-100,-15],[-131,47],[-7,91],[102,83],[89,-15],[32,-76]],[[50391,11495],[15,-63],[-83,-154],[-62,180],[28,34],[102,3]],[[53052,11492],[-49,-17],[-76,37],[125,-20]],[[70177,11521],[25,-16],[-75,-49],[50,65]],[[54512,11688],[109,-22],[-97,-61],[-46,-129],[-158,116],[47,62],[145,34]],[[63298,12921],[-23,-32],[-106,-1],[41,58],[-18,-30],[106,5]],[[83517,13306],[56,5],[-104,-43],[14,46],[34,-8]],[[83646,13373],[-5,-28],[-63,-10],[68,38]],[[73794,13394],[78,-84],[-91,-56],[-99,127],[24,27],[88,-14]],[[63548,13407],[-3,-36],[-126,-15],[18,63],[111,-12]],[[74041,13417],[35,-9],[-50,-38],[-72,23],[26,38],[61,-14]],[[73667,13495],[39,-21],[-40,-24],[-40,23],[15,49],[26,-27]],[[77385,13599],[101,-18],[-45,-40],[-56,58]],[[77056,13590],[-109,13],[43,31],[66,-44]],[[95173,13556],[-22,-42],[-71,79],[2,82],[91,-119]],[[77862,13747],[-15,-53],[-48,1],[35,61],[28,-9]],[[76921,13791],[31,-50],[-34,-41],[-139,-9],[-31,25],[48,77],[125,-2]],[[77999,13950],[58,-11],[-12,-39],[-157,6],[111,44]],[[75693,13993],[48,-47],[-103,-10],[-4,52],[59,5]],[[77934,14166],[103,14],[88,-66],[-79,-109],[-186,14],[1,70],[73,77]],[[78691,14172],[31,-38],[-64,-1],[-19,90],[-91,41],[2,53],[102,-33],[39,-112]],[[86537,33630],[-111,76],[-96,-77],[-176,20],[-266,-48],[-75,-30],[-253,-216],[-203,-109],[-170,-25],[-136,48],[-50,-23],[-130,-159],[-150,-108],[-46,-75],[-132,-49],[-44,-50],[-29,-67],[-40,-237],[-118,-214],[-40,27],[-63,-68],[-37,86],[-115,-20],[-13,-37],[-59,25],[-25,-61],[-46,1],[-24,115],[-59,-44],[-128,47],[-214,-45],[-47,-47],[-109,28],[-119,-124],[-29,-99],[25,-41],[-42,8],[-12,-72],[-18,29],[-19,-50],[-109,46],[14,-28],[-45,-33],[-1,-45],[-78,-60],[-12,-92],[-66,-26],[10,-41],[-101,-9],[46,-32],[-19,-19],[-69,43],[-18,-53],[-119,75],[-14,-32],[-112,32],[-27,-24],[-68,58],[30,5],[-32,48],[-3,-35],[-111,47],[-17,77],[-113,182],[-68,50],[-40,-37],[-28,58],[-13,104],[4,323],[58,-71],[48,8],[95,207],[-2,45],[-10,-54],[-18,360],[27,86],[-17,-83],[21,-71],[-15,87],[30,15],[-15,38],[6,117],[-17,35],[23,50],[-16,285],[-177,673],[-33,283],[10,318],[-38,213],[-66,156],[-21,182],[-101,239],[-19,141],[13,101],[-37,214],[-117,369],[-77,149],[-43,152],[33,-48],[8,138],[22,-223],[-6,213],[9,-94],[16,10],[9,-185],[16,111],[6,-160],[17,72],[12,-122],[56,75],[4,103],[-86,146],[-5,86],[-38,122],[26,126],[2,-52],[65,-164],[-8,-180],[19,-5],[15,49],[1,102],[16,-19],[-1,-82],[32,-156],[23,-33],[36,75],[-13,195],[22,-6],[-2,85],[-29,30],[-98,356],[-31,38],[-24,217],[-59,181],[19,290],[40,165],[46,96],[-6,170],[16,133],[-13,82],[-28,35],[-3,87],[101,413],[45,33],[-27,-215],[9,-89],[17,8],[-13,-108],[16,-10],[29,45],[15,-29],[44,190],[0,92],[15,-22],[26,115],[232,197],[41,103],[53,55],[33,96],[59,52],[13,71],[71,18],[69,90],[25,71],[15,-2],[-17,-68],[20,-32],[83,67],[8,-45],[47,-31],[107,40],[115,174],[182,43],[80,181],[102,-19],[36,-38],[40,60],[176,55],[211,199],[109,260],[34,149],[-8,57],[43,31],[-10,44],[22,69],[27,-1],[126,216],[-5,61],[-49,3],[10,154],[-17,84],[2,128],[35,146],[52,60],[2,37],[34,-29],[-19,63],[16,47],[66,0],[-21,44],[5,63],[68,126],[14,-45],[-20,-16],[-2,-83],[12,6],[6,-45],[25,4],[-11,-48],[16,-22],[-2,-61],[32,-58],[88,-332],[-2,132],[21,102],[-18,52],[4,63],[89,-133],[-33,124],[19,-15],[-6,46],[31,68],[-45,-36],[-23,86],[-56,50],[28,62],[-27,-11],[-24,43],[61,-20],[-16,12],[19,12],[-42,44],[58,-13],[-23,38],[23,-10],[0,28],[-48,39],[6,46],[59,13],[10,-21],[-11,-10],[16,-8],[-27,-16],[36,-40],[1,-59],[8,53],[28,-23],[-2,57],[-21,36],[60,-32],[26,-71],[34,-7],[12,33],[144,-30],[-140,42],[9,157],[24,-69],[21,36],[4,124],[34,53],[-34,0],[-34,-110],[-14,99],[-9,-28],[-8,114],[14,32],[-14,55],[27,33],[44,-21],[2,51],[12,-33],[14,67],[-17,3],[-2,59],[26,-20],[-5,-28],[16,24],[7,-36],[27,-4],[21,-35],[-4,-32],[19,-12],[4,28],[34,-39],[-31,57],[19,61],[-29,18],[-33,-34],[-9,25],[47,77],[-52,-50],[-8,63],[50,23],[-6,75],[20,1],[26,-112],[0,87],[34,-74],[40,1],[-18,50],[18,25],[-68,36],[34,35],[-29,23],[-19,63],[46,58],[-19,12],[32,67],[-1,-63],[13,39],[13,-57],[16,85],[26,-31],[5,182],[35,-24],[-21,-36],[7,-100],[-12,-74],[18,81],[4,54],[4,-40],[32,7],[-5,-66],[22,-38],[4,69],[31,0],[-15,79],[22,18],[1,66],[24,59],[-44,36],[-3,46],[32,-20],[-21,61],[36,-1],[-11,-55],[30,35],[-15,-74],[13,2],[-6,-45],[27,-41],[16,26],[-14,28],[10,45],[55,75],[11,-8],[-32,-78],[21,3],[-10,-24],[31,-67],[13,95],[12,-32],[11,28],[-7,51],[41,20],[-30,91],[18,13],[8,-29],[6,44],[25,11],[18,-31],[31,-110],[10,51],[9,-40],[11,33],[26,-40],[0,35],[24,-24],[9,-66],[60,-70],[78,-227],[16,7],[63,-91],[-13,-11],[2,-53],[-21,-14],[-26,-370],[22,41],[6,140],[46,-127],[-26,199],[33,88],[10,-77],[4,31],[15,-32],[9,-2],[-3,111],[-14,27],[40,29],[158,-88],[23,-44],[-9,-139],[19,31],[-2,-39],[14,75],[-10,156],[69,-56],[30,-136],[17,20],[22,-34],[-32,145],[11,63],[38,-16],[54,32],[3,46],[-64,-54],[10,32],[-24,-12],[-34,98],[56,48],[-34,-26],[-37,18],[-49,78],[4,46],[33,107],[-3,53],[29,-24],[6,55],[7,-22],[29,25],[-6,72],[28,61],[-8,50],[29,137],[22,-54],[45,40],[34,79],[22,-13],[-59,105],[2,129],[53,20],[10,135],[45,10],[-3,33],[22,-65],[30,5],[-37,42],[16,14],[-11,117],[57,-20],[2,-86],[6,27],[24,-59],[3,24],[16,-16],[-26,65],[26,-14],[-40,79],[23,39],[40,-23],[-7,130],[65,-51],[10,110],[14,-101],[28,-40],[125,42],[45,-52],[54,87],[7,-42],[28,7],[12,-50],[-10,-44],[18,46],[-3,83],[34,37],[54,-24],[-34,38],[5,126],[-16,37],[28,75],[-32,25],[-24,77],[-34,24],[-74,-51],[-18,60],[-26,14],[8,25],[-58,24],[32,79],[16,-45],[12,14],[1,56],[36,-46],[-2,-71],[9,17],[9,-60],[17,39],[-24,116],[38,-75],[-2,61],[18,23],[10,-93],[27,29],[55,-158],[44,62],[17,-11],[-7,47],[12,3],[71,-214],[50,9],[-6,-41],[23,21],[19,-39],[15,24],[0,-67],[75,87],[32,-4],[6,-21],[-26,-56],[28,-34],[31,40],[9,-48],[14,28],[16,-39],[-3,-74],[28,62],[40,-52],[45,-3],[49,67],[26,-103],[99,-101],[-14,42],[47,-10],[-32,31],[40,60],[61,-6],[35,46],[-36,-23],[3,54],[50,26],[35,92],[1,-52],[-52,-88],[56,20],[-74,-135],[22,-63],[42,92],[9,-17],[39,68],[-33,-86],[11,-30],[24,19],[-21,-75],[13,-60],[70,29],[22,111],[-52,30],[110,158],[-28,-52],[17,-4],[36,-155],[23,-1],[-18,35],[22,23],[32,-34],[15,-72],[15,2],[-59,-113],[10,49],[-18,-11],[5,-57],[-19,-80],[-23,-1],[1,-67],[-15,49],[-7,-34],[-17,18],[52,-128],[-45,12],[19,-48],[-26,-106],[-42,-38],[19,48],[-16,103],[-6,-67],[-17,19],[-25,-77],[-3,81],[-26,-109],[-13,56],[-34,-64],[23,-57],[-31,-18],[-3,-83],[22,-43],[-11,-22],[24,-17],[30,46],[-43,-171],[-4,-136],[-42,-40],[-66,-222],[-43,-42],[23,-111],[215,-283],[14,-87],[89,-88],[36,-87],[-2,-42],[58,1],[18,40],[103,-148],[107,-75],[33,-107],[89,-150],[229,-114],[41,-79],[2,-98],[30,-84],[46,-15],[156,-191],[145,44],[90,109],[28,243],[70,182],[65,369],[-15,77],[17,161],[63,367],[-40,304],[21,213],[-36,143],[16,170],[46,184],[-30,153],[47,96],[16,87],[20,-29],[16,-110],[-10,88],[29,24],[-52,35],[42,40],[-49,3],[-29,44],[15,28],[-24,4],[11,-56],[-30,2],[35,178],[26,-2],[-16,16],[22,116],[22,30],[2,-87],[13,39],[19,-2],[-24,83],[51,322],[6,223],[47,28],[31,100],[31,23],[20,-37],[-28,-57],[-4,-55],[25,47],[21,-79],[21,16],[36,-235],[-14,-55],[11,-206],[36,-56],[31,18],[41,-38],[-46,-104],[-2,-104],[49,-34],[11,-84],[39,-45],[-21,-155],[51,28],[-11,-140],[26,-258],[-18,-130],[43,-152],[27,-224],[44,-63],[61,80],[11,71],[28,-36],[38,36],[13,51],[28,-60],[-2,-57],[15,14],[-5,-74],[17,-50],[62,-34],[36,-110],[54,-16],[15,-66],[19,3],[-31,-129],[10,-48],[22,0],[-29,-103],[34,-185],[-3,-88],[29,-91],[2,-115],[-19,-105],[90,-206],[14,-108],[18,61],[32,5],[-20,-107],[74,-330],[-39,-348],[26,-65],[23,-18],[7,-77],[36,-7],[-19,-187],[17,-62],[159,-199],[29,30],[4,43],[31,-134],[79,-2],[-5,63],[44,-134],[1,-97],[33,-71],[28,-4],[-9,83],[20,-13],[29,-106],[40,12],[58,-51],[-4,-68],[38,-66],[17,7],[-5,72],[32,5],[14,-93],[10,28],[10,-63],[27,20],[43,-170],[-19,4],[-16,55],[-14,-23],[-16,19],[6,-35],[-17,-41],[22,-85],[29,-34],[-5,-65],[13,28],[51,-32],[-9,-45],[35,-11],[22,-54],[-9,-75],[26,-36],[-1,-67],[15,-15],[-14,-50],[29,4],[9,-46],[16,28],[-14,-146],[42,-284],[31,-36],[-10,-86],[42,67],[65,-154],[-34,200],[36,90],[39,-137],[115,-133],[-18,140],[21,19],[12,-49],[4,35],[23,-65],[-23,-20],[0,-33],[15,-37],[12,56],[14,-97],[-11,-131],[-14,-4],[8,-130],[21,-52],[-15,-35],[27,-103],[-19,-12],[20,-36],[35,3],[49,-137],[25,-11],[45,-105],[27,-9],[3,-40],[9,27],[31,-31],[-14,69],[25,-22],[-3,-24],[16,21],[95,-328],[97,-123],[10,-112],[35,-83],[-18,-20],[96,-63],[5,-74],[-17,-34],[26,22],[1,-35],[-23,-102],[38,-87],[0,-82],[11,87],[17,-67],[23,-1],[-36,-220],[17,-44],[-7,-146],[27,-248],[-35,-19],[-12,-48],[22,-2],[-15,-65],[29,-31],[65,-256],[12,10],[-13,-94],[48,-138],[-3,-179],[19,-90],[-7,-119],[-36,-76],[-35,-162],[-15,-314],[-70,-384],[-15,-139],[27,-111],[-42,-320],[-52,-207],[-56,-116],[-2,-229],[-68,-68],[-28,-54],[7,-25],[-44,-1],[36,-15],[-1,-24],[-107,-73],[-64,-230],[-15,-20],[0,38],[-17,-25],[13,-32],[-22,-97],[-53,-4],[-2,-42],[21,22],[-1,-45],[12,18],[-10,-120],[-16,-18],[10,-55],[-9,-30],[-13,26],[-30,-32],[38,-15],[-73,-128],[-14,-129],[-33,-35],[32,-32],[-52,-156],[32,-117],[-10,-19],[-6,55],[-25,-7],[18,-88],[-57,-20],[-73,-293],[-28,-2],[13,-61],[-25,-38],[0,-94],[-19,-13],[18,-17],[-1,-119],[-59,-294],[4,-133],[-19,-20],[34,-31],[16,-68],[-29,-9],[10,-122],[-25,-30],[-49,19],[13,-40],[-25,-61],[-52,-53],[-329,-24],[-152,-93],[-253,-403],[-173,-17],[-12,-24],[29,-88],[53,57],[-11,-121],[13,-25],[-25,-47],[-59,160],[-25,28],[-47,-50],[-46,142],[27,-24],[-12,29],[-59,-17],[-23,59],[-39,24],[13,63],[38,24],[-26,87],[-58,-4],[-8,-99],[-32,4],[-47,-60],[-74,102],[35,-27],[50,22],[38,105],[-3,62],[-48,106],[-116,-141],[-40,-3],[42,-35],[50,19],[-15,-81],[-69,-9],[-241,-321],[-201,162],[-86,117],[-91,-14],[-63,67],[-52,12],[-36,-27],[6,-53],[-26,-23],[-21,37],[-29,-10],[3,50],[-71,103],[-51,42],[-72,-8],[-81,86],[-79,232],[-35,17],[-69,177],[13,31],[-32,100],[47,61],[4,122],[-80,322],[-103,189],[-78,98],[23,-5],[125,-197],[32,-70],[30,-103],[-55,191],[-120,169],[31,58],[22,-26],[-1,-82],[30,2],[5,54],[-38,49],[40,11],[0,64],[-51,36],[-61,-57],[20,-60],[-66,20],[55,-37],[-68,5],[-60,-62],[-92,-14],[-26,29],[9,46],[83,114],[21,175],[-5,143],[15,5],[-71,160],[-60,216],[-51,-229],[-40,-348],[-22,-29],[-68,36],[-71,-71],[-36,9],[-46,-39],[-11,31],[51,195],[103,-30],[16,21],[18,173],[-9,87],[-18,-4],[19,68],[-9,115],[27,39],[15,121],[77,161],[14,-11],[-33,206],[12,40],[51,29],[1,33],[-23,45],[-6,145],[-24,31],[-21,103],[1,-267],[-41,12],[-50,-102],[-63,-296],[-57,-44],[-20,27],[-18,-41],[23,1],[-99,-87],[-66,-98],[-39,-135],[-26,-27],[-10,-104],[-9,31],[-37,-30],[-15,-135],[-23,-21],[60,35],[-14,-152],[-50,86],[-42,-54],[-49,127],[-38,26],[-9,54],[-50,-2],[28,95],[45,-113],[37,9],[-18,38],[-14,-13],[-17,200],[-27,49],[8,80],[-116,211],[6,87],[-52,142],[15,4],[-6,31],[-35,15],[13,-58],[-42,52],[-33,2],[-7,-30],[-28,91],[-23,11],[17,16],[-6,31],[-34,10],[18,54],[-16,70],[40,-7],[-1,-46],[23,73],[-41,128],[-79,-52],[1,66],[22,25],[-83,166],[-24,-41],[-40,22],[21,-38],[-62,-11],[-82,63],[-56,92],[-72,5],[-12,-51],[-66,-2],[-194,246]],[[85599,43142],[8,-58],[-17,32],[1,56],[8,-30]],[[85670,43219],[7,-47],[-23,47],[-1,50],[17,-50]],[[87467,44888],[7,-34],[-15,46],[8,-12]],[[87057,45157],[21,-6],[-34,-34],[13,40]],[[87076,45236],[10,-28],[-33,-24],[0,32],[23,20]],[[91110,26935],[-32,57],[-25,-64],[-26,46],[13,33],[-33,37],[18,61],[19,-58],[35,1],[-13,77],[-85,37],[7,-81],[-34,-39],[11,79],[-15,-11],[-39,86],[21,-85],[-7,-67],[-22,8],[1,-130],[-26,-9],[-20,22],[4,44],[-13,-27],[-12,51],[-12,-10],[-2,-39],[37,-58],[-38,-24],[26,-9],[-37,-42],[26,-28],[-32,-31],[7,-46],[-60,-10],[-43,92],[-12,-37],[-61,1],[-15,27],[-14,-32],[-11,20],[-35,-27],[-22,108],[39,6],[21,-35],[19,55],[-17,24],[-39,-27],[-30,74],[-14,-44],[16,-9],[-26,-2],[-28,111],[-61,81],[-44,177],[-24,27],[-22,235],[69,-105],[10,-77],[24,98],[-26,9],[-33,103],[-21,-44],[-12,16],[-6,132],[-79,152],[-48,166],[-40,241],[28,72],[4,133],[13,-50],[61,-10],[37,-44],[36,17],[6,41],[20,-71],[50,-1],[80,-105],[151,-81],[53,21],[11,-28],[44,66],[18,-52],[36,-5],[-31,38],[3,34],[52,37],[41,-18],[32,38],[44,-39],[57,104],[65,-26],[28,79],[62,-60],[34,-93],[-16,-25],[14,-129],[-18,-45],[27,32],[-26,-293],[28,-233],[-11,-42],[-18,19],[17,72],[-44,35],[22,30],[-17,34],[-13,-66],[23,-18],[-34,-4],[-36,-138],[19,5],[-7,-105],[-33,-18],[18,-101],[-30,-84],[20,-13],[1,29],[24,-40],[-16,-95],[14,-91]],[[94136,20439],[19,24],[-34,-162],[15,138]],[[90926,26872],[-6,-92],[-28,49],[-18,-49],[-16,51],[22,-27],[1,57],[14,-15],[22,71],[9,-45]],[[90944,26993],[10,-62],[-21,-11],[7,35],[-27,25],[19,45],[12,-32]],[[91150,27296],[9,-25],[-46,-60],[4,80],[33,5]],[[91193,27468],[12,-28],[-31,32],[19,-4]],[[90281,28411],[14,-24],[-53,-3],[16,58],[23,-31]],[[91142,28494],[38,20],[-16,-62],[-22,42]],[[90219,28553],[-14,-98],[-9,59],[23,39]],[[90249,28526],[-19,23],[25,28],[-6,-51]],[[91230,28581],[15,-32],[-40,-43],[-4,39],[-91,10],[21,39],[69,27],[30,-40]],[[91114,28709],[-36,69],[-1,78],[-34,9],[54,97],[60,-129],[36,-15],[-21,-95],[21,16],[8,-71],[-31,10],[-25,-38],[-31,69]],[[90028,28858],[2,-80],[-58,-55],[-18,120],[30,195],[45,-50],[-1,-130]],[[90729,29512],[-25,-23],[-18,28],[43,-5]],[[90370,29654],[5,-35],[-25,30],[-42,-7],[46,46],[16,-34]],[[90400,29765],[13,-30],[-38,-34],[-19,15],[4,61],[40,-12]],[[88368,31205],[-22,-59],[-63,32],[-54,-27],[-7,-66],[-40,-33],[-64,59],[-24,-36],[-118,-12],[-51,87],[18,89],[205,101],[80,0],[-12,-36],[19,-8],[-19,-39],[55,-7],[9,-42],[35,49],[53,-52]],[[87825,31669],[8,-37],[-32,73],[24,-36]],[[87373,32417],[-19,-41],[2,41],[17,0]],[[87101,33218],[4,36],[26,11],[-30,-47]],[[92634,36044],[18,0],[-26,-176],[-15,-3],[-1,134],[10,57],[14,-12]],[[92613,36087],[-14,158],[25,28],[-11,-186]],[[81448,36820],[-2,-42],[-71,211],[2,168],[49,-233],[-6,-44],[28,-60]],[[81430,37477],[-9,-40],[9,138],[0,-98]],[[92602,37441],[-88,-465],[-30,123],[34,146],[-15,68],[59,106],[4,66],[-29,55],[40,71],[1,-105],[24,-65]],[[92047,38114],[3,-34],[-14,74],[11,-40]],[[92018,38203],[8,-47],[-23,-18],[-65,168],[25,23],[35,-50],[12,26],[8,-102]],[[91590,38966],[11,-14],[-12,-43],[1,57]],[[91815,39004],[-15,-40],[-1,74],[16,-34]],[[91747,39312],[21,8],[-7,-26],[-14,18]],[[91749,39347],[-15,0],[0,32],[15,-32]],[[82073,39894],[-16,-71],[-28,-10],[34,116],[10,-35]],[[91414,40073],[6,-35],[-17,-28],[11,63]],[[91407,40133],[-39,16],[16,78],[23,-94]],[[91376,40231],[-9,-20],[-12,24],[23,55],[-2,-59]],[[90794,40823],[-12,-34],[-11,25],[23,9]],[[90643,41246],[-2,-56],[-24,8],[-7,52],[-28,75],[33,-19],[3,46],[21,-23],[4,-83]],[[88766,42019],[2,-35],[-40,-24],[19,91],[19,-32]],[[88814,42363],[-7,-48],[-27,-16],[-16,41],[-18,-20],[10,-23],[-14,0],[-8,-62],[-13,13],[-27,-47],[-34,35],[-10,-53],[6,80],[34,84],[82,43],[42,-27]],[[87963,42812],[12,-23],[-14,-44],[-13,38],[15,29]],[[87999,42824],[10,-23],[-15,5],[-14,-41],[0,55],[19,4]],[[88076,42761],[-1,-55],[-25,78],[-13,-6],[16,74],[25,-34],[-2,-57]],[[87948,42883],[-8,-55],[-25,4],[8,54],[25,-3]],[[88026,42855],[-13,-27],[9,79],[4,-52]],[[84560,43048],[4,-32],[-27,5],[23,27]],[[84604,43002],[20,-36],[-33,-26],[14,38],[-34,8],[31,67],[2,-51]],[[84701,43209],[0,-32],[-17,33],[16,21],[1,-22]],[[87712,43270],[-22,-20],[11,39],[11,-19]],[[84776,43499],[2,-71],[-18,-31],[-12,57],[12,-6],[4,66],[12,-15]],[[87857,43939],[-15,-81],[-16,48],[-6,-44],[-11,13],[0,54],[14,-11],[8,42],[26,-21]],[[88041,43665],[-13,-67],[-73,10],[-60,49],[-28,-19],[31,62],[-7,174],[51,4],[10,21],[-16,51],[13,-18],[27,41],[-11,-56],[15,-55],[23,-6],[8,58],[17,-5],[-13,-90],[-25,-17],[12,-49],[-29,-25],[0,-31],[8,-36],[15,23],[26,-34],[27,35],[-8,-20]],[[87815,44095],[-12,43],[30,-58],[-16,-57],[-2,72]],[[86773,44880],[6,-35],[-19,20],[13,15]],[[87858,44936],[-6,-37],[-39,-11],[0,24],[45,24]],[[86838,45125],[6,-26],[-16,-16],[-21,40],[31,2]],[[87894,45204],[16,28],[-29,-75],[-55,-56],[25,67],[15,-18],[28,54]],[[86259,45091],[26,-57],[-37,-20],[-49,40],[-65,-33],[-19,29],[15,12],[0,49],[32,-3],[3,98],[-14,10],[55,99],[12,-117],[20,-41],[-3,-63],[24,-3]],[[86537,45260],[-18,-47],[1,-61],[-25,13],[-26,-84],[-92,-121],[-129,163],[-36,257],[9,29],[33,-82],[19,5],[-5,-62],[25,37],[10,-60],[63,72],[28,-59],[8,56],[29,38],[18,-87],[-4,89],[19,32],[8,-50],[35,16],[13,-81],[17,-13]],[[87989,45474],[-13,-95],[-50,-137],[-16,-2],[79,234]],[[86802,45405],[-6,75],[23,-1],[13,37],[0,-217],[-30,106]],[[89514,45689],[8,-27],[-26,-32],[-21,49],[22,54],[17,-44]],[[89516,45741],[18,-20],[-14,-17],[-4,37]],[[89525,45993],[11,-35],[-12,-34],[-19,10],[-2,51],[22,8]],[[89496,46027],[-13,-60],[-13,38],[13,39],[13,-17]],[[82080,33406],[17,-6],[-31,-9],[14,15]],[[90736,41037],[-23,-9],[3,45],[20,-36]],[[89653,46436],[-11,-34],[-31,17],[42,17]],[[89501,46511],[20,-27],[-36,9],[16,18]],[[38645,89323],[-66,15],[36,-84],[-45,-13],[26,-44],[47,-12],[-30,-16],[108,-84],[-9,-125],[77,-62],[-49,-17],[-25,36],[-49,-2],[-77,-44],[-76,22],[-60,-48],[162,-107],[19,48],[99,-33],[-12,-74],[-66,-15],[61,-16],[26,-132],[-131,4],[-136,91],[-29,-60],[198,-57],[38,-68],[-16,-23],[-59,38],[6,-25],[-42,3],[27,-47],[-65,71],[78,-91],[-36,-12],[-79,101],[48,-93],[-69,73],[-26,-21],[130,-107],[-116,71],[-51,70],[-52,-48],[61,-67],[-35,-6],[14,-24],[32,8],[43,-45],[16,-64],[-34,-17],[-130,90],[135,-126],[-117,20],[-52,79],[-17,-55],[55,-48],[106,-18],[-3,-39],[-39,4],[7,-52],[-72,19],[-2,-47],[-84,12],[4,74],[-43,-48],[-38,5],[50,-24],[-19,-29],[-26,27],[26,-73],[-32,39],[-14,-47],[-12,54],[-4,-49],[-123,38],[9,-34],[122,-65],[19,24],[63,-33],[11,-56],[-58,38],[0,-36],[108,-51],[-48,-8],[-177,86],[102,-109],[96,-12],[-14,-122],[-58,-36],[29,-16],[-36,-35],[60,39],[59,-8],[-25,-49],[-58,0],[63,-30],[-42,-63],[-69,-12],[-49,48],[-26,-22],[74,-46],[86,14],[-32,-31],[21,-29],[-36,7],[5,-43],[-180,19],[42,-37],[112,2],[31,-75],[-59,-63],[-172,27],[132,-35],[-37,-20],[69,8],[23,-36],[-168,8],[153,-63],[-273,16],[252,-40],[13,-35],[-41,7],[22,-46],[-83,-29],[-127,35],[189,-79],[-201,21],[210,-61],[-45,-49],[-86,4],[93,-20],[44,39],[-22,-45],[-88,-2],[88,-16],[-88,-19],[28,-23],[-71,29],[43,-46],[-23,-4],[-88,42],[-40,103],[8,-98],[-148,52],[8,-39],[87,-21],[13,-55],[22,47],[110,-41],[-73,-85],[38,28],[27,-12],[-3,33],[53,5],[2,-26],[-52,12],[70,-36],[-21,-20],[23,-20],[-64,-15],[48,-1],[13,-35],[-29,-11],[35,-21],[-139,22],[-10,30],[-10,-20],[-92,21],[-49,-11],[48,77],[-30,47],[1,-60],[-17,-19],[-32,48],[4,-83],[-55,-25],[-37,-91],[-21,69],[-13,-58],[-24,5],[-12,77],[-23,-26],[23,-49],[-49,50],[-42,-11],[25,39],[91,28],[-22,12],[102,197],[-115,-197],[-82,-52],[-3,45],[72,66],[23,87],[-30,-4],[91,153],[-50,-30],[-54,-112],[-60,-30],[-15,32],[57,97],[-120,-98],[104,134],[-52,-28],[-12,28],[-65,-146],[-2,39],[-23,-5],[22,34],[-38,-1],[30,36],[-45,-14],[-26,-62],[-28,36],[112,71],[-78,-3],[168,121],[-39,59],[-89,-139],[-44,-8],[33,41],[-32,12],[-41,-66],[-52,8],[98,86],[-86,-35],[181,84],[70,71],[12,61],[-42,-67],[-41,88],[7,-84],[-151,-108],[-17,40],[108,49],[-8,43],[32,1],[-43,1],[-28,44],[44,61],[-62,-55],[-48,11],[76,-58],[-54,-56],[-69,18],[34,-50],[-22,-12],[-49,63],[0,-43],[-46,-4],[10,-31],[-31,19],[21,-43],[-85,15],[49,-29],[-43,-50],[-32,12],[37,36],[-55,-24],[36,52],[-46,8],[14,17],[-61,-45],[-14,37],[-156,-53],[147,5],[-30,-29],[-137,8],[-2,24],[-81,-36],[151,107],[-198,-11],[156,32],[-27,26],[46,60],[-88,-60],[10,55],[-24,-29],[-22,31],[25,54],[59,28],[-70,-9],[-35,-106],[-41,15],[39,41],[-51,-28],[-11,55],[-32,-34],[83,93],[-93,12],[6,28],[-94,-48],[14,24],[-35,0],[57,31],[175,52],[-68,-8],[30,43],[-180,-87],[-27,22],[19,26],[-70,12],[16,27],[180,16],[-130,-8],[-2,43],[52,16],[2,39],[-77,-39],[11,60],[90,94],[-106,-78],[-15,-76],[-37,24],[50,79],[-70,-47],[28,62],[-23,5],[158,82],[-49,5],[9,27],[-27,-32],[14,76],[-38,-110],[-65,-21],[4,48],[-70,-46],[-8,26],[36,-4],[-22,18],[43,18],[-65,16],[101,-21],[-26,21],[37,35],[-15,19],[-35,-35],[-58,4],[108,63],[-73,-10],[0,33],[-16,-31],[-76,-4],[26,35],[-27,-9],[-5,42],[-29,-25],[-85,107],[124,225],[-73,-68],[-17,17],[-21,-59],[8,84],[150,121],[-133,-59],[-58,-96],[68,131],[-30,14],[-7,-37],[-53,-17],[-40,17],[34,20],[-32,47],[58,54],[94,23],[-81,5],[-38,-32],[-29,27],[-52,-16],[-37,-34],[38,63],[-62,-51],[12,50],[-33,1],[-3,56],[224,31],[-214,-19],[13,59],[-37,-56],[-24,40],[133,63],[-92,-16],[-13,60],[155,-12],[17,35],[-109,-23],[-50,19],[-30,-20],[6,-70],[-72,19],[32,52],[-65,35],[53,20],[-58,-6],[176,128],[-148,-70],[27,90],[-72,35],[81,-12],[-9,30],[133,18],[63,45],[61,-21],[62,39],[44,-57],[-30,79],[-109,-38],[53,104],[-125,-104],[-174,-55],[-58,27],[81,9],[-28,25],[-86,-2],[226,20],[29,23],[-55,12],[44,75],[86,-15],[-33,39],[99,-36],[46,33],[-125,11],[51,51],[-64,-16],[12,36],[-80,8],[22,24],[64,-8],[44,20],[-59,15],[50,12],[40,-16],[52,-114],[157,-83],[-133,107],[-16,63],[35,36],[-62,14],[57,85],[-78,-72],[-78,22],[-33,126],[-23,12],[-18,61],[39,46],[-52,-34],[-27,35],[27,-132],[46,6],[5,-52],[-19,-19],[36,-64],[-139,-82],[29,94],[-59,-12],[-127,-225],[13,-35],[-54,-50],[-79,0],[-15,144],[42,14],[-31,24],[37,34],[-33,-11],[-6,32],[33,-5],[-25,51],[72,64],[95,26],[80,88],[-127,-75],[41,59],[-38,18],[-42,-65],[24,-28],[-27,14],[-65,-54],[40,48],[-32,26],[-35,-70],[-9,64],[57,39],[-73,71],[48,12],[-28,31],[55,79],[-75,-66],[22,71],[-35,-21],[-2,32],[-57,-87],[25,48],[-34,27],[236,154],[-52,20],[60,46],[184,36],[79,-48],[52,17],[-61,-8],[25,32],[-72,16],[-139,-6],[-152,-57],[16,-67],[-155,-95],[13,73],[-47,-17],[39,106],[-63,-99],[-28,29],[70,74],[-62,-24],[36,43],[-14,54],[-37,-77],[-115,7],[100,71],[-107,-33],[158,108],[110,-59],[18,57],[71,39],[66,-42],[-33,53],[36,31],[-133,-50],[-26,-48],[-64,2],[-12,57],[-168,-86],[-23,35],[108,59],[-107,-48],[-59,24],[102,24],[-100,8],[202,130],[105,103],[106,27],[29,89],[119,38],[-22,19],[67,60],[264,0],[-124,4],[-51,48],[78,42],[190,-16],[-176,20],[87,36],[-160,-49],[-299,-191],[-47,-83],[-161,-97],[-79,-86],[-97,-50],[-86,15],[37,55],[114,32],[-140,-22],[-20,62],[55,66],[-40,-32],[5,52],[336,20],[-225,5],[-51,11],[22,27],[-36,12],[55,34],[189,6],[-48,23],[-106,-16],[-19,16],[154,30],[-59,13],[-64,-32],[25,51],[214,-6],[-65,19],[48,12],[-57,12],[13,35],[-97,-51],[-235,11],[-48,48],[167,0],[-166,19],[2,26],[114,23],[-158,-20],[35,57],[458,112],[177,-23],[105,-119],[231,38],[-50,21],[-183,-47],[-93,126],[112,36],[-238,-39],[-49,27],[-268,-73],[-21,37],[-172,-79],[7,129],[189,96],[-38,-4],[91,56],[-49,-18],[11,23],[125,13],[-64,13],[76,16],[137,-28],[55,-49],[143,25],[182,-106],[138,-16],[35,28],[-134,-3],[-89,54],[165,77],[96,-22],[-98,26],[-201,-69],[30,20],[-112,43],[84,-8],[101,60],[86,-12],[18,24],[-144,38],[-29,-30],[44,7],[6,-27],[-133,-35],[-50,70],[104,-4],[-13,59],[-148,-27],[69,-63],[-16,-44],[-89,-28],[-41,20],[57,27],[-163,-7],[-31,30],[204,90],[-338,-104],[-209,-160],[-42,11],[52,105],[-41,53],[58,27],[-7,-28],[63,-3],[-51,50],[77,-31],[-28,12],[65,15],[-58,4],[-1,40],[104,11],[-103,5],[23,33],[38,9],[87,-55],[39,-14],[106,-9],[41,28],[-39,-15],[-154,21],[-106,71],[6,40],[-96,-15],[42,19],[54,7],[185,-74],[-91,72],[234,-85],[199,14],[180,-95],[117,24],[-115,13],[-135,70],[31,20],[-46,-12],[-93,55],[133,-7],[-118,38],[63,23],[-6,65],[91,57],[-106,-53],[-116,-1],[118,-67],[-339,-66],[-19,62],[-79,-7],[47,-21],[-24,-15],[-62,27],[97,51],[-209,-45],[-14,34],[84,-8],[185,87],[2,28],[-56,5],[118,27],[20,-17],[65,28],[6,-43],[199,27],[31,11],[-11,68],[59,-47],[16,35],[-52,32],[94,55],[-177,-48],[91,107],[-61,-32],[29,146],[92,-6],[-68,-49],[100,20],[71,-94],[-28,67],[35,-16],[24,35],[12,-56],[13,37],[-23,32],[-46,-11],[-74,38],[147,19],[-1,40],[-85,-12],[29,75],[-63,-71],[-89,-24],[-56,19],[69,44],[-34,27],[43,9],[-9,67],[50,17],[56,-25],[4,32],[74,11],[-188,-9],[29,82],[102,-25],[-7,28],[-100,10],[0,28],[56,40],[112,-15],[-40,73],[-72,21],[99,64],[-284,-43],[48,42],[63,-7],[-100,28],[-61,-61],[-31,36],[-214,13],[-80,95],[-173,78],[-219,35],[-169,139],[131,100],[201,-44],[179,3],[344,-188],[273,-56],[-32,39],[43,78],[-68,-67],[-61,3],[-28,25],[36,9],[-107,50],[43,33],[86,-68],[-7,35],[48,-15],[-65,54],[88,6],[-124,7],[6,59],[-36,-41],[-66,22],[54,48],[164,-59],[-70,60],[18,33],[-76,-17],[-232,104],[35,26],[173,-62],[81,36],[-155,23],[70,48],[-283,-12],[94,69],[99,9],[-26,60],[-253,-117],[81,63],[1,53],[252,69],[-93,14],[-206,-79],[-157,28],[81,61],[255,44],[37,66],[-144,-60],[-113,14],[-2,34],[-190,8],[102,72],[59,101],[-92,-46],[9,-48],[-102,-42],[-14,154],[-83,48],[-41,108],[82,27],[-113,-19],[156,-277],[-67,-57],[-77,-6],[42,-55],[-94,40],[71,-95],[-29,-62],[-232,-49],[-127,83],[35,-63],[-47,-4],[-74,58],[-4,92],[-93,24],[122,69],[50,-20],[-13,66],[133,18],[82,69],[48,109],[-72,-118],[-77,-49],[-97,-3],[-94,36],[16,28],[75,15],[-29,24],[139,83],[-19,63],[74,4],[-72,14],[17,22],[-94,-39],[-26,63],[-46,-44],[-47,32],[53,44],[159,-33],[165,8],[-113,9],[-28,31],[-58,-18],[28,50],[76,8],[-69,31],[82,12],[-46,24],[63,23],[-110,4],[89,28],[-49,95],[-69,0],[4,41],[-42,-34],[-147,34],[9,31],[58,-6],[6,48],[81,-4],[-89,43],[59,73],[44,-13],[-190,149],[-82,15],[63,17],[-55,4],[22,44],[97,-26],[-93,81],[84,8],[-129,55],[38,32],[-122,23],[59,31],[21,92],[-122,-66],[-209,-36],[43,42],[233,64],[-109,35],[160,15],[-183,44],[181,24],[-22,41],[-102,18],[33,31],[-113,36],[-31,-22],[-47,38],[12,36],[36,-21],[53,28],[-73,63],[-65,-9],[-112,65],[-124,18],[61,65],[-140,78],[50,60],[-126,-32],[148,88],[-72,37],[24,53],[-68,4],[38,39],[-165,-18],[-16,43],[-51,-5],[3,65],[-139,-45],[50,67],[-39,30],[-65,-26],[-43,62],[-105,20],[-65,-39],[-38,91],[-360,37],[-28,39],[-30,-26],[-100,8],[-15,-34],[-16,60],[-144,42],[-101,-114],[-84,-24],[-38,107],[-72,15],[13,-51],[-86,-4],[27,-67],[-120,24],[10,-41],[-98,40],[-3,-86],[-149,43],[69,96],[-149,10],[-66,-115],[-89,46],[18,30],[-118,24],[-59,-55],[228,-147],[-534,96],[-17,50],[-89,2],[-231,145],[247,97],[195,-1],[13,57],[-349,-4],[-214,53],[-13,42],[144,95],[-60,2],[-213,-128],[-129,63],[86,24],[-117,-4],[-69,35],[43,83],[137,8],[-57,24],[325,27],[923,-72],[59,36],[-560,17],[-247,39],[204,59],[259,4],[185,-15],[152,-60],[-122,95],[150,9],[20,35],[-170,130],[-133,-28],[-125,-85],[-212,-14],[-104,98],[33,-88],[-170,-37],[-296,71],[214,64],[3,42],[-156,-50],[-168,4],[168,102],[-345,-50],[17,67],[-76,-18],[-26,40],[-80,-21],[-93,29],[-16,67],[-211,59],[166,75],[-109,16],[73,118],[287,71],[209,-26],[16,56],[233,62],[152,-2],[59,46],[102,-25],[-91,74],[297,64],[78,-22],[70,58],[386,-21],[92,21],[265,224],[-59,286],[351,74],[-105,6],[-18,53],[-70,-86],[-125,-19],[-106,13],[-155,-48],[-158,61],[-171,-33],[-121,151],[194,81],[8,51],[196,66],[146,-2],[-46,30],[171,45],[80,113],[239,39],[76,53],[243,-225],[-151,175],[48,86],[265,-7],[181,-77],[130,31],[-65,141],[149,73],[-189,146],[48,40],[337,77],[342,-49],[43,-103],[288,-53],[126,-96],[205,-50],[-359,180],[-109,9],[-96,122],[-273,72],[759,128],[131,-35],[85,62],[190,-13],[45,-54],[-40,68],[-97,5],[323,52],[246,-148],[-35,-340],[204,188],[6,107],[428,-77],[407,-169],[85,20],[-395,179],[335,-49],[109,32],[-318,131],[-146,205],[582,-32],[402,-165],[433,-76],[-6,-52],[379,-111],[136,48],[-154,59],[60,25],[-115,7],[147,63],[-110,50],[64,59],[92,15],[536,-60],[-426,73],[20,44],[-551,206],[1028,-12],[120,-159],[-79,144],[89,10],[375,-103],[118,-119],[12,81],[-53,110],[-285,47],[-1036,47],[-99,33],[27,-39],[-313,2],[-222,65],[253,-24],[-200,47],[53,28],[150,26],[240,-93],[103,20],[347,-32],[-454,71],[-110,57],[107,18],[113,-36],[22,41],[499,-44],[-320,59],[308,4],[-102,32],[165,10],[257,-50],[-53,-59],[73,27],[272,-88],[348,-14],[228,-124],[-134,148],[507,3],[-420,34],[529,49],[-501,32],[-43,131],[285,-44],[-69,43],[132,42],[316,-84],[-81,102],[416,-1],[150,40],[50,-37],[44,35],[148,-81],[-50,72],[422,27],[52,-36],[460,17],[384,-39],[33,-32],[144,25],[-82,-26],[101,-32],[114,8],[-65,21],[760,-100],[-103,-47],[-1310,-45],[-396,-44],[-355,57],[263,-70],[-855,-68],[12,-98],[160,89],[257,9],[39,-73],[79,87],[493,29],[45,-37],[76,52],[359,60],[543,-45],[424,12],[388,57],[130,-97],[-110,-84],[-201,-45],[538,82],[-25,-89],[178,52],[150,-54],[54,26],[364,-102],[-18,-41],[-287,-124],[-403,-35],[-1657,-81],[-150,32],[-330,15],[359,-29],[107,-41],[-739,-124],[-43,-111],[159,-6],[130,89],[525,65],[66,-33],[142,63],[355,36],[873,-43],[-24,-119],[-555,-138],[88,-66],[728,184],[100,-16],[58,175],[519,31],[84,-179],[-64,-143],[-725,-538],[215,83],[33,88],[562,205],[305,177],[40,88],[21,-37],[180,-13],[-132,-135],[260,75],[186,-58],[1,36],[85,-45],[111,14],[35,99],[155,26],[-7,69],[332,51],[381,-15],[375,-67],[331,-127],[-549,-263],[-333,-16],[98,-99],[-311,-60],[-28,-39],[-456,9],[-49,34],[-301,-95],[-319,62],[-209,-57],[-173,-5],[130,-13],[7,-43],[240,101],[398,-83],[322,53],[317,-94],[-143,-75],[-29,21],[-20,-62],[-396,-33],[-445,57],[-194,-90],[57,-12],[-127,-140],[90,-11],[37,-82],[134,55],[77,-38],[-110,-304],[91,122],[10,-69],[100,-27],[-21,-44],[-60,12],[-16,-42],[-89,10],[-91,-47],[-1,-113],[-156,14],[-35,-49],[-112,2],[36,-37],[-101,-47],[99,-23],[-131,-298],[-179,-229],[144,-9],[-36,-65],[178,244],[503,-167],[36,-48],[-101,-43],[-204,101],[-202,-27],[151,-70],[-53,-33],[-125,20],[205,-54],[-90,-31],[216,-12],[126,-88],[58,-1],[-5,76],[152,-22],[74,-88],[-22,-168],[-78,-78],[-121,79],[-403,62],[-77,-44],[-261,12],[265,-27],[-141,-20],[-94,-93],[-159,121],[-76,-12],[45,-48],[-121,-31],[117,-106],[49,75],[95,-33],[-79,-19],[115,-16],[-101,-35],[87,19],[-19,-36],[-154,36],[-44,-28],[88,-23],[168,19],[-19,-119],[148,27],[129,-92],[65,7],[-168,104],[149,-54],[153,20],[75,-70],[-13,-43],[-154,-40],[-385,-12],[-74,44],[-17,-32],[39,-20],[530,-14],[164,-116],[-74,-27],[75,-158],[-69,-155],[-115,25],[15,54],[-61,36],[-151,-24],[-266,169],[-165,44],[228,-127],[-295,59],[299,-69],[241,-135],[12,-32],[-184,-11],[-161,-79],[-188,107],[186,-121],[181,75],[136,-18],[-38,-126],[43,-61],[-135,-47],[248,15],[134,-53],[88,59],[4,-75],[115,-43],[-109,-124],[-72,-18],[-160,24],[-48,97],[-245,15],[-103,-16],[-135,85],[96,-103],[-79,-55],[-116,-4],[120,-36],[-84,-51],[46,-29],[-87,-18],[139,-47],[41,-198],[38,24],[-57,184],[88,24],[251,-99],[109,0],[-65,-101],[28,-134],[-310,7],[-8,-55],[-206,-83],[-315,107],[-144,88],[-18,62],[143,8],[187,-86],[51,-7],[135,45],[-174,-34],[-209,96],[-86,5],[-55,44],[-78,-24],[-32,-137],[-135,41],[-15,61],[-193,138],[39,-84],[236,-181],[-164,-14],[-115,-116],[-123,-18],[-71,57],[-117,2],[-141,90],[-35,-32],[295,-118],[-88,-60],[-104,32],[-177,-32],[89,-14],[-22,-106],[62,116],[169,-14],[58,54],[124,3],[263,-68],[-24,-83],[-167,-25],[-96,-66],[-194,52],[-168,-15],[66,-24],[125,16],[84,-35],[-106,-32],[131,8],[-45,-88],[81,86],[182,66],[224,-89],[4,-103],[-120,-41],[-216,-8],[173,-18],[-61,-154],[91,139],[98,41],[78,-7],[203,-98],[-15,-21],[30,15],[-13,-77],[52,27],[143,-52],[-10,-38],[172,-49],[-167,-163],[197,95],[-66,-74],[16,-55],[106,105],[21,-23],[68,16],[-90,-63],[19,-25],[-100,-22],[9,-166],[96,131],[53,-16],[46,29],[-28,-38],[58,-27],[-53,-30],[70,-14],[-99,-31],[62,-10],[7,-67],[-37,33],[36,-43],[-171,-35],[177,11],[5,-35],[-87,-28],[116,-8],[-48,-89],[-51,7],[30,-21],[51,14],[-43,-37],[69,-16],[-61,0],[51,-20],[-53,-48],[82,-26],[-129,-89],[-23,63],[-99,-30],[-28,235],[-47,-77],[5,-160],[-198,-2],[-201,143],[-35,186],[-132,149],[9,52],[-128,-33],[-146,135],[-181,18],[-35,42],[-28,-48],[-79,-7],[-318,267],[-77,-7],[-114,78],[-24,-28],[96,-45],[-27,-39],[165,-18],[17,-20],[-64,0],[195,-89],[-22,-44],[-301,-44],[234,27],[147,-24],[-58,-31],[31,-21],[51,29],[96,-29],[246,5],[100,-63],[7,-55],[-26,-40],[-75,24],[50,-51],[-229,-112],[-300,-19],[-83,124],[-30,-24],[77,-98],[-212,21],[133,-58],[-34,-97],[-82,-49],[8,-36],[-247,-55],[-2,-43],[257,67],[13,-80],[414,65],[117,-60],[-105,-52],[-76,22],[-235,-132],[-121,27],[-89,-27],[11,-29],[120,13],[41,-35],[112,28],[13,-52],[46,1],[43,113],[84,52],[155,-34],[299,124],[-41,-31],[34,0],[-14,-47],[90,50],[31,-38],[285,-95],[414,-11],[73,23],[-75,-106],[-24,24],[-32,-42],[-83,13],[21,-47],[-73,32],[6,-36],[-65,-8],[84,-11],[-6,-43],[-93,55],[23,-63],[-189,2],[70,-28],[9,-82],[-46,-30],[-53,47],[-17,-21],[-81,24],[71,-38],[-2,-67],[-72,18],[-23,-49],[-79,41],[33,-67],[-42,-16],[36,-19],[-154,15],[-22,-30],[79,-17],[-25,-53],[-70,13],[12,-62],[-103,39],[30,-34],[-30,-14],[57,-24],[-70,-3],[32,-35],[-56,-7],[-43,-57],[-89,-1],[-17,-63],[-88,-15],[-28,30],[-85,-72],[-76,17],[23,-40],[-95,22],[-49,-32],[43,-16],[-49,-15],[-56,59],[-11,-67],[-93,28],[17,-44],[-59,12],[-96,-69],[-89,41],[21,-51],[-26,-28],[-39,27],[-40,-34],[27,-28],[-110,62],[-22,61],[-60,-54],[21,-40],[-86,2],[50,-18],[19,-65],[-79,-7],[-17,71],[-116,19],[90,-41],[12,-70],[-157,-12],[-108,70],[-2,-41],[-47,-9],[-46,79],[56,19],[-124,8],[-37,124],[-53,-19],[-48,104],[-4,-112],[82,-47],[38,-88],[-106,8],[111,-30],[16,-61],[-42,0],[31,-71],[-40,-3],[11,-41],[-112,10],[-107,-103],[-76,3],[40,-36],[-42,-49],[-44,3],[26,-87],[-90,-17],[64,-71],[-84,-14],[43,-13],[-6,-71],[-89,-28],[29,-24],[-62,4],[32,-24],[-39,1],[-4,-74],[22,-33],[-42,23],[-57,-136],[9,58],[-31,-44],[-13,88],[-31,-64],[34,-55],[-108,-130],[-12,24],[-37,-40],[-42,27],[3,49],[-34,-56],[55,-36],[-50,-12],[-63,51],[-40,-23],[-68,89],[43,-65],[-18,-36],[53,-12],[-42,-24],[33,-55],[-45,51],[10,-44],[-64,-11],[62,-8],[-53,0],[4,-43],[-54,-48],[-38,4],[6,24],[-16,-17],[0,33],[-24,-12],[6,-43],[-16,23],[7,80],[-54,-5],[9,-53],[-108,-34],[17,-26],[-46,-27],[-18,128],[-12,-91],[-32,1],[34,-51],[-44,7],[25,-32],[-138,99],[-48,-35],[34,55],[-19,39],[175,155],[-124,7],[-66,66],[-6,-38],[-74,-5],[125,-58],[-21,-27],[-64,11],[40,-24],[-71,-49],[41,-22],[-11,-79],[-51,19],[10,-33],[-34,-5],[-60,63],[15,-65],[91,-53],[-32,-94],[-55,10],[-20,-41],[17,50],[-30,17],[-7,-43],[-53,34],[40,-72],[-62,28],[-67,-36],[-75,111],[40,-89],[-30,10],[-8,-38],[-2,48],[-22,-50],[-23,68],[-45,15],[-39,-102],[-67,43],[2,-51],[-49,8],[119,-55],[-45,-30],[53,-65],[-43,4],[-32,-38],[24,-23],[-50,10],[52,-40],[-55,-5],[-41,-50],[-89,83],[-29,-67],[-47,39]],[[37680,86379],[-21,-16],[13,71],[-32,-40],[21,80],[60,-56],[-41,-39]],[[37721,86450],[-1,39],[55,-74],[-36,-4],[-18,39]],[[37457,86608],[-8,-63],[-61,-48],[14,115],[55,-4]],[[37484,86608],[-21,30],[36,9],[-15,-39]],[[37501,86626],[12,23],[-46,-81],[34,58]],[[37229,86773],[53,-4],[-54,-22],[1,26]],[[37252,86790],[-55,-32],[-33,19],[88,13]],[[37145,86833],[-40,-32],[21,-28],[-44,20],[63,40]],[[37068,86846],[-81,-13],[179,102],[7,-28],[-105,-61]],[[37075,86959],[28,-8],[-6,-30],[-22,38]],[[36622,86996],[-59,14],[91,-7],[-32,-7]],[[36475,87176],[48,-19],[-88,3],[40,16]],[[36343,87368],[19,-40],[-34,14],[15,26]],[[35921,88186],[-37,-22],[-18,31],[30,31],[25,-40]],[[35973,88216],[-47,-27],[17,44],[30,-17]],[[35537,88786],[51,2],[-45,-36],[-6,34]],[[35887,88995],[-93,-152],[-48,-18],[42,40],[36,144],[63,-14]],[[35750,88911],[-60,8],[69,96],[48,4],[-57,-108]],[[37859,86332],[17,-28],[-41,-22],[1,42],[-30,-56],[-5,60],[-26,-45],[-30,9],[43,83],[71,-43]],[[37998,86371],[-46,-32],[15,52],[31,-20]],[[37775,86383],[-40,-51],[0,48],[-15,-51],[-53,7],[55,68],[53,-21]],[[37950,86383],[-38,-47],[19,75],[19,-28]],[[38007,86430],[-13,-47],[-99,51],[26,-24],[-30,-67],[-22,44],[-14,-28],[-55,32],[54,33],[-60,-8],[-53,53],[16,20],[250,-59]],[[36744,86825],[-50,-44],[2,27],[-49,-17],[-46,57],[74,24],[69,-47]],[[38118,86907],[42,-3],[-92,-12],[50,15]],[[38310,87468],[-10,-56],[-47,-11],[57,67]],[[38249,87870],[39,4],[11,-47],[-50,43]],[[38323,87981],[48,-16],[-95,-3],[48,-1],[-1,-27],[-64,28],[-33,-27],[-17,38],[27,35],[87,-27]],[[38448,88121],[37,3],[-36,-80],[-1,77]],[[38464,88163],[35,20],[26,-24],[-61,4]],[[38552,88206],[-31,4],[38,-24],[-46,2],[-31,40],[70,-22]],[[38570,88279],[7,-41],[-33,43],[6,-36],[-34,34],[-20,-30],[-125,139],[50,14],[66,-85],[83,-38]],[[38674,88486],[30,0],[-38,-19],[8,19]],[[38702,88818],[-108,8],[65,46],[41,-11],[2,-43]],[[38849,88972],[-15,-31],[-82,35],[-21,106],[-66,87],[-7,57],[92,-57],[17,-51],[-31,-18],[48,-53],[-30,6],[1,-26],[94,-55]],[[39014,89451],[-6,-25],[-65,34],[14,24],[57,-33]],[[39661,89603],[52,-26],[-46,-1],[-6,27]],[[35295,89647],[25,-10],[-30,-44],[-59,-3],[-8,37],[72,20]],[[39740,89659],[-19,-53],[-60,56],[40,28],[39,-31]],[[39781,89769],[-17,-77],[-42,45],[59,32]],[[39596,89724],[23,-88],[-64,-25],[-31,33],[2,-47],[-56,9],[-22,65],[45,98],[61,17],[92,-80],[-50,18]],[[39791,89789],[69,27],[-37,-90],[-32,63]],[[40592,90317],[1,-15],[-30,5],[18,44],[11,-34]],[[40701,90527],[38,11],[-31,-37],[-7,26]],[[41746,91123],[-34,-44],[-46,19],[15,34],[65,-9]],[[35250,91257],[35,-8],[-5,31],[32,-25],[-21,-48],[-71,18],[30,32]],[[35567,91361],[42,-6],[-81,-34],[-30,13],[-59,-11],[14,30],[86,8],[-4,-29],[32,29]],[[35458,91365],[-214,-41],[131,83],[145,-4],[-62,-38]],[[35771,92097],[156,-33],[-84,-72],[4,-99],[-52,-29],[-69,117],[106,101],[-99,-20],[38,35]],[[35304,91770],[-180,-63],[-81,17],[-104,56],[-8,49],[234,-5],[-49,21],[64,63],[-129,-73],[14,38],[-65,-12],[11,61],[-9,-30],[-97,2],[-110,16],[-63,50],[0,33],[77,13],[82,-43],[-145,81],[13,70],[56,18],[122,-31],[-158,76],[15,116],[114,40],[233,-46],[128,-72],[84,-109],[220,-88],[-25,-59],[53,-24],[-53,-64],[-244,-101]],[[34800,92366],[-58,-3],[-26,66],[84,-63]],[[35649,92563],[36,-39],[-91,39],[55,0]],[[35606,92689],[52,-54],[-142,15],[8,55],[82,-16]],[[35028,92770],[-16,51],[95,87],[53,-142],[-68,-25],[-64,29]],[[35421,92875],[-50,-55],[-82,-8],[-59,110],[55,24],[157,-20],[22,-31],[-43,-20]],[[35196,93033],[-40,11],[0,64],[188,-4],[-148,-71]],[[34531,93251],[77,-13],[-42,-42],[-69,34],[34,21]],[[34709,93482],[-92,-87],[-85,13],[69,45],[-52,20],[161,47],[-1,-38]],[[34499,93696],[-28,19],[2,-35],[-46,-4],[-46,32],[156,43],[-38,-55]],[[34516,93652],[37,84],[134,23],[-20,28],[59,-14],[-106,-135],[-48,-19],[17,33],[-47,23],[-26,-23]],[[34553,93895],[150,-45],[-64,-20],[-16,44],[-47,-26],[-23,47]],[[34435,94203],[151,-68],[-28,-41],[-45,8],[24,52],[-102,49]],[[34409,94351],[-53,-23],[-5,30],[-90,-12],[-32,37],[42,23],[183,-44],[-45,-11]],[[34300,94736],[-288,-2],[234,39],[54,-37]],[[30695,95943],[-50,-33],[-99,20],[149,13]],[[30117,96403],[56,-18],[-210,-21],[-124,51],[96,27],[182,-39]],[[30456,96419],[84,-8],[-285,-15],[-62,43],[263,-20]],[[35201,99157],[62,92],[514,-196],[-251,2],[-325,102]],[[37630,99296],[-140,-204],[-108,72],[-403,101],[-237,160],[390,24],[498,-153]],[[36707,99509],[-143,8],[23,57],[216,-39],[-96,-26]],[[39045,99694],[-64,-63],[-240,99],[304,-36]],[[38860,99666],[67,-42],[-234,26],[-202,86],[159,-3],[210,-67]],[[39212,99734],[-23,-37],[-475,93],[39,55],[459,-111]],[[43489,91999],[50,-8],[5,-44],[-85,13],[30,39]],[[42719,92472],[38,-23],[-53,-39],[-33,39],[48,23]],[[42300,92573],[-1,86],[134,3],[-133,-89]],[[42967,92577],[4,-52],[-194,-70],[-66,31],[-93,-37],[-428,-50],[19,91],[110,37],[139,125],[234,35],[168,85],[-6,-55],[91,-44],[15,-60],[-38,-22],[45,-14]],[[43903,93546],[-16,-25],[-70,37],[-140,-5],[127,-106],[72,8],[-43,-84],[-90,5],[7,43],[-52,-22],[-105,80],[-247,94],[-31,-16],[11,44],[-96,48],[-27,137],[149,22],[221,-23],[116,-119],[149,-51],[-6,-36],[60,10],[11,-41]],[[43111,93826],[-28,-77],[-117,38],[145,39]],[[43908,93724],[3,-31],[-204,8],[-46,69],[-96,34],[-378,14],[-14,42],[371,58],[117,-21],[236,-55],[23,-28],[-84,-47],[72,-43]],[[44076,93960],[43,-8],[-63,-20],[20,28]],[[43187,93902],[-328,79],[128,130],[218,8],[347,-111],[-500,47],[589,-89],[-25,-30],[-429,-34]],[[44346,94595],[53,-47],[-307,-47],[-200,93],[41,59],[165,61],[198,-29],[50,-90]],[[44795,94815],[-24,-49],[-97,-1],[74,75],[47,-25]],[[44896,94860],[14,-43],[-44,-4],[-31,55],[61,-8]],[[44497,94964],[-77,-108],[-160,58],[17,112],[73,32],[105,-32],[-60,-55],[102,-7]],[[45189,95105],[-83,-116],[2,36],[-75,22],[-281,-21],[-16,193],[114,23],[62,-43],[73,69],[69,-61],[-113,-52],[54,3],[56,-80],[62,36],[76,-9]],[[44847,95634],[-22,-94],[-140,358],[21,46],[82,-3],[-62,16],[3,87],[83,-64],[35,-346]],[[44998,96545],[-73,12],[151,129],[25,-58],[-103,-83]],[[44633,96687],[3,-46],[-328,90],[137,23],[69,-61],[119,-6]],[[44674,96752],[-41,85],[128,0],[-87,-129],[0,44]],[[44339,96833],[-121,22],[86,44],[35,-66]],[[44745,97010],[-44,-149],[-67,93],[111,56]],[[44934,97110],[-91,-54],[31,59],[60,-5]],[[44943,97179],[25,55],[-25,-79],[0,24]],[[44687,97164],[-135,34],[138,93],[-3,-127]],[[45129,97349],[-114,-48],[94,141],[20,-93]],[[44787,97891],[285,68],[131,-48],[-252,-181],[-86,-5],[-258,94],[137,49],[-23,46],[66,-23]],[[44577,97923],[-20,75],[107,29],[140,-48],[-227,-56]],[[45074,98825],[-137,80],[120,7],[127,-80],[-110,-7]],[[44594,99031],[14,96],[216,-173],[-115,3],[-115,74]],[[31451,98251],[-53,44],[105,-32],[-52,-12]],[[0,42306],[0,30],[2,8],[26,26],[-28,-64]],[[0,42063],[0,102],[38,61],[13,-53],[-51,-110]],[[99999,42166],[0,-103],[-23,-20],[-6,34],[29,89]],[[99999,42532],[0,-11],[-145,-305],[0,-35],[19,-4],[109,174],[-25,-115],[28,-39],[-11,-20],[-51,28],[-40,-52],[-79,0],[15,44],[-24,24],[-56,-63],[-10,-72],[-33,44],[-49,-92],[-27,115],[-42,8],[28,74],[-14,21],[43,-24],[27,42],[4,-22],[32,95],[135,36],[-7,27],[40,67],[30,-8],[38,44],[25,-28],[40,47]],[[38,40910],[4,24],[17,-18],[-20,-29],[-1,23]],[[343,41356],[1,-32],[-23,17],[22,15]],[[474,41534],[12,-41],[-28,4],[16,37]],[[288,41940],[15,-22],[-21,-57],[7,59],[-17,36],[16,-16]],[[99937,40819],[7,-35],[-16,-3],[9,38]],[[99563,40916],[18,-33],[-43,-20],[-16,23],[-30,-40],[1,-47],[-4,24],[-20,-23],[-39,16],[28,42],[21,-8],[27,61],[57,5]],[[99983,41146],[-17,-61],[-14,42],[31,19]],[[99817,41467],[2,-69],[-33,100],[31,-31]],[[99841,41585],[-2,-33],[-9,33],[11,0]],[[99659,41680],[17,-37],[-19,-31],[2,68]],[[99641,41471],[-34,-83],[-55,19],[-62,-84],[-76,-14],[-155,96],[-23,89],[3,53],[47,63],[-12,63],[35,78],[34,39],[7,-35],[0,31],[46,46],[-3,-30],[38,8],[65,59],[27,-48],[-11,-50],[28,18],[68,-110],[-7,-72],[19,-62],[-11,-36],[32,-38]],[[99192,41901],[19,-12],[-14,-26],[-5,38]],[[99847,41875],[-17,-61],[-6,78],[19,11],[4,-28]],[[99241,41995],[4,20],[1,-22],[-14,-37],[-17,-8],[11,51],[9,12],[6,-16]],[[99289,42118],[-14,-40],[1,41],[13,-1]],[[99536,42161],[-12,-24],[-3,28],[15,-4]],[[99321,42228],[6,-30],[-40,-64],[34,94]],[[96148,22539],[25,-12],[-67,-11],[-17,30],[59,-7]],[[97013,21585],[-15,-46],[-50,33],[27,-2],[20,45],[18,-30]],[[96178,22691],[-22,-50],[17,-4],[-29,-4],[31,-31],[2,-55],[-50,11],[-6,46],[-5,-49],[-35,-9],[8,56],[43,46],[5,80],[53,-4],[-12,-33]],[[99677,23250],[-5,-52],[-23,3],[-3,31],[31,18]],[[1071,26349],[-21,-53],[-4,57],[25,-4]],[[1005,26551],[3,76],[-46,6],[32,-29],[-22,-34],[12,-49],[17,7],[27,-60],[-78,-47],[-23,60],[41,56],[-14,49],[-80,10],[76,67],[114,-16],[-59,-96]],[[581,34971],[-14,32],[31,-32],[-17,0]],[[96287,24192],[0,-39],[-19,16],[19,23]],[[96721,24737],[17,-21],[-100,-60],[-38,29],[-41,-43],[31,4],[-15,-32],[-42,-7],[29,120],[33,22],[19,67],[-7,123],[50,-2],[58,-94],[-3,-27],[-44,9],[-12,-45],[23,24],[23,-35],[28,12],[-9,-44]],[[96308,25561],[8,-64],[-25,-6],[-8,46],[-32,-38],[17,50],[40,12]],[[96381,25822],[16,-79],[-39,33],[23,46]],[[98438,28159],[0,-51],[-51,-21],[43,32],[8,40]],[[98272,28273],[0,40],[18,-20],[-4,67],[15,-28],[22,56],[-12,-91],[-39,-24]],[[97985,26907],[0,-165],[23,-20],[-42,-22],[54,-17],[5,31],[10,-41],[38,22],[7,-119],[-26,-20],[-14,80],[5,-89],[-41,14],[-15,51],[-95,-36],[63,41],[-64,26],[-12,-73],[-286,-238],[-48,-155],[8,-206],[-76,-192],[-17,-140],[-67,-129],[37,-41],[-56,-69],[61,67],[1,-55],[-124,-61],[-32,-110],[-89,-99],[-14,-71],[-52,-14],[26,-4],[-33,-46],[-115,-47],[-11,26],[-41,-38],[-40,15],[-13,55],[-63,7],[-7,-38],[-48,7],[41,9],[-56,26],[4,-46],[-31,54],[33,16],[-5,47],[-18,-35],[-37,81],[-92,-32],[-35,112],[-34,22],[-38,6],[-13,-58],[-31,-13],[-148,31],[-25,38],[78,121],[-94,-83],[54,90],[-33,-5],[15,45],[-73,-84],[2,115],[111,18],[37,45],[-69,-12],[33,40],[-32,-4],[-2,27],[62,20],[-11,16],[28,32],[-98,-38],[18,85],[52,-15],[-40,46],[14,37],[52,-40],[-10,-37],[24,25],[30,-55],[-44,87],[73,8],[-17,35],[-56,-10],[-12,69],[49,-16],[-35,44],[18,36],[20,-56],[23,24],[-30,59],[51,-20],[-36,52],[55,55],[27,-87],[-16,117],[27,2],[4,-56],[-6,85],[37,-18],[-24,39],[44,55],[50,-54],[-27,110],[54,107],[27,2],[-7,34],[57,62],[18,64],[76,43],[28,-27],[31,22],[156,185],[87,49],[40,91],[66,90],[35,8],[14,76],[133,110],[127,268],[67,394],[108,58],[59,144],[20,71],[-10,233],[112,171],[23,-8],[1,44],[68,15],[44,-13],[-71,2],[-23,-73],[10,-59],[45,-54],[44,27],[12,-96],[-17,-31],[25,-162],[35,-2],[108,144],[20,-31],[20,40],[-18,1],[7,23],[79,55],[12,-20],[-32,-39],[-39,-6],[0,-55],[49,28],[-35,-47],[8,-51],[-23,-32],[100,63],[-66,-9],[14,64],[8,-39],[19,31],[-3,44],[-10,-20],[-14,24],[14,24],[27,-29],[24,26],[7,-56],[33,36],[-19,-68],[-25,6],[13,-42],[-78,-52],[109,36],[-77,-127],[49,-165],[19,-4],[-22,-72],[-142,-301],[5,-33],[-18,10],[-27,-42],[-76,-266],[-103,-86],[-46,-102]],[[98657,30673],[4,-49],[-48,13],[44,36]],[[98569,30874],[15,-33],[-17,0],[2,33]],[[98760,30937],[-5,-40],[-52,74],[11,91],[44,-64],[2,-61]],[[99153,29022],[46,-34],[-72,-273],[-50,-77],[-15,-108],[-76,-130],[-107,-322],[-203,-215],[-15,116],[-41,22],[-30,-37],[-17,14],[6,113],[-28,-15],[6,-48],[-55,24],[0,31],[71,77],[-7,35],[83,212],[27,218],[-15,93],[-60,126],[-111,52],[-69,122],[-130,87],[-26,93],[26,96],[100,93],[57,6],[49,83],[33,411],[38,-28],[26,33],[-42,7],[27,68],[-28,-11],[1,65],[52,40],[0,31],[-35,-9],[-34,177],[30,91],[-36,-28],[-42,165],[31,-4],[20,-101],[-1,37],[19,8],[-25,8],[39,43],[26,-14],[-45,54],[13,38],[-46,-1],[-16,-43],[-31,-8],[-25,156],[-63,178],[21,3],[48,-126],[17,52],[-7,117],[-38,-11],[-16,31],[70,56],[-61,-24],[40,69],[-15,22],[-17,-60],[-14,64],[-28,-16],[38,-55],[-16,-16],[-52,58],[-48,120],[2,51],[-8,-51],[90,-224],[-34,-30],[-187,478],[14,76],[23,-8],[33,80],[-18,11],[-1,-24],[-7,35],[0,-49],[-44,-18],[-11,-72],[-27,72],[13,51],[-19,-39],[-13,28],[15,23],[-22,-5],[-24,48],[30,57],[-12,94],[-134,268],[8,39],[105,0],[-12,-63],[-19,32],[-17,-43],[25,-12],[3,-52],[8,57],[42,-163],[-18,15],[48,-57],[-8,-57],[28,23],[-3,57],[24,42],[16,-43],[-27,-19],[15,-45],[35,-19],[1,50],[54,-46],[-6,-51],[12,47],[24,8],[28,-68],[38,-10],[7,-27],[-27,18],[-11,-37],[21,-2],[16,-86],[28,27],[-27,27],[55,44],[-3,-65],[23,-36],[-25,26],[66,-153],[-2,-33],[-24,5],[36,-115],[-31,43],[-31,-12],[-7,44],[-2,-74],[42,6],[-2,-90],[35,-32],[56,-135],[-5,-33],[21,-10],[-36,-2],[8,-76],[-18,44],[2,-105],[37,-10],[-37,-12],[27,-111],[-32,38],[-23,-22],[17,-4],[-1,-60],[20,36],[35,-4],[4,-61],[12,69],[8,-55],[18,34],[18,-55],[41,16],[24,-39],[11,-114],[54,16],[13,-41],[-22,166],[-26,57],[28,45],[-11,89],[-39,81],[49,-10],[27,-147],[62,26],[-39,-90],[15,29],[23,-10],[35,-362],[54,-89],[-63,59],[15,-63],[60,-51],[1,59],[139,-150],[106,-50],[9,-33],[118,62],[51,137],[70,49],[0,28],[80,-9],[75,-70],[-56,-192],[-13,-298],[-61,-103],[-41,4],[-14,-220],[32,-26],[-24,-73],[-12,-19],[-5,115],[-122,18],[-96,-81],[-36,-86],[5,-149]],[[95550,40287],[-10,-11],[1,37],[9,-26]],[[96533,38834],[9,-39],[-9,20],[-4,-39],[-25,15],[4,59],[25,-16]],[[96333,38933],[11,-15],[-11,-22],[0,37]],[[96704,39490],[-3,-110],[-37,-19],[-37,31],[9,34],[-24,91],[50,28],[6,-67],[36,12]],[[96508,39722],[9,-20],[-21,-67],[-75,73],[-27,81],[28,6],[19,53],[-41,24],[4,30],[43,25],[25,-23],[-6,-105],[42,-77]],[[96287,40069],[10,-22],[-26,-49],[14,-27],[-38,-67],[31,146],[-11,33],[20,-14]],[[96397,39026],[-32,-91],[-21,56],[0,-46],[-18,-8],[-64,89],[-31,-41],[-1,78],[-24,-32],[-5,48],[-61,31],[16,38],[-29,77],[-16,-42],[-53,61],[-22,80],[-15,-24],[-60,90],[-48,16],[-85,158],[-9,-29],[-45,166],[-22,-14],[-15,82],[-78,99],[8,29],[-78,181],[12,45],[-48,39],[17,21],[-18,83],[91,-136],[-3,49],[52,-38],[126,-220],[75,-47],[112,-290],[44,-28],[21,-59],[11,33],[20,-81],[1,53],[29,-68],[82,-75],[97,-169],[-10,-16],[71,-58],[26,-90]],[[95466,40464],[-3,-27],[-13,94],[16,-67]],[[62292,40098],[61,224],[0,62],[-28,60],[30,167],[-68,228],[6,164],[-60,235],[-1,361],[-32,128],[64,261],[77,227],[-5,73],[14,50],[-18,84],[13,83],[118,-14],[110,171],[9,-109],[30,33],[-7,47],[53,18],[9,-63],[16,143],[80,17],[3,-38],[30,-13],[1,48],[-15,-7],[35,51],[26,-8],[-8,-59],[34,-91],[15,43],[23,-31],[-6,43],[-41,38],[16,48],[-14,13],[8,46],[171,249],[35,-73],[-33,-130],[76,67],[-49,138],[88,175],[-1,25],[-23,0],[44,101],[21,-85],[-27,-84],[2,-82],[37,70],[65,242],[35,-83],[-2,40],[15,10],[9,-80],[3,76],[-58,49],[-14,-32],[-14,89],[25,128],[42,-5],[-6,84],[26,-31],[-9,-107],[14,37],[4,102],[-30,46],[21,30],[-27,32],[-12,65],[15,43],[-7,61],[22,56],[9,-42],[15,36],[34,-144],[22,-22],[19,29],[-2,120],[17,-23],[9,36],[30,2],[-14,92],[34,-49],[48,36],[49,329],[-25,95],[6,47],[-44,75],[35,12],[25,-38],[11,85],[46,47],[14,60],[-30,28],[19,27],[18,-31],[-12,35],[27,56],[26,-145],[-30,34],[-10,-47],[34,-44],[8,43],[21,-86],[23,-3],[-13,-17],[26,-43],[-6,-84],[25,-39],[0,-63],[25,35],[55,-167],[0,-107],[10,-73],[15,-8],[31,-243],[19,-558],[77,-270],[-1,-129],[-41,-211],[-47,-100],[-55,153],[-19,171],[-51,-14],[-22,-57],[26,-208],[-12,-104],[45,-89],[1,-172],[-36,-123],[32,-43],[-65,-39],[-49,-223],[22,-256],[-42,-401],[-78,-370],[-79,-534],[-12,16],[9,-41],[-98,-543],[-20,-215],[-114,-573],[-58,-523],[-45,-197],[12,-24],[-14,-123],[-55,-240],[-13,0],[-3,-124],[-52,-259],[-6,32],[-5,-51],[-88,-107],[-148,-25],[-188,-209],[-115,-20],[-105,162],[-116,38],[-15,54],[24,-39],[6,19],[-104,109],[-31,219],[-68,164],[-14,330],[38,171],[-36,69],[-13,155],[-62,134],[-38,339],[22,20],[-16,106],[28,164],[35,45],[10,209],[85,49],[24,197],[98,292]],[[63876,42169],[19,51],[-55,-232],[9,100],[27,81]],[[63425,44138],[5,-30],[-40,17],[-5,68],[25,0],[1,40],[12,-10],[2,-85]],[[83572,55043],[10,-44],[-21,21],[11,23]],[[83861,55307],[11,0],[-23,-18],[-23,44],[35,-26]],[[84941,55834],[-4,-31],[-28,101],[11,73],[19,-35],[2,-108]],[[84158,56085],[-36,-51],[-12,15],[8,63],[40,-27]],[[84996,57411],[-12,-69],[-3,112],[15,-43]],[[85157,56037],[12,-24],[-40,-147],[-44,-31],[8,-94],[-26,77],[-20,-9],[24,-92],[-16,-266],[-29,133],[-5,189],[-26,45],[-37,240],[-51,-46],[-7,-91],[-37,-48],[-37,-197],[8,-49],[51,-51],[31,-265],[-91,-269],[-18,4],[-6,73],[-29,53],[27,104],[-8,66],[-26,9],[-19,-129],[-35,-15],[-211,209],[-41,124],[-5,209],[-20,18],[18,163],[43,64],[17,103],[-20,6],[-30,108],[-76,62],[-25,57],[-72,-4],[12,-80],[-37,-52],[27,-69],[-5,-49],[-42,88],[-39,-4],[13,65],[-19,66],[-31,-155],[-25,43],[-27,-50],[-2,163],[-54,18],[-49,-95],[7,-50],[-33,-40],[7,-46],[-26,-45],[-35,-211],[-32,-7],[-39,81],[10,93],[32,51],[5,119],[22,43],[-12,105],[41,121],[119,106],[15,-29],[59,27],[19,41],[-16,44],[23,104],[77,25],[33,67],[-11,42],[32,-14],[19,-66],[10,50],[40,-36],[23,-90],[11,-165],[-55,-74],[-2,-42],[81,118],[73,26],[25,173],[23,54],[18,10],[52,-64],[-6,-47],[33,39],[15,293],[30,-9],[53,-94],[22,26],[6,122],[29,-53],[57,12],[6,110],[-39,273],[17,82],[36,-40],[15,-82],[92,-76],[-18,-43],[23,-4],[18,-87],[45,34],[-11,-123],[46,-138],[-31,-69],[6,-27],[-40,-45],[13,-46],[59,8],[10,-28],[-20,-84],[15,-31],[-14,-45],[34,14],[2,-83],[-23,-121],[29,-80],[26,-16],[-4,-241]],[[84803,57575],[-6,-30],[-35,88],[-2,54],[25,-25],[18,-87]],[[84549,57990],[0,-36],[-26,-14],[12,57],[14,-7]],[[84573,58003],[12,-42],[-28,4],[16,38]],[[84950,58015],[-15,-20],[-23,61],[38,-41]],[[83230,58208],[-5,-35],[-9,51],[14,-16]],[[84610,58492],[3,-44],[-38,-7],[-34,118],[48,4],[21,-71]],[[84670,58532],[5,-55],[-28,106],[23,-51]],[[83971,62432],[2,-88],[-38,-87],[-3,-277],[26,-149],[45,-24],[1,-100],[31,-32],[-90,-377],[0,-114],[-58,-119],[39,132],[-107,-105],[-51,-93],[17,-147],[-66,-163],[0,-64],[25,-48],[31,-187],[37,-74],[-31,-23],[-2,-35],[42,-221],[-7,-33],[56,-111],[82,-51],[-13,47],[31,-11],[5,27],[-42,87],[28,46],[10,-90],[33,135],[31,13],[32,-37],[13,4],[-3,34],[54,-49],[47,-96],[12,-113],[-10,-73],[16,-31],[54,39],[-6,68],[15,43],[-13,-27],[-20,33],[32,62],[24,-111],[7,31],[66,-44],[9,29],[62,-87],[8,-40],[-110,5],[-12,-67],[92,-218],[-25,-2],[-6,-93],[38,48],[55,-79],[10,37],[19,-9],[-19,-82],[4,-137],[-21,-81],[-49,62],[-24,107],[58,28],[7,44],[-37,11],[-47,-75],[-7,50],[-26,-22],[-46,83],[-36,-14],[-3,128],[-36,123],[-86,91],[-13,27],[14,24],[-91,153],[-34,-7],[27,-74],[-4,-97],[39,-66],[-19,15],[29,-106],[5,-87],[-29,-31],[-23,37],[-1,75],[-36,104],[-49,42],[-37,105],[-93,95],[-67,-68],[-14,-32],[8,-58],[-51,-58],[-67,22],[-10,85],[-32,-50],[12,52],[-15,74],[-48,9],[-11,-88],[-25,230],[15,55],[95,134],[-9,95],[-27,54],[-55,15],[-6,49],[-8,-31],[-2,48],[-13,-103],[17,-125],[-37,-49],[-23,34],[-4,81],[-32,45],[11,73],[-23,31],[-10,-70],[-26,26],[-21,269],[-33,91],[21,50],[-26,131],[7,76],[-11,43],[-27,-3],[0,149],[12,89],[25,17],[3,-78],[52,-54],[9,-59],[50,-22],[19,28],[-12,0],[21,81],[-18,50],[-17,184],[12,119],[32,94],[3,234],[-31,97],[68,442],[-5,93],[59,44],[11,47],[32,-45],[50,44],[151,-189],[-2,32],[95,-46],[37,65],[10,67],[22,-2],[18,-64]],[[83402,54866],[-9,-88],[-27,60],[-46,-82],[-38,-9],[1,40],[102,124],[17,-45]],[[83496,55507],[-3,-74],[-23,-1],[26,75]],[[83970,55653],[11,-17],[-28,-19],[-13,-69],[-62,-27],[-44,124],[73,70],[63,-62]],[[82926,55868],[-9,-20],[-21,27],[23,16],[7,-23]],[[82523,56473],[0,-107],[-21,-41],[-13,151],[34,-3]],[[82508,56479],[-10,20],[14,19],[-4,-39]],[[82590,56626],[9,-60],[-19,-20],[-3,73],[13,7]],[[84661,57131],[-3,-71],[-38,61],[20,39],[21,-29]],[[84360,57111],[-19,-38],[-44,50],[47,62],[16,-74]],[[85045,57493],[4,-23],[-36,-20],[-23,56],[13,8],[-8,21],[24,91],[11,-117],[15,-16]],[[84601,57517],[16,-39],[-8,-38],[-27,18],[-57,-93],[-99,7],[-38,80],[24,91],[46,37],[47,99],[31,6],[6,-30],[12,24],[50,-68],[-3,-94]],[[84921,57541],[-15,-13],[-23,69],[4,47],[-21,-16],[-7,26],[7,120],[33,83],[13,-35],[-13,-87],[22,-194]],[[83319,57940],[17,-23],[-8,-19],[-21,14],[2,-43],[-35,-14],[-10,48],[23,56],[32,-19]],[[84086,58015],[-7,-132],[-42,-50],[-15,49],[20,26],[-5,34],[37,89],[12,-16]],[[84325,58070],[-116,-554],[-6,-144],[12,-16],[-12,-22],[52,-120],[-1,-50],[-24,-86],[-55,-42],[-21,27],[-31,153],[-82,83],[-41,120],[-2,82],[22,76],[65,7],[45,66],[-16,238],[44,119],[6,107],[74,51],[73,-43],[14,-52]],[[84457,58072],[-9,-266],[-101,-178],[-48,-296],[-42,-81],[16,326],[94,299],[69,336],[-4,57],[24,58],[-13,-115],[16,-8],[-2,-132]],[[84388,58271],[-18,-14],[3,79],[15,-65]],[[83241,57910],[15,-20],[-41,-79],[-55,-21],[-26,-48],[-25,-118],[-117,-70],[1,-115],[-21,24],[15,-63],[-109,-273],[-63,-36],[-34,-140],[-72,-114],[-53,-16],[-14,-89],[-47,-21],[-43,-76],[20,156],[109,258],[30,12],[39,105],[28,-16],[36,64],[63,181],[47,67],[67,205],[2,-43],[15,16],[-4,61],[32,12],[5,41],[21,16],[-7,51],[20,-4],[13,56],[4,-58],[40,69],[-8,28],[19,20],[8,77],[-34,73],[0,52],[19,-5],[-4,-33],[53,-82],[-3,56],[-29,27],[-9,71],[11,0],[-7,59],[22,-27],[-8,75],[32,137],[18,-71],[-14,-106],[16,-58],[-16,-2],[-3,-74],[7,-37],[20,3],[-3,-88],[17,2],[5,-71]],[[83296,58465],[-10,-79],[0,27],[-17,-11],[-15,31],[32,0],[10,32]],[[84797,57778],[-3,-36],[-33,10],[2,-53],[-44,112],[11,-208],[-70,76],[4,100],[-16,55],[18,148],[-6,83],[-44,104],[-20,-11],[-9,-63],[-33,35],[2,212],[-29,138],[50,-90],[6,33],[36,-80],[31,14],[29,60],[36,-24],[-1,-66],[19,-16],[-8,-285],[50,-87],[2,-98],[20,-63]],[[84213,58445],[-11,-172],[-95,-119],[-12,-104],[-32,-12],[-11,-44],[-101,-32],[-77,-121],[10,124],[-13,74],[30,139],[17,369],[-6,38],[-65,26],[12,71],[19,24],[115,-116],[68,-129],[28,59],[30,-4],[31,-47],[-12,-49],[73,92],[-11,-51],[13,-16]],[[83339,58682],[16,-60],[-32,-72],[11,68],[-21,-4],[-21,103],[18,16],[29,-51]],[[83429,58761],[-30,-24],[-27,24],[-8,-36],[-31,25],[-30,113],[-13,-23],[21,63],[-12,-4],[2,30],[86,-121],[9,62],[33,-109]],[[84079,58976],[-21,-73],[-52,107],[58,13],[15,-47]],[[84919,58253],[14,-72],[-31,73],[-63,-34],[-30,34],[-19,-33],[-21,99],[-47,15],[1,78],[-49,48],[41,48],[19,95],[-43,2],[-59,155],[-51,39],[-29,71],[-30,201],[110,-31],[55,10],[0,33],[48,-35],[33,28],[29,-46],[21,-57],[-9,-60],[51,-27],[11,-38],[-22,-33],[18,-40],[-22,-63],[14,-90],[-13,-23],[14,-28],[-9,-52],[15,-87],[33,-53],[-23,-90],[20,14],[23,-51]],[[84459,58628],[0,-42],[-55,108],[-32,8],[-3,46],[-68,121],[-91,-173],[16,125],[22,48],[-22,6],[16,113],[-11,97],[34,-25],[-9,-64],[30,46],[33,-35],[10,-61],[28,-8],[29,-87],[1,35],[26,-23],[45,-136],[-15,21],[16,-120]],[[83920,59127],[11,-19],[-40,-304],[-14,42],[12,38],[-22,55],[19,59],[1,87],[33,42]],[[84385,58960],[0,-22],[-57,165],[7,37],[34,-56],[16,-124]],[[84244,59242],[26,-99],[-111,187],[-9,54],[27,9],[33,-109],[34,-42]],[[83756,59149],[6,-53],[-30,-52],[-12,-134],[-11,20],[-31,-63],[-36,21],[-4,46],[12,-12],[-45,65],[-19,122],[-32,55],[-11,157],[-26,88],[-41,43],[-18,110],[-34,-14],[-2,52],[22,23],[98,-35],[62,37],[14,-63],[26,-28],[21,39],[65,-124],[1,-45],[33,-20],[-20,-56],[12,-179]],[[83916,59560],[5,-35],[-31,-88],[-54,85],[13,123],[14,-24],[24,16],[33,-50],[-4,-27]],[[83405,59729],[1,-21],[-43,59],[-7,48],[43,-32],[6,-54]],[[84560,59822],[-3,-118],[-15,-5],[-5,-58],[-24,24],[-17,-44],[-39,48],[-6,36],[29,86],[2,150],[22,4],[25,-103],[31,-20]],[[83917,59955],[20,-55],[-69,123],[49,-68]],[[83953,60355],[2,-35],[-38,62],[36,-27]],[[83890,60478],[14,-16],[-14,4],[-11,-51],[16,-103],[-24,-48],[-31,214],[28,23],[22,-23]],[[83718,62719],[25,-12],[-55,-11],[30,23]],[[83880,62766],[-34,-92],[6,85],[28,7]],[[83669,62877],[9,-91],[-15,39],[6,52]],[[83756,62960],[-7,-36],[-41,68],[46,10],[2,-42]],[[83882,63108],[-5,-50],[-18,38],[23,12]],[[83844,63550],[14,-18],[-8,-23],[-6,41]],[[83854,63795],[-25,-39],[19,78],[6,-39]],[[83189,54626],[-7,-112],[-6,142],[13,-30]],[[83716,55291],[11,-33],[-35,-51],[-18,48],[-82,-33],[-17,44],[47,78],[38,-19],[11,-37],[45,3]],[[83785,55667],[-4,-56],[-9,41],[13,15]],[[83637,58108],[-3,-42],[-19,6],[22,36]],[[83412,58703],[-5,-65],[-18,75],[23,-10]],[[83723,58780],[-6,-36],[-7,66],[13,-30]],[[83276,54745],[-14,-7],[14,44],[0,-37]],[[84838,54957],[0,-33],[-24,11],[24,22]],[[84400,57386],[-11,-47],[-21,15],[32,32]],[[84612,57673],[-21,-42],[-2,25],[23,17]],[[83742,58667],[14,-12],[-31,-3],[17,15]],[[83642,58857],[1,-22],[-18,36],[2,33],[15,-47]],[[84485,59427],[-23,14],[40,-9],[-17,-5]],[[84468,59470],[-17,-23],[-32,39],[49,-16]],[[84413,59477],[-5,-25],[-6,72],[20,-14],[-9,-33]],[[84388,59530],[-8,22],[21,-21],[-13,-1]],[[83334,61202],[-3,-22],[-19,37],[13,32],[9,-47]],[[84441,57779],[15,0],[-31,-41],[16,41]],[[72743,55917],[-28,-277],[-35,-104],[-90,-130],[-204,-162],[-108,59],[-30,63],[-65,387],[-11,229],[7,-47],[4,25],[-46,606],[23,76],[-13,-194],[22,-16],[-1,146],[37,232],[-7,170],[37,51],[16,96],[3,62],[-18,52],[40,48],[-40,70],[50,-35],[15,-47],[39,27],[52,-31],[-119,116],[0,-37],[-63,59],[-14,47],[17,27],[42,3],[3,-24],[25,-14],[62,-102],[-55,103],[-30,25],[30,16],[45,-120],[93,-149],[14,-63],[8,12],[17,-73],[-14,-1],[35,-72],[-23,14],[11,-56],[17,20],[71,-189],[5,-61],[-11,16],[0,-38],[-22,-3],[65,-11],[23,-204],[-13,36],[-2,-31],[46,-79],[7,-83],[35,-83],[-24,28],[-8,-20],[42,-59],[6,-96],[11,-27],[5,37],[8,-36],[6,-184]],[[72704,56244],[-3,46],[23,-150],[-20,104]],[[72142,57059],[36,1],[18,-60],[-54,59]],[[72147,57304],[-18,-5],[-2,37],[20,-32]],[[72193,57372],[-16,47],[12,35],[26,-79],[-22,-3]],[[30894,58800],[11,-26],[-66,41],[-50,98],[-2,54],[107,-167]],[[30556,59076],[30,-92],[-47,69],[-1,51],[18,-28]],[[29722,64187],[-15,-15],[-6,47],[23,32],[23,-33],[-25,-31]],[[29683,64712],[2,55],[107,-73],[-9,-25],[-33,42],[-67,1]],[[29542,63962],[-6,31],[78,68],[37,-56],[26,20],[42,93],[-6,-101],[-33,-100],[-137,-41],[-16,62],[15,24]],[[29445,64882],[40,43],[-13,-20],[19,-90],[-9,-36],[-115,-177],[54,126],[56,64],[-1,42],[-41,28],[10,20]],[[29364,64925],[-16,59],[92,-66],[-21,-36],[-55,43]],[[28945,65389],[38,-50],[-105,83],[2,42],[34,-14],[31,-61]],[[29206,65067],[5,-69],[-39,123],[-69,56],[7,21],[37,-52],[-19,50],[2,88],[-27,52],[-14,78],[-9,-3],[0,39],[-12,-12],[6,36],[38,-99],[28,-120],[10,-95],[56,-93]],[[29194,65486],[34,-4],[-11,-28],[-34,4],[11,28]],[[29314,65667],[-25,-39],[8,84],[18,26],[11,-35],[-14,-60],[2,24]],[[28366,65762],[-26,0],[49,39],[-23,-39]],[[28465,65616],[-11,-111],[-59,4],[56,58],[-40,-36],[-13,22],[29,35],[-38,-16],[-10,95],[-30,43],[74,119],[12,-31],[-35,-44],[16,-34],[-12,-45],[38,105],[23,-142],[-21,-38],[21,16]],[[29079,65780],[7,-42],[-61,-2],[27,76],[-96,223],[7,22],[29,-31],[27,-115],[60,-131]],[[28478,66226],[-20,26],[80,12],[-60,-38]],[[28235,66034],[12,30],[-5,-72],[16,26],[9,-43],[11,27],[-29,72],[40,157],[-15,106],[47,-1],[18,-26],[-1,-78],[68,-174],[5,-115],[-86,-131],[-29,75],[0,57],[-26,-21],[-57,78],[22,33]],[[28844,66326],[13,-29],[-13,-271],[-49,98],[43,19],[5,162],[-58,111],[-72,64],[-42,-4],[13,79],[17,-4],[-4,-39],[94,-86],[53,-100]],[[28461,66983],[-9,-22],[-2,40],[11,-18]],[[28169,67115],[-49,-16],[-64,111],[79,-75],[39,66],[-19,17],[13,55],[21,-47],[55,-24],[113,52],[-4,-79],[-101,-11],[-83,-49]],[[28385,67329],[-42,-8],[27,20],[72,-4],[99,-134],[-15,-8],[10,-29],[61,-62],[10,-116],[-42,-40],[-17,-208],[-51,84],[52,66],[-8,97],[25,144],[-47,24],[-57,149],[-77,25]],[[28371,66465],[-12,1],[19,15],[-7,-16]],[[30136,64333],[-23,28],[31,-16],[6,-35],[-14,23]],[[30054,64381],[-13,39],[48,-8],[13,-39],[-13,27],[9,-43],[-44,24]],[[29906,64388],[2,36],[27,-40],[30,12],[-46,-38],[-13,30]],[[29994,64448],[1,30],[29,-5],[15,-61],[-27,14],[2,44],[-20,-22]],[[83862,66202],[-28,-99],[3,-77],[18,-27],[-76,-300],[-58,-536],[-125,-357],[-30,-358],[-35,19],[-26,206],[-30,74],[-37,34],[-13,21],[-13,35],[13,-31],[-5,29],[-21,47],[-20,215],[-31,7],[30,183],[-11,91],[17,141],[144,485],[34,34],[65,222],[106,49],[-13,27],[11,34],[41,24],[34,-73],[52,-25],[8,-53],[24,-11],[-28,-30]],[[83767,64529],[7,-18],[-27,39],[20,-21]],[[82886,65956],[20,-53],[-50,-17],[-1,44],[28,-3],[3,29]],[[83235,65426],[5,-31],[-39,-5],[34,36]],[[83187,65426],[7,27],[-16,-50],[9,23]],[[86050,70147],[-24,-103],[-11,22],[35,81]],[[86571,70537],[8,-32],[-67,-314],[14,-47],[-11,-100],[-33,-143],[-35,47],[-39,-3],[-16,-50],[33,-48],[-53,-91],[-79,-68],[38,196],[-28,116],[-29,24],[27,19],[20,-32],[5,84],[-37,3],[-32,-116],[10,-103],[27,-37],[-21,-66],[-37,54],[-64,-2],[-29,93],[31,-15],[29,104],[-45,131],[18,17],[-16,158],[39,14],[54,127],[24,96],[-10,24],[29,59],[-61,-16],[49,47],[-4,47],[-47,80],[-6,94],[-50,58],[-31,-38],[26,-84],[-32,-58],[65,-11],[5,-97],[-54,-55],[-10,53],[22,39],[-32,25],[-37,-18],[-61,-113],[33,90],[-61,117],[12,96],[21,-27],[-5,-32],[23,-7],[-8,-60],[58,-17],[-16,98],[-55,29],[-10,56],[-12,-36],[-4,51],[-28,21],[8,84],[25,15],[50,-68],[5,68],[-23,33],[24,-7],[-6,63],[46,-61],[42,50],[-21,23],[32,53],[23,-52],[28,17],[2,37],[-30,7],[43,22],[12,79],[74,50],[44,-30],[26,43],[-13,-86],[40,-111],[73,-28],[43,58],[40,-5],[20,-105],[-39,-78],[-25,8],[1,-52],[109,-4],[-26,-80],[28,-1],[-8,-29],[32,10],[-26,-63],[49,-23],[-104,-208],[9,-52],[-22,-8]],[[87413,71315],[17,4],[-122,-151],[-38,-194],[-69,148],[-52,25],[-124,-99],[-19,-118],[-62,-100],[-13,-77],[13,-81],[-24,38],[-80,-15],[23,91],[-42,15],[-15,-25],[-9,85],[-25,-12],[28,28],[2,37],[-27,41],[26,-20],[17,34],[-18,28],[12,22],[-41,3],[12,72],[-32,11],[-82,-66],[185,211],[10,109],[57,94],[-6,32],[13,10],[51,-120],[54,33],[53,-14],[36,65],[0,61],[-23,43],[39,-16],[66,83],[40,-16],[17,25],[7,-38],[14,17],[62,-84],[57,18],[-14,-121],[28,-45],[-14,-57],[12,-14]],[[86964,72639],[-8,-42],[-26,4],[34,38]],[[87061,71670],[-39,-71],[9,26],[-19,34],[-17,-84],[-30,-12],[-1,34],[26,21],[-21,20],[-9,-33],[-62,-12],[-50,-64],[-28,-4],[-10,92],[-48,-2],[-34,-64],[-17,-228],[-30,-38],[12,55],[-68,73],[-20,-17],[12,33],[-23,17],[-41,-11],[-4,-29],[-27,26],[-11,-30],[-15,35],[-36,-66],[-62,70],[-33,-77],[-10,14],[3,234],[39,22],[-27,8],[7,18],[59,-34],[0,35],[30,-12],[-20,-22],[57,31],[51,136],[72,31],[153,266],[64,68],[-1,85],[93,43],[34,49],[60,-14],[-12,-47],[38,-24],[50,46],[182,8],[84,72],[108,-18],[83,76],[22,-59],[-33,-72],[17,27],[20,-84],[23,20],[-18,32],[35,38],[18,-63],[33,28],[-7,-32],[28,2],[4,46],[27,-21],[-6,63],[47,-7],[-7,56],[17,22],[14,-60],[9,65],[-38,130],[44,145],[72,80],[85,196],[22,144],[-26,112],[13,86],[34,43],[115,72],[26,-11],[0,-35],[-27,-9],[-6,-79],[-34,-5],[-26,-57],[-18,29],[-25,-91],[33,-17],[19,29],[-12,-151],[82,-45],[41,101],[221,144],[85,112],[86,259],[157,187],[19,174],[78,209],[40,257],[22,37],[17,230],[-25,88],[-58,-12],[-16,85],[34,-26],[43,95],[13,132],[-46,146],[52,92],[21,-14],[41,39],[14,124],[14,-24],[10,23],[-44,56],[20,16],[6,66],[33,-47],[24,25],[24,-19],[19,-196],[42,17],[10,73],[66,-79],[42,163],[-20,63],[-41,-47],[-81,-22],[39,226],[102,-106],[52,44],[-21,-230],[14,-208],[109,-241],[4,-104],[30,-43],[15,-129],[-12,-92],[21,15],[9,-51],[-33,-51],[30,3],[-43,-78],[21,12],[-22,-44],[4,-61],[-20,-10],[19,-31],[-26,-4],[8,-40],[-33,8],[1,-49],[-26,20],[10,-77],[-24,18],[-18,-66],[12,-37],[-29,-25],[20,-17],[-18,-35],[22,-30],[-22,-51],[22,-26],[-6,-67],[-27,65],[-35,15],[-37,-49],[-25,22],[-31,-109],[-14,-119],[29,-137],[-4,-341],[-13,-97],[-44,-46],[-17,-68],[-49,-279],[22,-156],[65,-168],[-60,-19],[-50,-70],[-27,-107],[-2,-118],[-68,-31],[-57,-124],[-48,29],[32,24],[-14,92],[13,51],[-24,41],[89,143],[-33,59],[-54,-38],[-6,29],[6,-81],[-40,-34],[12,-12],[-11,-78],[27,-28],[-22,-32],[6,-30],[-20,-4],[-20,100],[-100,-26],[-29,-108],[17,-118],[-39,-79],[-2,-48],[-44,-31],[-24,55],[4,166],[41,29],[-29,53],[-70,-15],[-11,-67],[-41,-36],[-42,-118],[5,-68],[-74,42],[-116,6],[-148,-57],[16,50],[10,-23],[64,58],[-17,47],[-72,-14],[-17,28],[6,53],[-18,-85],[16,-46],[-32,25],[-9,124],[17,77],[-10,-29],[-6,23],[3,-27],[-50,-27],[-39,-175],[9,-45],[101,-97],[-5,-96],[-28,-8],[14,31],[-40,-7],[1,22],[-103,-86],[-7,-54],[-25,-9],[15,-60],[-47,-46],[-40,-172],[-56,-92],[2,28],[-89,40],[-33,69],[18,25],[-76,103],[-17,-7],[5,56],[24,27],[-19,25],[8,40],[19,7],[-36,68],[87,125],[11,119],[-44,5],[-4,-28],[-54,-15],[-84,81],[-70,12],[-38,-47],[-41,13],[20,-17],[-37,-58],[-58,-6],[30,-3],[-30,-75],[-40,-5],[-19,49],[-84,-48]],[[89970,77264],[22,-6],[-45,12],[23,-6]],[[90490,76820],[16,-8],[-54,-37],[-28,-81],[-109,-23],[9,-28],[-46,-20],[3,-32],[-32,-6],[-28,39],[-16,-71],[-77,8],[-39,38],[-121,-92],[-87,-138],[-63,-164],[-30,-225],[-395,386],[-108,-20],[-126,-152],[-67,152],[-77,0],[-37,-76],[-9,-99],[71,-89],[46,16],[135,-192],[-53,-51],[-51,34],[-32,-14],[5,38],[-19,9],[-15,-53],[-42,-32],[-6,-86],[-62,-75],[-47,24],[-17,80],[41,134],[5,97],[-99,152],[16,219],[58,39],[36,67],[27,-31],[67,138],[-51,123],[6,66],[35,28],[86,-102],[60,19],[3,-31],[41,-20],[70,102],[-24,228],[85,129],[4,195],[38,185],[-11,166],[-50,185],[26,140],[7,-27],[36,11],[34,57],[288,-538],[118,-155],[103,-74],[-27,-4],[14,-40],[108,9],[10,-63],[25,58],[37,-94],[101,-24],[167,248],[8,-56],[-83,-273],[89,-270],[-37,12],[72,-56],[18,61],[51,30]],[[84392,65880],[33,-14],[-17,-63],[-57,22],[21,14],[8,57],[12,-16]],[[84535,65991],[-24,-127],[-28,-12],[-18,53],[37,7],[33,79]],[[84829,66105],[18,-21],[-54,-7],[1,87],[35,-59]],[[85224,67009],[-6,-28],[-25,38],[31,-10]],[[85648,67265],[-55,-139],[-79,-65],[18,-76],[-25,4],[-9,-102],[-40,-32],[-4,75],[29,61],[-5,63],[66,77],[-23,75],[50,-28],[55,139],[22,-52]],[[89497,67435],[14,-4],[-7,-25],[-7,29]],[[85749,67644],[-46,-53],[0,31],[46,22]],[[85829,67850],[10,-32],[-26,-40],[-10,118],[15,13],[11,-59]],[[85915,68027],[15,-19],[-36,7],[-11,53],[32,-41]],[[86119,68173],[-10,-47],[-23,3],[33,44]],[[86029,68224],[-72,-98],[5,-43],[-32,-32],[7,-24],[-30,63],[-34,12],[35,3],[-2,43],[59,53],[11,-16],[30,51],[5,-24],[8,40],[10,-28]],[[86081,69038],[7,-32],[-24,31],[17,1]],[[86298,69326],[-20,-70],[-33,-16],[-30,97],[34,43],[49,-54]],[[86402,69594],[2,-132],[-26,-137],[-26,-17],[-5,73],[55,213]],[[86224,70557],[16,0],[-29,-79],[-2,28],[-32,-16],[-6,35],[53,32]],[[86155,70577],[12,-120],[-58,-85],[4,35],[-14,0],[29,32],[-23,15],[6,115],[44,8]],[[85799,70650],[5,-18],[-33,2],[-2,-43],[-48,25],[17,97],[11,-23],[30,33],[20,-73]],[[88830,70916],[24,-28],[-12,-27],[-25,45],[13,10]],[[85860,70831],[23,-2],[-32,-96],[-9,67],[-15,8],[29,43],[7,83],[-3,-103]],[[85987,71075],[-18,-96],[-22,-38],[-19,0],[17,9],[10,88],[32,37]],[[86048,71283],[-15,-43],[-18,26],[9,74],[22,-16],[2,-41]],[[86731,71338],[-13,30],[11,19],[27,-33],[40,24],[-26,-55],[-39,15]],[[88746,71449],[10,30],[14,-13],[-11,-31],[-13,14]],[[86820,71455],[-28,10],[22,51],[6,-61]],[[86943,71534],[-12,-6],[21,56],[6,-42],[-15,-8]],[[85919,71575],[-10,-87],[-29,-13],[10,128],[29,-28]],[[87500,71764],[-30,-135],[18,-59],[-64,-46],[-13,79],[89,161]],[[85958,71771],[-25,-124],[13,-31],[-23,-27],[-5,46],[-22,-16],[23,60],[-6,63],[9,45],[40,30],[-4,-46]],[[88726,71864],[7,-60],[-25,25],[1,44],[17,-9]],[[87046,72724],[-12,-67],[-37,27],[28,79],[21,-39]],[[88460,73758],[32,2],[-21,-96],[-77,-60],[34,94],[-27,7],[-1,54],[75,145],[-15,-146]],[[88763,76161],[-26,-110],[-12,70],[38,40]],[[90363,76939],[15,-22],[-22,-22],[13,28],[-36,28],[30,-12]],[[89257,77848],[-21,-42],[-34,64],[20,22],[35,-44]],[[89180,78008],[-4,-107],[-19,115],[23,-8]],[[86171,69382],[12,-21],[-33,31],[21,-10]],[[87323,71733],[-5,-71],[-8,22],[-21,-30],[-23,36],[57,43]],[[84778,66142],[0,-24],[-18,7],[18,17]],[[86092,70186],[-12,-33],[-20,20],[32,13]],[[86234,70606],[-5,-35],[-8,33],[13,2]],[[85805,70733],[-17,-23],[-1,32],[18,-9]],[[85819,70765],[-3,-40],[-17,34],[20,6]],[[85840,70780],[-1,-30],[-15,15],[4,32],[12,-17]],[[85870,71011],[-2,-31],[-15,8],[17,23]],[[86970,71514],[-22,-32],[5,41],[17,-9]],[[86871,71527],[0,-21],[-14,17],[14,4]],[[88068,73229],[-28,-32],[-12,27],[40,5]],[[34368,78841],[7,-31],[-30,-36],[-3,208],[32,-50],[-27,-34],[21,-57]],[[45954,90065],[-119,-57],[11,-53],[-63,-48],[29,-35],[99,12],[28,-42],[-76,-136],[29,20],[-6,-40],[133,32],[-18,-35],[33,-28],[-23,-10],[-57,-89],[68,87],[35,-12],[-15,19],[104,-26],[24,-56],[28,19],[4,-102],[-46,-8],[30,-21],[-77,-26],[88,14],[34,-26],[-130,-35],[113,0],[-33,-37],[33,-19],[30,39],[5,-52],[-40,-54],[-108,55],[1,-26],[-56,-2],[87,-11],[61,-52],[-99,4],[80,-45],[-55,-10],[35,-22],[-48,2],[-10,-47],[-71,-9],[-58,56],[66,-86],[-60,3],[23,-27],[-45,-8],[11,-24],[51,29],[-54,-113],[-57,-14],[50,19],[-40,8],[-61,-96],[-82,2],[-69,74],[21,-71],[-165,-74],[-133,-138],[-86,-24],[-4,-36],[-25,37],[-8,-35],[-4,35],[-10,-45],[-1,76],[-10,-70],[-154,-27],[3,21],[-12,-24],[-36,-23],[27,23],[-25,20],[-70,-60],[47,-3],[-48,-28],[31,-7],[-30,-51],[-64,-28],[22,35],[-55,8],[37,-48],[-153,-39],[-154,24],[-125,63],[-125,-2],[-101,97],[15,29],[52,-17],[-28,59],[-46,-70],[-54,34],[46,-3],[-31,7],[9,48],[-37,-48],[-98,55],[-7,32],[42,8],[-53,5],[7,-41],[-44,-19],[-269,8],[-99,-30],[-3,158],[51,-61],[133,41],[35,42],[-36,19],[68,-12],[27,32],[-63,24],[49,64],[86,11],[-52,22],[-92,-60],[-38,10],[66,43],[-51,9],[19,56],[76,62],[57,-24],[-51,28],[47,20],[-53,-12],[12,20],[-97,-81],[-8,24],[-35,-62],[-77,119],[21,-14],[49,57],[-59,-37],[23,45],[-33,7],[8,32],[-69,-32],[-250,31],[-77,-55],[-63,96],[117,4],[68,39],[37,-23],[26,54],[17,-59],[24,55],[22,-15],[62,51],[-9,-28],[47,-27],[10,41],[200,-10],[16,100],[-74,-54],[-145,32],[35,56],[204,107],[-78,-7],[-38,51],[-39,-55],[-37,33],[78,61],[-104,-51],[-18,72],[-31,-61],[-28,59],[7,-74],[-43,23],[24,34],[-29,-19],[-13,25],[-9,-34],[-55,14],[-14,-51],[-49,15],[-136,-63],[-24,40],[-154,20],[66,75],[138,-59],[-78,66],[78,-23],[-76,55],[-4,57],[129,-57],[19,-53],[76,38],[-70,25],[97,34],[-150,-5],[-38,59],[18,29],[164,-48],[-167,97],[17,37],[105,-51],[-82,75],[76,-12],[-57,28],[39,34],[85,-34],[13,-40],[22,19],[-9,-82],[36,48],[25,-16],[-28,-43],[33,33],[1,-53],[38,82],[29,-47],[-20,-81],[37,82],[24,-75],[19,43],[-34,63],[29,39],[-135,36],[-31,43],[118,-7],[51,31],[-49,0],[15,27],[-61,-16],[29,44],[-137,-30],[-25,21],[46,21],[-31,23],[73,-5],[-22,25],[28,0],[43,-27],[34,27],[37,-23],[3,22],[59,-113],[66,4],[-3,-36],[67,-16],[23,-94],[33,43],[4,-41],[51,-3],[-71,-35],[84,-14],[-7,-73],[-41,-23],[40,-16],[-69,-28],[-55,44],[47,-73],[54,-3],[-19,-43],[45,23],[-43,-90],[45,20],[28,-24],[34,-157],[-2,161],[51,-59],[-1,149],[67,53],[8,-80],[11,21],[37,-56],[-15,48],[33,11],[6,-39],[33,78],[-38,245],[87,24],[59,-130],[118,-102],[1,188],[88,29],[22,-20],[-3,54],[67,22],[6,-35],[31,16],[41,-50],[2,-63],[89,-61],[43,-128],[-65,308],[107,-16],[101,-138],[-8,35],[23,8],[-32,4],[44,0],[11,-20],[74,151],[62,-64],[46,22],[44,-30],[-25,40],[44,19],[-26,-19],[55,-12],[-33,208],[64,-15],[81,32],[36,-24],[-13,-41],[65,-16],[2,-93],[88,-48],[14,64],[62,10],[51,61],[100,0]],[[14353,37824],[8,-52],[-12,24],[4,28]],[[8477,38380],[5,-21],[-15,0],[10,21]],[[10922,41593],[-44,-43],[16,59],[43,37],[-15,-53]],[[8560,41621],[10,-41],[-12,-39],[-24,14],[-20,73],[-63,-11],[-16,106],[32,32],[36,-11],[24,-112],[33,-11]],[[8390,41775],[-13,-60],[-28,43],[41,17]],[[7922,42193],[36,-70],[-35,-17],[-1,87]],[[7928,42256],[-1,-26],[-20,45],[17,9],[4,-28]],[[11472,45828],[18,-8],[0,-59],[-14,0],[-4,67]],[[11366,46131],[10,-13],[-24,-53],[-3,43],[17,23]],[[11434,46223],[-15,-35],[-44,-1],[-3,-29],[-31,45],[44,46],[49,-26]],[[11090,46463],[13,-12],[-18,-59],[-18,43],[23,28]],[[11246,46716],[-29,-40],[6,55],[23,-15]],[[11097,46751],[9,-42],[-46,-33],[-22,75],[13,24],[52,-4],[-6,-20]],[[10919,47217],[-10,-8],[6,38],[19,1],[-15,-31]],[[9921,35949],[-15,-31],[0,43],[15,-12]],[[9668,43388],[-18,-23],[8,47],[-7,-42],[17,18]],[[9721,43475],[32,54],[-32,-14],[35,18],[-35,-58]],[[69429,23300],[-31,24],[48,-43],[-17,19]],[[69330,23498],[-16,4],[40,23],[-24,-27]],[[69219,23620],[50,59],[-17,-106],[-29,-10],[-4,57]],[[69295,23679],[-17,32],[32,-16],[-15,-16]],[[69596,23507],[-7,-71],[-59,-41],[43,-35],[-49,0],[-41,58],[-89,-7],[29,-24],[-7,-30],[-58,23],[34,-74],[90,-49],[-25,56],[69,-6],[8,-25],[-44,-25],[22,-39],[-108,4],[-33,103],[-28,-3],[22,-44],[-15,-48],[-54,19],[-67,82],[1,-48],[-24,33],[2,-63],[-18,48],[-17,-97],[-72,20],[38,140],[-27,38],[33,45],[-25,-9],[-19,66],[46,25],[-51,39],[22,13],[-4,52],[25,-6],[-31,74],[29,14],[33,97],[28,-42],[-58,-96],[78,69],[-22,-20],[15,-22],[-45,-140],[19,-12],[10,67],[31,-73],[62,61],[4,-43],[38,79],[15,-99],[-68,6],[-33,-40],[53,18],[-25,-17],[42,-38],[-34,-16],[88,16],[-40,-31],[61,8],[42,74],[38,22],[29,-21],[39,60],[52,-25],[7,-50]],[[64398,25123],[-3,-43],[-47,42],[22,30],[28,-29]],[[63937,25303],[26,12],[6,-41],[-32,29]],[[62915,46443],[8,-13],[-20,-26],[-43,-13],[-18,-2],[-7,38],[31,-22],[49,38]],[[65389,49149],[-10,12],[24,44],[24,-139],[-38,83]],[[65476,49339],[-11,19],[31,-19],[-20,0]],[[6941,49502],[20,9],[-4,-37],[-16,28]],[[2312,50201],[-10,6],[14,-7],[8,-16],[2,4],[-25,56],[18,-22],[6,-18],[2,-16],[-1,-8],[-14,21]],[[98774,50753],[-1,-28],[-9,60],[10,-32]],[[98626,51005],[1,-54],[-13,-11],[12,65]],[[98890,51064],[3,-31],[-21,60],[18,-29]],[[98545,51140],[4,-36],[-18,75],[14,-39]],[[98465,51424],[2,-63],[-6,98],[4,-35]],[[98076,52389],[-24,-76],[23,74],[-23,35],[24,-33]],[[98049,52917],[12,-35],[-25,69],[13,-34]],[[6336,52848],[3,-26],[-19,-3],[-88,87],[-4,25],[16,12],[-4,-36],[30,-16],[-13,25],[17,-13],[-2,41],[11,-16],[7,26],[-43,45],[24,-3],[32,-27],[-11,-65],[44,-56]],[[5754,54064],[10,-32],[-16,-20],[-15,20],[21,11],[-19,41],[-4,-40],[-12,13],[10,41],[25,-34]],[[98135,53004],[-7,6],[-2,-27],[1,26],[5,9],[11,-47],[-4,-9],[-13,8],[14,-1],[-5,35]],[[97608,55927],[-44,-24],[-55,50],[53,-45],[46,19]],[[96876,56041],[20,0],[-43,8],[23,-8]],[[33055,57995],[-12,-110],[23,-103],[-10,-111],[-54,-37],[-205,-10],[84,110],[46,20],[-8,201],[-49,44],[83,55],[128,20],[-26,-79]],[[33186,58370],[-1,-49],[-87,-59],[88,108]],[[32885,58867],[-5,-98],[-44,-21],[33,132],[16,-13]],[[32936,59005],[-19,-8],[19,52],[0,-44]],[[33009,59404],[-31,40],[25,95],[18,-42],[-12,-93]],[[33492,59412],[-23,-59],[-31,21],[-6,132],[14,6],[46,-100]],[[33087,59901],[-19,-170],[-33,49],[-2,46],[41,134],[13,-59]],[[32954,60588],[-35,192],[6,56],[45,-31],[14,-61],[0,-108],[-30,-48]],[[96282,62937],[8,10],[-1,-13],[-7,3]],[[32737,61476],[-1,-36],[-19,4],[4,75],[16,-43]],[[32810,61651],[16,69],[44,-51],[-20,-52],[-40,34]],[[32822,61965],[1,77],[30,-89],[-31,12]],[[32611,61740],[15,-11],[-1,-46],[-18,0],[4,57]],[[32597,61776],[1,-28],[-58,103],[37,-21],[20,-54]],[[32067,62056],[-94,-40],[5,54],[89,-14]],[[32027,62397],[-1,-23],[-27,14],[15,26],[24,-21],[-11,4]],[[31980,62380],[-47,23],[25,19],[22,-42]],[[32544,62131],[-7,27],[21,-8],[-14,-19]],[[31151,62265],[-5,-35],[-18,23],[23,12]],[[31848,62265],[-65,4],[50,28],[35,-19],[-20,-13]],[[31867,62360],[-16,35],[22,-9],[-6,-26]],[[31769,62360],[7,-37],[-37,-19],[-26,-89],[-30,-33],[-73,-27],[-159,45],[-43,-42],[-38,25],[-33,-21],[9,154],[-33,92],[47,92],[200,-18],[212,-59],[-3,-63]],[[32498,62356],[2,-26],[-47,-33],[45,59]],[[32045,62433],[-21,-11],[20,37],[34,-7],[-33,-19]],[[32116,62476],[-17,-22],[8,40],[24,0],[-15,-18]],[[32128,62616],[-20,12],[39,-25],[-19,13]],[[28815,62206],[21,-56],[-48,-31],[-67,4],[-29,45],[-35,-5],[31,7],[-35,25],[-26,-92],[-56,28],[-20,-63],[21,-4],[-11,-35],[-66,91],[-87,-4],[-32,93],[-31,9],[-26,88],[-51,4],[-39,42],[40,103],[72,-1],[19,44],[175,-34],[105,-29],[31,-76],[120,-70],[24,-83]],[[27462,62979],[8,-34],[-78,-18],[-8,61],[11,11],[8,-50],[21,15],[-4,23],[42,-8]],[[27767,63181],[20,0],[-41,-27],[21,27]],[[32034,70486],[0,-31],[-37,-45],[-19,0],[0,28],[13,-26],[43,74]],[[70481,21244],[22,-3],[-94,-41],[-66,119],[91,-20],[47,-55]],[[47242,28595],[1,-28],[-32,38],[21,17],[10,-27]],[[46581,30483],[32,-11],[-24,-34],[-8,45]],[[48410,42670],[15,4],[4,-35],[-31,-30],[12,61]],[[46012,47292],[17,-35],[-31,-17],[14,52]],[[66054,40186],[-35,-148],[-81,-16],[-20,36],[16,18],[10,123],[54,125],[23,-10],[33,-128]],[[67632,40500],[-31,-52],[-9,18],[40,34]],[[62163,44744],[19,-36],[-53,11],[-9,66],[43,-41]],[[62369,44788],[-5,-85],[-85,126],[46,-11],[26,67],[18,-97]],[[62073,45024],[9,-34],[-17,-29],[-61,104],[17,214],[33,-12],[-5,-118],[24,-125]],[[51855,52067],[21,-90],[-64,-130],[-15,140],[58,80]],[[52072,52797],[-17,-83],[-19,20],[15,73],[21,-10]],[[43137,60414],[-4,-56],[-11,37],[15,19]],[[43251,60424],[-23,-59],[-41,63],[45,70],[19,-74]],[[43484,60485],[-21,-66],[-51,34],[-21,68],[3,130],[21,1],[69,-167]],[[43575,60651],[5,-81],[-24,-28],[-17,30],[2,47],[17,44],[17,-12]],[[43699,61113],[1,-29],[-35,-45],[-44,38],[13,111],[53,-18],[12,-57]],[[43314,61401],[10,-30],[-67,14],[-14,-60],[-30,91],[19,24],[82,-39]],[[43630,61389],[-17,128],[19,26],[12,-97],[-14,-57]],[[43077,61563],[8,-47],[-56,7],[32,56],[16,-16]],[[43042,61643],[-39,-61],[-31,-6],[-17,79],[72,81],[36,-51],[-21,-42]],[[43118,61509],[25,-34],[-16,-5],[-9,39]],[[54041,72502],[-6,-51],[-29,13],[-28,86],[15,12],[48,-60]],[[53960,72609],[21,-24],[-41,1],[20,23]],[[49421,80202],[16,-51],[-58,8],[-2,43],[44,0]],[[49283,80337],[22,7],[-9,-40],[-38,-3],[25,36]],[[48718,82965],[-49,4],[22,90],[95,115],[16,-76],[-84,-133]],[[55632,86470],[-3,-47],[-19,25],[22,22]],[[55455,86515],[9,-36],[-22,22],[-13,-36],[-1,59],[27,-9]],[[55613,86517],[-13,-33],[-20,17],[27,28],[-36,-32],[-9,71],[-2,-74],[-29,19],[38,-69],[-28,-29],[-11,31],[-41,-16],[-32,111],[41,19],[5,-63],[34,53],[-44,42],[29,29],[110,-73],[-19,-31]],[[55633,86374],[16,25],[30,-14],[-46,-11]],[[55564,86424],[36,14],[7,-64],[-43,50]],[[48151,87192],[-60,60],[-26,74],[14,11],[0,-31],[55,-15],[-25,-8],[36,-43],[-30,-9],[36,-39]],[[48163,87437],[-14,-44],[-68,95],[82,-51]],[[47948,87594],[-13,31],[60,9],[49,-43],[-45,-40],[-51,43]],[[47993,87638],[8,83],[96,-100],[-14,-23],[51,-39],[4,-52],[-145,131]],[[48040,87707],[35,25],[6,-55],[26,32],[57,-53],[-32,-6],[44,-32],[-29,8],[4,-51],[-27,69],[3,-46],[-87,109]],[[48184,87650],[0,103],[15,-44],[26,-20],[-30,-4],[25,-35],[-32,22],[-4,-22]],[[48219,87726],[-4,-19],[-17,11],[-16,51],[37,-43]],[[79361,45825],[-2,-77],[-31,28],[3,36],[30,13]],[[70129,47580],[-9,-28],[-2,63],[-19,32],[21,-28],[0,-63],[9,24]],[[70134,47641],[-2,-48],[-11,78],[13,-30]],[[78877,52634],[12,-10],[-8,-23],[-38,-39],[-55,32],[19,62],[34,10],[36,-32]],[[96661,35121],[-16,-28],[0,39],[16,-11]],[[6129,39233],[13,-28],[-20,1],[7,27]],[[5612,39631],[15,-39],[-29,12],[14,27]],[[1679,41139],[11,-34],[-21,-45],[-5,44],[-17,-3],[32,38]],[[1413,39570],[-2,-93],[-18,36],[20,57]],[[1371,39667],[-23,-83],[-60,89],[16,29],[-10,-23],[28,-6],[5,-34],[44,28]],[[1566,40429],[16,19],[-4,-30],[-12,11]],[[516,43629],[27,-43],[-31,8],[-8,33],[12,2]],[[1068,44225],[-1,-81],[-11,34],[12,47]],[[2166,44004],[-5,-122],[-84,0],[-72,164],[122,33],[39,-75]],[[2343,43799],[27,-12],[8,-47],[-87,0],[-48,29],[-38,67],[63,45],[69,-44],[6,-38]],[[94583,45074],[22,-34],[-27,-29],[-59,122],[-69,19],[-15,56],[9,24],[24,-19],[115,-139]],[[95103,45599],[-73,0],[-89,51],[-74,98],[-4,115],[-63,24],[5,67],[56,-25],[92,-113],[78,-5],[48,-136],[-4,-71],[28,-5]],[[94993,46159],[-14,76],[14,19],[0,-95]],[[94831,46412],[-11,42],[53,-153],[3,-106],[-43,68],[-2,149]],[[94673,46167],[-50,-57],[-91,70],[-134,12],[-65,157],[4,130],[35,21],[55,-100],[118,12],[73,-98],[55,-147]],[[94514,46558],[17,56],[28,-40],[-14,-32],[-37,-4],[6,20]],[[94220,46617],[11,19],[-17,-66],[6,47]],[[94470,46617],[15,38],[42,-41],[-10,-40],[-47,43]],[[94212,46639],[-5,-49],[-30,20],[20,23],[-6,20],[21,-14]],[[93781,46802],[2,-35],[-47,43],[27,17],[18,-25]],[[93951,46779],[-11,-36],[-9,24],[15,67],[5,-55]],[[93904,46921],[21,-10],[-19,-38],[15,-4],[-4,-42],[-41,-37],[-22,42],[6,69],[15,-8],[16,44],[1,-26],[12,10]],[[93710,46893],[-8,-42],[23,-44],[-28,17],[-31,75],[41,89],[18,-50],[-15,-45]],[[94357,46933],[-8,-19],[-31,40],[3,47],[21,3],[15,-71]],[[94821,46294],[-50,135],[-86,133],[-49,231],[-11,84],[18,30],[-32,131],[28,-23],[1,34],[14,-6],[66,-165],[-14,-121],[57,-79],[15,-108],[22,-28],[-11,-11],[10,-48],[-12,4],[40,-131],[-6,-62]],[[93645,47067],[8,-36],[-37,83],[22,-6],[7,-41]],[[93668,47059],[-31,75],[25,-16],[6,-59]],[[93558,47193],[8,-33],[-15,16],[7,17]],[[93832,46901],[5,-32],[-66,105],[-4,65],[19,-37],[-23,73],[-89,-32],[-1,57],[25,18],[35,119],[45,-16],[10,-134],[29,7],[26,-63],[19,-88],[-6,-53],[-24,11]],[[93502,47183],[-6,-73],[-11,150],[17,-77]],[[93639,47153],[-28,22],[-16,62],[16,60],[24,14],[31,-86],[-9,-78],[-18,6]],[[93557,47386],[-24,-121],[-17,-5],[-44,178],[30,35],[31,-75],[24,-12]],[[93213,47615],[8,-34],[-25,4],[17,30]],[[93281,47789],[10,-45],[-49,6],[17,71],[22,-32]],[[93365,47848],[10,-7],[-31,-29],[10,96],[11,-60]],[[96367,45128],[17,-39],[-40,-2],[-21,55],[29,16],[15,-30]],[[96265,45334],[-14,-15],[-8,36],[17,19],[5,-40]],[[96151,45674],[-59,-47],[-20,-54],[-6,31],[-23,2],[-1,34],[13,25],[6,-31],[15,61],[75,-21]],[[94023,47450],[10,-28],[-44,12],[-13,34],[47,-18]],[[94404,46931],[8,-30],[-72,118],[-189,178],[-101,170],[0,49],[-36,79],[83,-36],[93,-178],[88,-46],[122,-197],[-24,-38],[28,-69]],[[93989,47485],[-26,47],[46,-35],[-20,-12]],[[93780,47568],[2,-27],[-40,23],[38,4]],[[93967,47564],[-10,-35],[-15,20],[25,15]],[[93826,47566],[6,-37],[-33,14],[12,37],[15,-14]],[[93757,47609],[-22,-57],[-34,24],[-3,31],[-11,-19],[-73,50],[-91,222],[-63,95],[-1,59],[26,11],[137,-165],[40,-162],[56,-83],[39,-6]],[[96180,45921],[-4,-27],[0,56],[4,-29]],[[99774,46913],[3,47],[5,-35],[-8,-12]],[[70429,54276],[-10,-46],[-22,13],[32,33]],[[96371,51550],[0,-35],[-9,15],[9,20]],[[95284,54909],[-2,-40],[-28,8],[20,51],[10,-19]],[[93969,55828],[13,-34],[-7,-40],[-37,-4],[-13,80],[13,22],[31,-24]],[[92107,56085],[13,2],[3,-29],[-22,3],[16,14],[-10,10]],[[92187,56128],[11,0],[-17,-19],[6,19]],[[88386,57348],[3,-32],[-17,0],[-21,-63],[17,89],[18,6]],[[42408,17602],[8,-20],[-30,23],[22,-3]],[[42602,17850],[37,-16],[-37,-17],[0,33]],[[42705,18178],[4,-36],[-59,42],[41,25],[14,-31]],[[42659,18537],[-24,23],[15,20],[28,-28],[-19,-15]],[[42458,19192],[16,-18],[-29,-7],[13,25]],[[40025,20337],[35,-44],[-43,-26],[-47,26],[51,-51],[-54,-18],[-106,215],[-86,35],[-21,65],[-36,-4],[-39,50],[-69,-7],[23,23],[-25,27],[48,20],[-126,-15],[10,43],[-19,4],[30,31],[-116,-8],[0,24],[181,16],[-13,-38],[85,11],[-8,-48],[40,35],[-3,-39],[28,30],[32,-44],[41,22],[-18,-39],[63,-6],[-51,-54],[51,25],[-2,-64],[17,20],[23,-28],[-11,67],[37,-24],[1,-49],[67,-72],[-15,-41],[51,9],[-6,-79]],[[33418,21765],[-17,-38],[-10,83],[27,-45]],[[33001,21990],[-6,-26],[-28,22],[34,4]],[[33070,21915],[-57,59],[46,40],[12,-22],[-25,-30],[22,7],[25,54],[-23,-108]],[[32980,22069],[21,-8],[-23,-35],[2,43]],[[33435,22034],[-71,-125],[-103,-16],[-31,-100],[-50,27],[15,-43],[-27,-28],[-26,73],[-36,3],[26,-40],[-20,1],[-67,72],[49,-10],[33,32],[-29,31],[87,-26],[35,52],[-55,-10],[35,7],[10,76],[20,8],[9,-52],[11,63],[32,-7],[1,32],[-44,-2],[-59,-46],[-21,69],[153,-14],[-119,101],[28,32],[-58,26],[-9,38],[136,-78],[46,12],[-26,12],[18,41],[6,-22],[35,20],[19,-40],[87,32],[-14,-37],[41,14],[-8,54],[46,-28],[5,-35],[-110,-169]],[[33361,22286],[-17,-23],[-17,27],[34,-4]],[[33286,22235],[-33,4],[49,15],[-50,56],[60,-22],[7,-27],[-33,-26]],[[33940,22061],[22,4],[-146,-39],[32,-20],[-59,-20],[48,8],[-65,-47],[-94,0],[-51,55],[-8,-33],[44,-56],[50,-10],[-3,-80],[-41,45],[-38,-42],[-59,68],[-36,-4],[53,-62],[-21,-26],[33,-1],[-14,-49],[-78,67],[-25,-16],[33,-115],[-107,135],[42,29],[-17,29],[31,26],[-23,24],[32,-8],[0,51],[78,80],[42,11],[19,-67],[-1,90],[-49,42],[16,42],[29,-32],[-26,83],[65,31],[-24,64],[91,-55],[61,11],[20,-59],[-26,-14],[-22,32],[-4,-55],[27,8],[1,-42],[32,-4],[20,-55],[4,73],[-39,12],[19,47],[107,27],[35,-96],[-70,22],[-32,-22],[101,-44],[-32,-31],[23,-12]],[[33403,22298],[-16,19],[84,-7],[16,-36],[-84,24]],[[33397,21697],[21,13],[-1,-59],[-34,27],[14,19]],[[33773,21888],[-3,-61],[-33,43],[36,18]],[[33404,22271],[41,-29],[-35,-17],[-30,34],[24,12]],[[97177,40233],[16,-29],[-7,-28],[-38,18],[5,37],[24,2]],[[97064,40606],[19,-20],[-18,-74],[-61,96],[7,85],[26,16],[6,-81],[21,-22]],[[97037,40928],[-17,-37],[-80,70],[6,131],[40,8],[5,-52],[27,-25],[-21,-10],[40,-85]],[[96818,41644],[0,-54],[-18,-21],[-47,36],[-19,-16],[18,32],[-16,20],[-28,-13],[47,107],[37,-8],[26,-83]],[[96755,41784],[5,19],[9,-37],[-14,18]],[[96774,42003],[-19,-13],[29,25],[-10,-12]],[[96821,42074],[-7,29],[12,10],[-5,-39]],[[96719,42149],[-20,61],[7,78],[28,-68],[65,-63],[-2,-27],[-39,35],[-39,-16]],[[96757,42307],[-9,24],[15,0],[-6,-24]],[[96716,42418],[-44,12],[-31,54],[72,88],[44,-130],[-41,-24]],[[96614,42376],[8,-22],[-23,-51],[-38,30],[-28,-49],[-18,7],[-23,216],[-15,45],[-24,-32],[-24,50],[10,111],[42,-11],[17,-102],[104,-144],[5,-77],[7,29]],[[96445,42761],[-32,28],[1,42],[39,-7],[-8,-63]],[[96432,42883],[10,-39],[-24,11],[14,28]],[[96717,42896],[24,-229],[-19,-45],[-23,190],[10,115],[8,-31]],[[96649,42968],[-28,-53],[-46,20],[36,75],[55,22],[-17,-64]],[[96692,43205],[4,37],[23,-167],[-4,-109],[-13,0],[-10,239]],[[96427,42885],[-90,-70],[-17,17],[-39,140],[9,96],[-35,223],[10,107],[15,6],[38,-106],[18,-197],[30,3],[12,118],[33,13],[-12,-56],[14,-66],[15,7],[8,-137],[21,-76],[-30,-22]],[[96531,43689],[24,-28],[-11,-63],[-45,-4],[2,64],[30,31]],[[96514,43817],[-18,81],[28,40],[28,-86],[-38,-35]],[[96583,43989],[3,-28],[-22,-15],[19,43]],[[96270,44257],[-13,-9],[-2,60],[15,-51]],[[2819,40910],[19,-60],[-32,-42],[-10,74],[23,28]],[[2614,43617],[-44,-63],[-23,32],[67,31]],[[2927,43641],[-12,-27],[-10,19],[22,8]],[[87352,56073],[14,-30],[-20,10],[6,20]],[[87401,56278],[-13,-193],[-20,-15],[-11,65],[19,75],[22,16],[3,52]],[[90245,59688],[19,-30],[-47,-96],[-14,-99],[-15,-1],[-16,106],[73,120]],[[90334,60000],[24,0],[-23,-41],[-25,11],[24,30]],[[90457,60513],[-6,-90],[-13,58],[19,32]],[[90496,60625],[-10,-98],[-19,3],[4,58],[25,37]],[[90491,62300],[18,-27],[-32,-43],[14,70]],[[90461,62616],[-8,36],[15,12],[6,-34],[-13,-14]],[[64041,66918],[27,-28],[-23,-205],[-27,97],[-5,118],[9,46],[31,-2],[-12,-26]],[[92886,39721],[-1,1],[1,0],[0,-1]],[[82174,58015],[-4,-7],[0,7],[4,0]],[[19663,57766],[-2,-12],[-4,15],[6,-3]],[[81543,64597],[8,-22],[-11,-12],[3,34]],[[84332,44675],[0,-6],[-6,1],[6,5]],[[27780,60929],[1,1],[0,-1],[-1,0]],[[28156,60968],[-1,1],[1,2],[0,-3]],[[82709,60560],[0,-2],[-1,1],[1,1]]],"transform":{"scale":[0.0036000360003600037,0.001736358373583736],"translate":[-180,-90]},"objects":{"countries":{"type":"GeometryCollection","geometries":[{"arcs":[[[0,1]],[[2,3,4,5]],[[6,7]],[[8,9]],[[10]],[[11]],[[12]],[[13]],[[14]],[[15]],[[16]],[[17]],[[18]],[[19]],[[20]],[[21]],[[22]],[[23]],[[24]],[[25]],[[26]],[[27]],[[28]],[[29]],[[30]],[[31]],[[32]],[[33]],[[34]],[[35]],[[36]],[[37]],[[38]],[[39]],[[40]],[[41]],[[42]],[[43]],[[44]],[[45]],[[46]],[[47]],[[48]],[[49]],[[50]],[[51]],[[52]],[[53]],[[54]],[[55]],[[56]],[[57]],[[58]],[[59]],[[60]],[[61]],[[62]],[[63]],[[64]],[[65]],[[66]],[[67]],[[68]],[[69]],[[70]],[[71]],[[72]],[[73]],[[74]],[[75]],[[76]],[[77]],[[78]],[[79]],[[80]],[[81]],[[82]],[[83]],[[84]],[[85]],[[86]],[[87]],[[88]],[[89]],[[90]],[[91]],[[92]],[[93]],[[94]],[[95]],[[96]],[[97]],[[98]],[[99]],[[100]],[[101]],[[102]],[[103]],[[104]],[[105]],[[106]],[[107]],[[108]],[[109]],[[110]],[[111]],[[112]],[[113]],[[114]],[[115]],[[116]],[[117]],[[118]],[[119]],[[120]],[[121]],[[122]],[[123]],[[124]],[[125]],[[126]],[[127]],[[128]],[[129]],[[130]],[[131]],[[132]],[[133]],[[134]],[[135]],[[136]],[[137]],[[138]],[[139]],[[140]],[[141]],[[142]],[[143]],[[144]],[[145]],[[146]],[[147]],[[148]],[[149]],[[150]],[[151]],[[152]],[[153]],[[154]],[[155]],[[156]],[[157]],[[158]],[[159]],[[160]],[[161]],[[162]],[[163]],[[164]],[[165]],[[166]],[[167]],[[168]],[[169]],[[170]],[[171]],[[172]],[[173]],[[174]],[[175]],[[176]],[[177]],[[178]],[[179]],[[180]],[[181]],[[182]],[[183]],[[184]],[[185]],[[186]],[[187]],[[188]],[[189]],[[190]],[[191]],[[192]],[[193]],[[194]],[[195]],[[196]],[[197]],[[198]],[[199]],[[200]],[[201]],[[202]],[[203]],[[204]],[[205]],[[206]],[[207]],[[208]],[[209]],[[210]],[[211]],[[212]],[[213]],[[214]],[[215]],[[216]],[[217]]],"type":"MultiPolygon","properties":{"name":"Indonesia","ISO3166-1-Alpha-3":"IDN","ISO3166-1-Alpha-2":"ID"}},{"arcs":[[[218,-1]],[[219,220]],[[221,-8,222,223,224,225]],[[226]],[[227]],[[228]],[[229]],[[230]],[[231]],[[232]],[[233]],[[234]],[[235]],[[236]]],"type":"MultiPolygon","properties":{"name":"Malaysia","ISO3166-1-Alpha-3":"MYS","ISO3166-1-Alpha-2":"MY"}},{"arcs":[[[237,238,239,240,241,242]],[[243,244,245,246]],[[247]],[[248]],[[249]],[[250]],[[251]],[[252]],[[253]],[[254]],[[255]],[[256]],[[257]],[[258]],[[259]],[[260]],[[261]],[[262]],[[263]],[[264]],[[265]],[[266]],[[267]],[[268]],[[269]],[[270]],[[271]],[[272]],[[273]],[[274]],[[275]],[[276]],[[277]],[[278]],[[279]],[[280]],[[281]],[[282]],[[283]],[[284]],[[285]],[[286]],[[287]],[[288]],[[289]],[[290]],[[291]],[[292]],[[293]],[[294]],[[295]],[[296]],[[297]],[[298]],[[299]],[[300]],[[301]],[[302]],[[303]],[[304]],[[305]],[[306]],[[307]],[[308]],[[309]],[[310]],[[311]],[[312]],[[313]],[[314]],[[315]],[[316]],[[317]],[[318]],[[319]],[[320]],[[321]],[[322]],[[323]],[[324]],[[325]],[[326]],[[327]],[[328]],[[329]],[[330]],[[331]],[[332]],[[333]],[[334]],[[335]],[[336]],[[337]],[[338]],[[339]],[[340]],[[341]],[[342]],[[343]],[[344]],[[345]],[[346]],[[347]],[[348]],[[349]],[[350]],[[351]],[[352]],[[353]],[[354]],[[355]],[[356]],[[357]],[[358]],[[359]],[[360]],[[361]],[[362]],[[363]],[[364]],[[365]],[[366]],[[367]],[[368]],[[369]],[[370]],[[371]],[[372]],[[373]],[[374]],[[375]],[[376]],[[377]],[[378]],[[379]],[[380]],[[381]],[[382]],[[383]],[[384]],[[385]],[[386]],[[387]],[[388]],[[389]],[[390]],[[391]],[[392]],[[393]],[[394]]],"type":"MultiPolygon","properties":{"name":"Chile","ISO3166-1-Alpha-3":"CHL","ISO3166-1-Alpha-2":"CL"}},{"arcs":[[395,396,397,398,-238]],"type":"Polygon","properties":{"name":"Bolivia","ISO3166-1-Alpha-3":"BOL","ISO3166-1-Alpha-2":"BO"}},{"arcs":[[-243,399,400,401,402,-396]],"type":"Polygon","properties":{"name":"Peru","ISO3166-1-Alpha-3":"PER","ISO3166-1-Alpha-2":"PE"}},{"arcs":[[[-399,403,404,405,406,407,-241,408,-239]],[[-244,409]],[[-246,410]],[[411]],[[412]],[[413]],[[414]]],"type":"MultiPolygon","properties":{"name":"Argentina","ISO3166-1-Alpha-3":"ARG","ISO3166-1-Alpha-2":"AR"}},{"arcs":[[415,416,417,418,419,420,421]],"type":"Polygon","properties":{"name":"Dhekelia Sovereign Base Area","ISO3166-1-Alpha-3":"-99","ISO3166-1-Alpha-2":"-99"}},{"arcs":[[[-417,422,423,424,425,426,427]],[[428,429,-421]]],"type":"MultiPolygon","properties":{"name":"Cyprus","ISO3166-1-Alpha-3":"CYP","ISO3166-1-Alpha-2":"CY"}},{"arcs":[[[430,431,432,433,434,435,436,437,438,439]],[[440]],[[441]],[[442]],[[443]],[[444]],[[445]],[[446]],[[447]],[[448]],[[449]],[[450]],[[451]],[[452]],[[453]],[[454]],[[455]],[[456]],[[457]]],"type":"MultiPolygon","properties":{"name":"India","ISO3166-1-Alpha-3":"IND","ISO3166-1-Alpha-2":"IN"}},{"arcs":[[[458,459,460,461,462,463,464,465,466,467,468,469,470,471,472,473,-435,474,-433,475,-431]],[[476]],[[477]],[[478]],[[479]],[[480]],[[481]],[[482]],[[483]],[[484]],[[485]],[[486]],[[487]],[[488]],[[489]],[[490]],[[491]],[[492]],[[493]],[[494]],[[495]],[[496]],[[497]],[[498]],[[499]],[[500]],[[501]],[[502]],[[503]],[[504]],[[505]],[[506]],[[507]],[[508]],[[509]],[[510]],[[511]],[[512]]],"type":"MultiPolygon","properties":{"name":"China","ISO3166-1-Alpha-3":"CHN","ISO3166-1-Alpha-2":"CN"}},{"arcs":[[513,514,515,516,517,518,519,520,521]],"type":"Polygon","properties":{"name":"Israel","ISO3166-1-Alpha-3":"ISR","ISO3166-1-Alpha-2":"IL"}},{"arcs":[[[-514,522,523]],[[524,-519]]],"type":"MultiPolygon","properties":{"name":"Palestine","ISO3166-1-Alpha-3":"PSE","ISO3166-1-Alpha-2":"PS"}},{"arcs":[[525,526,-516]],"type":"Polygon","properties":{"name":"Lebanon","ISO3166-1-Alpha-3":"LBN","ISO3166-1-Alpha-2":"LB"}},{"arcs":[[527,528,529,530,531,532,533]],"type":"Polygon","properties":{"name":"Ethiopia","ISO3166-1-Alpha-3":"ETH","ISO3166-1-Alpha-2":"ET"}},{"arcs":[[534,535,536,537,538,-534]],"type":"Polygon","properties":{"name":"South Sudan","ISO3166-1-Alpha-3":"SSD","ISO3166-1-Alpha-2":"SS"}},{"arcs":[[539,540,541,-532]],"type":"Polygon","properties":{"name":"Somalia","ISO3166-1-Alpha-3":"SOM","ISO3166-1-Alpha-2":"SO"}},{"arcs":[[[-533,-542,542,543,544,-535]],[[545]]],"type":"MultiPolygon","properties":{"name":"Kenya","ISO3166-1-Alpha-3":"KEN","ISO3166-1-Alpha-2":"KE"}},{"arcs":[[[546,547,548]],[[549]],[[550]]],"type":"MultiPolygon","properties":{"name":"Malawi","ISO3166-1-Alpha-3":"MWI","ISO3166-1-Alpha-2":"MW"}},{"arcs":[[[551,552,553,554,555,-544,556,557,-549]],[[558]],[[559]],[[560]],[[561]]],"type":"MultiPolygon","properties":{"name":"United Republic of Tanzania","ISO3166-1-Alpha-3":"TZA","ISO3166-1-Alpha-2":"TZ"}},{"arcs":[[-517,-527,562,563,564,565]],"type":"Polygon","properties":{"name":"Syria","ISO3166-1-Alpha-3":"SYR","ISO3166-1-Alpha-2":"SY"}},{"arcs":[[-540,-531,566,567]],"type":"Polygon","properties":{"name":"Somaliland","ISO3166-1-Alpha-3":"-99","ISO3166-1-Alpha-2":"-99"}},{"arcs":[[[568,569,570]],[[571,572,573,574,575,576,577,578,579,580,581,582]],[[583]],[[584]],[[585]],[[586]],[[587]],[[588]],[[589]],[[590]],[[591]],[[592]],[[593]],[[594]]],"type":"MultiPolygon","properties":{"name":"France","ISO3166-1-Alpha-3":"-99","ISO3166-1-Alpha-2":"-99"}},{"arcs":[[595,596,597,-569]],"type":"Polygon","properties":{"name":"Suriname","ISO3166-1-Alpha-3":"SUR","ISO3166-1-Alpha-2":"SR"}},{"arcs":[[[598,599,600,-597]],[[601]]],"type":"MultiPolygon","properties":{"name":"Guyana","ISO3166-1-Alpha-3":"GUY","ISO3166-1-Alpha-2":"GY"}},{"arcs":[[[602,603]],[[604]],[[605]],[[606]],[[607]],[[608]],[[609]],[[610]],[[611]],[[612]],[[613]],[[614]],[[615]],[[616]],[[617]],[[618]],[[619]],[[620]],[[621]],[[622]],[[623]],[[624]],[[625]],[[626]],[[627]],[[628]],[[629]],[[630]],[[631]],[[632]],[[633]]],"type":"MultiPolygon","properties":{"name":"South Korea","ISO3166-1-Alpha-3":"KOR","ISO3166-1-Alpha-2":"KR"}},{"arcs":[[[-604,634,-468,635,636]],[[637]],[[638]]],"type":"MultiPolygon","properties":{"name":"North Korea","ISO3166-1-Alpha-3":"PRK","ISO3166-1-Alpha-2":"KP"}},{"arcs":[[639,640,641,642,643,644,645]],"type":"Polygon","properties":{"name":"Morocco","ISO3166-1-Alpha-3":"MAR","ISO3166-1-Alpha-2":"MA"}},{"arcs":[[646,647,648,-646]],"type":"Polygon","properties":{"name":"Western Sahara","ISO3166-1-Alpha-3":"ESH","ISO3166-1-Alpha-2":"EH"}},{"arcs":[[[649,650,651,652,653,654]],[[655]]],"type":"MultiPolygon","properties":{"name":"Costa Rica","ISO3166-1-Alpha-3":"CRI","ISO3166-1-Alpha-2":"CR"}},{"arcs":[[[656,657,658,-655]],[[660]]],"type":"MultiPolygon","properties":{"name":"Nicaragua","ISO3166-1-Alpha-3":"NIC","ISO3166-1-Alpha-2":"NI"}},{"arcs":[[661,662,663,664,665,666]],"type":"Polygon","properties":{"name":"Republic of the Congo","ISO3166-1-Alpha-3":"COG","ISO3166-1-Alpha-2":"CG"}},{"arcs":[[[667,-537,668,669,670,-553,671,672,673,674,-662]],[[675]]],"type":"MultiPolygon","properties":{"name":"Democratic Republic of the Congo","ISO3166-1-Alpha-3":"COD","ISO3166-1-Alpha-2":"CD"}},{"arcs":[[-434,-475]],"type":"Polygon","properties":{"name":"Bhutan","ISO3166-1-Alpha-3":"BTN","ISO3166-1-Alpha-2":"BT"}},{"arcs":[[[676,677,678,679,680,681,682,683,684,685,686],[687]],[[688]],[[689]]],"type":"MultiPolygon","properties":{"name":"Ukraine","ISO3166-1-Alpha-3":"UKR","ISO3166-1-Alpha-2":"UA"}},{"arcs":[[690,691,692,693,-687]],"type":"Polygon","properties":{"name":"Belarus","ISO3166-1-Alpha-3":"BLR","ISO3166-1-Alpha-2":"BY"}},{"arcs":[[694,695,696,697,698]],"type":"Polygon","properties":{"name":"Namibia","ISO3166-1-Alpha-3":"NAM","ISO3166-1-Alpha-2":"NA"}},{"arcs":[[[699,700,701,702,703,704,-699],[705]],[[706]]],"type":"MultiPolygon","properties":{"name":"South Africa","ISO3166-1-Alpha-3":"ZAF","ISO3166-1-Alpha-2":"ZA"}},{"arcs":[[707,708]],"type":"Polygon","properties":{"name":"Saint Martin","ISO3166-1-Alpha-3":"MAF","ISO3166-1-Alpha-2":"MF"}},{"arcs":[[-708,709]],"type":"Polygon","properties":{"name":"Sint Maarten","ISO3166-1-Alpha-3":"SXM","ISO3166-1-Alpha-2":"SX"}},{"arcs":[[[710]],[[711,712]],[[713,714,715,716]],[[717]],[[718]]],"type":"MultiPolygon","properties":{"name":"Oman","ISO3166-1-Alpha-3":"OMN","ISO3166-1-Alpha-2":"OM"}},{"arcs":[[[719]],[[720,721,722,723,724]],[[725]]],"type":"MultiPolygon","properties":{"name":"Uzbekistan","ISO3166-1-Alpha-3":"UZB","ISO3166-1-Alpha-2":"UZ"}},{"arcs":[[[-464,726,-724,727,728,729],[730]],[[731]],[[732]],[[733]],[[734]],[[735]]],"type":"MultiPolygon","properties":{"name":"Kazakhstan","ISO3166-1-Alpha-3":"KAZ","ISO3166-1-Alpha-2":"KZ"}},{"arcs":[[[736,-462,737,-721]],[[738]]],"type":"MultiPolygon","properties":{"name":"Tajikistan","ISO3166-1-Alpha-3":"TJK","ISO3166-1-Alpha-2":"TJ"}},{"arcs":[[[-692,739,740,741,742]],[[743,744]]],"type":"MultiPolygon","properties":{"name":"Lithuania","ISO3166-1-Alpha-3":"LTU","ISO3166-1-Alpha-2":"LT"}},{"arcs":[[[745,-405,746,-397,-403,747,748,-599,-596,-571,749,750]],[[751]],[[752]],[[753]],[[754]],[[755]],[[756]],[[757]],[[758]],[[759]],[[760]],[[761]],[[762]],[[763]],[[764]],[[765]],[[766]],[[767]],[[768]],[[769]],[[770]],[[771]],[[772]],[[773]],[[774]],[[775]],[[776]],[[777]],[[778]],[[779]],[[780]],[[781]],[[782]],[[783]],[[784]],[[785]],[[786]],[[787]],[[788]],[[789]]],"type":"MultiPolygon","properties":{"name":"Brazil","ISO3166-1-Alpha-3":"BRA","ISO3166-1-Alpha-2":"BR"}},{"arcs":[[-751,790,-407,791]],"type":"Polygon","properties":{"name":"Uruguay","ISO3166-1-Alpha-3":"URY","ISO3166-1-Alpha-2":"UY"}},{"arcs":[[-466,792]],"type":"Polygon","properties":{"name":"Mongolia","ISO3166-1-Alpha-3":"MNG","ISO3166-1-Alpha-2":"MN"}},{"arcs":[[[-465,-730,793,794,795,796,-677,-694,797,798,799,800,801,802,-636,-467,-793]],[[803,804,-744,805,-741]],[[-679,806]],[[807]],[[808]],[[809]],[[810]],[[811]],[[812]],[[813]],[[814]],[[815]],[[816]],[[817]],[[818]],[[819]],[[820]],[[821]],[[822]],[[823]],[[824]],[[825]],[[826]],[[827]],[[828]],[[829]],[[830]],[[831]],[[832]],[[833]],[[834]],[[835]],[[836]],[[837]],[[838]],[[839]],[[840]],[[841]],[[842]],[[843]],[[844]],[[845]],[[846]],[[847]],[[848]],[[849]],[[850]],[[851]],[[852]],[[853]],[[854]],[[855]],[[856]],[[857]],[[858]],[[859]],[[860]],[[861]],[[862]],[[863]],[[864]],[[865]],[[866]],[[867]],[[868]],[[869]],[[870]],[[871]],[[872]],[[873]],[[874]],[[875]],[[876]],[[877]],[[878]],[[879]],[[880]],[[881]],[[882]],[[883]],[[884]],[[885]],[[886]],[[887]],[[888]],[[889]],[[890]],[[891]],[[892]],[[893]],[[894]],[[895]],[[896]],[[897]],[[898]],[[899]],[[900]],[[901]],[[902]],[[903]],[[904]],[[905]],[[906]],[[907]],[[908]],[[909]],[[910]],[[911]],[[912]],[[913]],[[914]],[[915]],[[916]],[[917]],[[918]],[[919]],[[920]],[[921]],[[922]],[[923]],[[924]],[[925]],[[926]],[[927]],[[928]],[[929]],[[930]],[[931]],[[932]],[[933]],[[934]],[[935]],[[936]],[[937]],[[938]],[[939]],[[940]],[[941]],[[942]],[[943]],[[944]],[[945]],[[946]],[[947]],[[948]],[[949]],[[950]],[[951]],[[952]],[[953]],[[954]],[[955]],[[956]],[[957]],[[958]],[[959]],[[960]],[[961]],[[962]],[[963]],[[964]],[[965]],[[966]],[[967]],[[968]],[[969]],[[970]],[[971]],[[972]],[[973]]],"type":"MultiPolygon","properties":{"name":"Russia","ISO3166-1-Alpha-3":"RUS","ISO3166-1-Alpha-2":"RU"}},{"arcs":[[974,975,976,977]],"type":"Polygon","properties":{"name":"Czechia","ISO3166-1-Alpha-3":"CZE","ISO3166-1-Alpha-2":"CZ"}},{"arcs":[[[978,979,-574,980,981,982,983,984,985,986,-978]],[[987,988]],[[989]],[[990]],[[991]],[[992]],[[993]],[[994]],[[995]],[[996]]],"type":"MultiPolygon","properties":{"name":"Germany","ISO3166-1-Alpha-3":"DEU","ISO3166-1-Alpha-2":"DE"}},{"arcs":[[[997,-799,998]],[[999]],[[1000]],[[1001]],[[1002]]],"type":"MultiPolygon","properties":{"name":"Estonia","ISO3166-1-Alpha-3":"EST","ISO3166-1-Alpha-2":"EE"}},{"arcs":[[-798,-693,-743,1003,-999]],"type":"Polygon","properties":{"name":"Latvia","ISO3166-1-Alpha-3":"LVA","ISO3166-1-Alpha-2":"LV"}},{"arcs":[[[1004,1005,-802,1006]],[[1007]],[[1008]],[[1009]],[[1010]],[[1011]],[[1012]],[[1013]],[[1014]],[[1015]],[[1016]],[[1017]],[[1018]],[[1019]],[[1020]],[[1021]],[[1022]],[[1023]],[[1024]],[[1025]],[[1026]],[[1027]],[[1028]],[[1029]],[[1030]],[[1031]],[[1032]],[[1033]],[[1034]],[[1035]],[[1036]],[[1037]],[[1038]],[[1039]],[[1040]],[[1041]],[[1042]],[[1043]],[[1044]],[[1045]],[[1046]],[[1047]],[[1048]],[[1049]],[[1050]],[[1051]],[[1052]],[[1053]],[[1054]],[[1055]],[[1056]],[[1057]],[[1058]],[[1059]],[[1060]],[[1061]],[[1062]],[[1063]],[[1064]],[[1065]],[[1066]],[[1067]],[[1068]],[[1069]],[[1070]],[[1071]],[[1072]],[[1073]],[[1074]],[[1075]],[[1076]],[[1077]],[[1078]],[[1079]],[[1080]],[[1081]],[[1082]],[[1083]],[[1084]],[[1085]],[[1086]],[[1087]],[[1088]],[[1089]],[[1090]],[[1091]],[[1092]],[[1093]],[[1094]],[[1095]],[[1096]],[[1097]],[[1098]],[[1099]],[[1100]],[[1101]]],"type":"MultiPolygon","properties":{"name":"Norway","ISO3166-1-Alpha-3":"-99","ISO3166-1-Alpha-2":"-99"}},{"arcs":[[[1102,1103,-1005]],[[1104]],[[1105]],[[1106]],[[1107]],[[1108]],[[1109]],[[1110]],[[1111]],[[1112]],[[1113]],[[1114]],[[1115]],[[1116]],[[1117]],[[1118]],[[1119]],[[1120]],[[1121]]],"type":"MultiPolygon","properties":{"name":"Sweden","ISO3166-1-Alpha-3":"SWE","ISO3166-1-Alpha-2":"SE"}},{"arcs":[[[-801,1122,-1103,-1007]],[[1123]],[[1124]],[[1125]],[[1126]],[[1127]],[[1128]],[[1130]],[[1131]],[[1132]],[[1133]],[[1134]],[[1135]],[[1136]],[[1137]],[[1138]]],"type":"MultiPolygon","properties":{"name":"Finland","ISO3166-1-Alpha-3":"FIN","ISO3166-1-Alpha-2":"FI"}},{"arcs":[[[1139,-472,1140,1141]],[[1142]],[[1143]],[[1144]],[[1145]],[[1146]],[[1147]],[[1148]],[[1149]],[[1150]],[[1151]],[[1152]],[[1154]],[[1155]],[[1156]],[[1157]],[[1158]]],"type":"MultiPolygon","properties":{"name":"Vietnam","ISO3166-1-Alpha-3":"VNM","ISO3166-1-Alpha-2":"VN"}},{"arcs":[[[-1142,1159,1160,1161]],[[1162]],[[1163]],[[1164]],[[1165]]],"type":"MultiPolygon","properties":{"name":"Cambodia","ISO3166-1-Alpha-3":"KHM","ISO3166-1-Alpha-2":"KH"}},{"arcs":[[-981,-573,1166]],"type":"Polygon","properties":{"name":"Luxembourg","ISO3166-1-Alpha-3":"LUX","ISO3166-1-Alpha-2":"LU"}},{"arcs":[[[1167,-717,1168,1169,-713],[-711]],[[1170]],[[1171]],[[1172]],[[1173]],[[1174]],[[1175]]],"type":"MultiPolygon","properties":{"name":"United Arab Emirates","ISO3166-1-Alpha-3":"ARE","ISO3166-1-Alpha-2":"AE"}},{"arcs":[[1176,1177,1178,1179,-982,-1167,-572]],"type":"Polygon","properties":{"name":"Belgium","ISO3166-1-Alpha-3":"BEL","ISO3166-1-Alpha-2":"BE"}},{"arcs":[[-796,1180,1181,1182,1183]],"type":"Polygon","properties":{"name":"Georgia","ISO3166-1-Alpha-3":"GEO","ISO3166-1-Alpha-2":"GE"}},{"arcs":[[1184,1185,1186,1187,1188]],"type":"Polygon","properties":{"name":"North Macedonia","ISO3166-1-Alpha-3":"MKD","ISO3166-1-Alpha-2":"MK"}},{"arcs":[[-1189,1189,1190,1191,1192]],"type":"Polygon","properties":{"name":"Albania","ISO3166-1-Alpha-3":"ALB","ISO3166-1-Alpha-2":"AL"}},{"arcs":[[[-1181,-795,1193,1194,1195],[1196]],[[1197,1198,1199]]],"type":"MultiPolygon","properties":{"name":"Azerbaijan","ISO3166-1-Alpha-3":"AZE","ISO3166-1-Alpha-2":"AZ"}},{"arcs":[[1200,1201,-1185,-1193]],"type":"Polygon","properties":{"name":"Kosovo","ISO3166-1-Alpha-3":"-99","ISO3166-1-Alpha-2":"-99"}},{"arcs":[[[1202,-1199,1203,1204,-564,1205,-1183]],[[1206,1207,1208]],[[1209]],[[1210]],[[1211]],[[1212]]],"type":"MultiPolygon","properties":{"name":"Turkey","ISO3166-1-Alpha-3":"TUR","ISO3166-1-Alpha-2":"TR"}},{"arcs":[[[-641,1213]],[[-582,1215,-580,1216,1217,1218,1219,1220]],[[1221]],[[1222]],[[1223]],[[1224]],[[1225]],[[1226]],[[1227]],[[1228]],[[1229]],[[1230]],[[1231]]],"type":"MultiPolygon","properties":{"name":"Spain","ISO3166-1-Alpha-3":"ESP","ISO3166-1-Alpha-2":"ES"}},{"arcs":[[-1140,-1162,1232,1233,-473]],"type":"Polygon","properties":{"name":"Laos","ISO3166-1-Alpha-3":"LAO","ISO3166-1-Alpha-2":"LA"}},{"arcs":[[-463,-737,-725,-727],[-720],[-726],[-739]],"type":"Polygon","properties":{"name":"Kyrgyzstan","ISO3166-1-Alpha-3":"KGZ","ISO3166-1-Alpha-2":"KG"}},{"arcs":[[[-1196,1234,-1200,-1203,-1182]],[[-1197]]],"type":"MultiPolygon","properties":{"name":"Armenia","ISO3166-1-Alpha-3":"ARM","ISO3166-1-Alpha-2":"AM"}},{"arcs":[[[1235,-985]],[[1236]],[[1237]],[[1238]],[[1239]],[[1240]],[[1241]],[[1242]],[[1243]],[[1244]],[[1245]],[[1246]],[[1247]]],"type":"MultiPolygon","properties":{"name":"Denmark","ISO3166-1-Alpha-3":"DNK","ISO3166-1-Alpha-2":"DK"}},{"arcs":[[1248,1249,1250,1251,1252,1253,1254]],"type":"Polygon","properties":{"name":"Libya","ISO3166-1-Alpha-3":"LBY","ISO3166-1-Alpha-2":"LY"}},{"arcs":[[[-1255,1255,1256]],[[1257]],[[1258]],[[1259]]],"type":"MultiPolygon","properties":{"name":"Tunisia","ISO3166-1-Alpha-3":"TUN","ISO3166-1-Alpha-2":"TN"}},{"arcs":[[-683,1260,-681,1261,1262,1263,1264]],"type":"Polygon","properties":{"name":"Romania","ISO3166-1-Alpha-3":"ROU","ISO3166-1-Alpha-2":"RO"}},{"arcs":[[-1265,1265,1266,1267,1268,1269,-684]],"type":"Polygon","properties":{"name":"Hungary","ISO3166-1-Alpha-3":"HUN","ISO3166-1-Alpha-2":"HU"}},{"arcs":[[-685,-1270,1270,-976,1271]],"type":"Polygon","properties":{"name":"Slovakia","ISO3166-1-Alpha-3":"SVK","ISO3166-1-Alpha-2":"SK"}},{"arcs":[[-975,-987,1272,-988,1273,-804,-740,-691,-686,-1272]],"type":"Polygon","properties":{"name":"Poland","ISO3166-1-Alpha-3":"POL","ISO3166-1-Alpha-2":"PL"}},{"arcs":[[[1274,1275]],[[1276]]],"type":"MultiPolygon","properties":{"name":"Ireland","ISO3166-1-Alpha-3":"IRL","ISO3166-1-Alpha-2":"IE"}},{"arcs":[[[1277,-1275]],[[1278]],[[1279]],[[1280]],[[1281]],[[1282]],[[1283]],[[1284]],[[1285]],[[1286]],[[1287]],[[1288]],[[1289]],[[1290]],[[1291]],[[1292]],[[1293]],[[1294]],[[1295]],[[1296]],[[1297]],[[1298]],[[1299]],[[1300]],[[1301]],[[1302]],[[1303]],[[1304]],[[1305]],[[1306]],[[1307]],[[1308]],[[1309]]],"type":"MultiPolygon","properties":{"name":"United Kingdom","ISO3166-1-Alpha-3":"GBR","ISO3166-1-Alpha-2":"GB"}},{"arcs":[[[-1188,1310,-1208,1311,-1190]],[[1312]],[[1313]],[[1314]],[[1315]],[[1316]],[[1317]],[[1318]],[[1319]],[[1320]],[[1321]],[[1322]],[[1323]],[[1324]],[[1325]],[[1326]],[[1327]],[[1328]],[[1329]],[[1330]],[[1331]],[[1332]],[[1333]],[[1334]],[[1335]],[[1336]],[[1337]],[[1338]],[[1339]],[[1340]],[[1341]],[[1342]],[[1343]],[[1344]],[[1345]],[[1346]],[[1347]],[[1348]],[[1349]],[[1350]],[[1351]],[[1352]],[[1353]],[[1354]],[[1355]],[[1356]],[[1357]],[[1358]],[[1359]],[[1360]],[[1361]],[[1362]],[[1363]],[[1364]]],"type":"MultiPolygon","properties":{"name":"Greece","ISO3166-1-Alpha-3":"GRC","ISO3166-1-Alpha-2":"GR"}},{"arcs":[[-548,1365,1366,-697,1367,-672,-552]],"type":"Polygon","properties":{"name":"Zambia","ISO3166-1-Alpha-3":"ZMB","ISO3166-1-Alpha-2":"ZM"}},{"arcs":[[[1368,1369,1370]],[[1371]]],"type":"MultiPolygon","properties":{"name":"Sierra Leone","ISO3166-1-Alpha-3":"SLE","ISO3166-1-Alpha-2":"SL"}},{"arcs":[[1372,1373,1374,1375,1376,1377,-1371]],"type":"Polygon","properties":{"name":"Guinea","ISO3166-1-Alpha-3":"GIN","ISO3166-1-Alpha-2":"GN"}},{"arcs":[[-1369,-1378,1378,1379]],"type":"Polygon","properties":{"name":"Liberia","ISO3166-1-Alpha-3":"LBR","ISO3166-1-Alpha-2":"LR"}},{"arcs":[[1380,-538,-668,-667,1381,1382]],"type":"Polygon","properties":{"name":"Central African Republic","ISO3166-1-Alpha-3":"CAF","ISO3166-1-Alpha-2":"CF"}},{"arcs":[[1383,-1251,1384,1385,1386,1387,1388,1389,1390,-528,-539,-1381]],"type":"Polygon","properties":{"name":"Sudan","ISO3166-1-Alpha-3":"SDN","ISO3166-1-Alpha-2":"SD"}},{"arcs":[[-567,-530,1391,1392]],"type":"Polygon","properties":{"name":"Djibouti","ISO3166-1-Alpha-3":"DJI","ISO3166-1-Alpha-2":"DJ"}},{"arcs":[[[-1392,-529,-1391,1393]],[[1394]],[[1395]]],"type":"MultiPolygon","properties":{"name":"Eritrea","ISO3166-1-Alpha-3":"ERI","ISO3166-1-Alpha-2":"ER"}},{"arcs":[[-1271,-1269,1396,1397,1398,1399,1400,-979,-977]],"type":"Polygon","properties":{"name":"Austria","ISO3166-1-Alpha-3":"AUT","ISO3166-1-Alpha-2":"AT"}},{"arcs":[[1401,1402,1403,1404,1405,-565,-1205]],"type":"Polygon","properties":{"name":"Iraq","ISO3166-1-Alpha-3":"IRQ","ISO3166-1-Alpha-2":"IQ"}},{"arcs":[[[1406,-1398,1407,1408,-576],[1409]],[[1410]],[[1411]],[[1412]],[[1413]],[[1414]],[[1415]],[[1416]],[[1417]],[[1418]],[[1419]]],"type":"MultiPolygon","properties":{"name":"Italy","ISO3166-1-Alpha-3":"ITA","ISO3166-1-Alpha-2":"IT"}},{"arcs":[[-1407,-575,-980,-1401,1420,-1399]],"type":"Polygon","properties":{"name":"Switzerland","ISO3166-1-Alpha-3":"CHE","ISO3166-1-Alpha-2":"CH"}},{"arcs":[[[-1198,-1235,-1195,1421,1422,1423,1424,1425,-1402,-1204]],[[1426]],[[1427]],[[1428]]],"type":"MultiPolygon","properties":{"name":"Iran","ISO3166-1-Alpha-3":"IRN","ISO3166-1-Alpha-2":"IR"}},{"arcs":[[[-983,-1180,1429]],[[1430,-1178]],[[1431]],[[1432]],[[1433]],[[1434]],[[1435]],[[1436]]],"type":"MultiPolygon","properties":{"name":"Netherlands","ISO3166-1-Alpha-3":"NLD","ISO3166-1-Alpha-2":"NL"}},{"arcs":[[-1400,-1421]],"type":"Polygon","properties":{"name":"Liechtenstein","ISO3166-1-Alpha-3":"LIE","ISO3166-1-Alpha-2":"LI"}},{"arcs":[[[1437,1438,1439,1440,-1379,-1377]],[[1441,1442]]],"type":"MultiPolygon","properties":{"name":"Ivory Coast","ISO3166-1-Alpha-3":"CIV","ISO3166-1-Alpha-2":"CI"}},{"arcs":[[-1264,1443,-1186,-1202,1444,1445,1446,-1266]],"type":"Polygon","properties":{"name":"Republic of Serbia","ISO3166-1-Alpha-3":"SRB","ISO3166-1-Alpha-2":"RS"}},{"arcs":[[1447,1448,1449,1450,-1438,-1376,1451]],"type":"Polygon","properties":{"name":"Mali","ISO3166-1-Alpha-3":"MLI","ISO3166-1-Alpha-2":"ML"}},{"arcs":[[-1452,-1375,1452,1453,1454,1455,1456]],"type":"Polygon","properties":{"name":"Senegal","ISO3166-1-Alpha-3":"SEN","ISO3166-1-Alpha-2":"SN"}},{"arcs":[[[1457,1458,1459,1460,1461]],[[1462]],[[1463]]],"type":"MultiPolygon","properties":{"name":"Nigeria","ISO3166-1-Alpha-3":"NGA","ISO3166-1-Alpha-2":"NG"}},{"arcs":[[-1462,1464,1465,1466,1467]],"type":"Polygon","properties":{"name":"Benin","ISO3166-1-Alpha-3":"BEN","ISO3166-1-Alpha-2":"BJ"}},{"arcs":[[[-675,1468,-663]],[[-1368,-696,1469,-673]],[[1470]]],"type":"MultiPolygon","properties":{"name":"Angola","ISO3166-1-Alpha-3":"AGO","ISO3166-1-Alpha-2":"AO"}},{"arcs":[[[-1267,-1447,1471,1472,1473],[1483]],[[1474,1475,1476]],[[1477]],[[1478]],[[1479]],[[1480]],[[1481]],[[1482]],[[1484]],[[1485]],[[1486]],[[1487]],[[1488]],[[1489]],[[1490]],[[1491]]],"type":"MultiPolygon","properties":{"name":"Croatia","ISO3166-1-Alpha-3":"HRV","ISO3166-1-Alpha-2":"HR"}},{"arcs":[[1492,-1408,-1397,-1268,-1474]],"type":"Polygon","properties":{"name":"Slovenia","ISO3166-1-Alpha-3":"SVN","ISO3166-1-Alpha-2":"SI"}},{"arcs":[[1493,1494]],"type":"Polygon","properties":{"name":"Qatar","ISO3166-1-Alpha-3":"QAT","ISO3166-1-Alpha-2":"QA"}},{"arcs":[[[-1495,1495,-1169,-716,1496,1497,1498,-1405,1499,1500]],[[1501]],[[1502]],[[1503]],[[1504]],[[1505]],[[1506]],[[1507]],[[1508]]],"type":"MultiPolygon","properties":{"name":"Saudi Arabia","ISO3166-1-Alpha-3":"SAU","ISO3166-1-Alpha-2":"SA"}},{"arcs":[[1509,-700,-698]],"type":"Polygon","properties":{"name":"Botswana","ISO3166-1-Alpha-3":"BWA","ISO3166-1-Alpha-2":"BW"}},{"arcs":[[-1367,1510,-701,-1510]],"type":"Polygon","properties":{"name":"Zimbabwe","ISO3166-1-Alpha-3":"ZWE","ISO3166-1-Alpha-2":"ZW"}},{"arcs":[[[1511,-439,1512,-1425,1513,-460]],[[1514]]],"type":"MultiPolygon","properties":{"name":"Pakistan","ISO3166-1-Alpha-3":"PAK","ISO3166-1-Alpha-2":"PK"}},{"arcs":[[-1311,-1187,-1444,-1263,1515,-1209]],"type":"Polygon","properties":{"name":"Bulgaria","ISO3166-1-Alpha-3":"BGR","ISO3166-1-Alpha-2":"BG"}},{"arcs":[[[1516,-221,1517,1518,-1233,-1161]],[[1519]],[[1520]],[[1521]],[[1522]],[[1523]],[[1524]],[[1525]],[[1526]],[[1527]],[[1528]],[[1529]]],"type":"MultiPolygon","properties":{"name":"Thailand","ISO3166-1-Alpha-3":"THA","ISO3166-1-Alpha-2":"TH"}},{"arcs":[[-1410]],"type":"Polygon","properties":{"name":"San Marino","ISO3166-1-Alpha-3":"SMR","ISO3166-1-Alpha-2":"SM"}},{"arcs":[[[1530,1531]],[[1532]],[[1533]],[[1534]]],"type":"MultiPolygon","properties":{"name":"Haiti","ISO3166-1-Alpha-3":"HTI","ISO3166-1-Alpha-2":"HT"}},{"arcs":[[[1535,-1531]],[[1536]],[[1537]]],"type":"MultiPolygon","properties":{"name":"Dominican Republic","ISO3166-1-Alpha-3":"DOM","ISO3166-1-Alpha-2":"DO"}},{"arcs":[[-1459,1538,-1252,-1384,-1383,1539]],"type":"Polygon","properties":{"name":"Chad","ISO3166-1-Alpha-3":"TCD","ISO3166-1-Alpha-2":"TD"}},{"arcs":[[[1540,-1500,-1404]],[[1541]],[[1542]]],"type":"MultiPolygon","properties":{"name":"Kuwait","ISO3166-1-Alpha-3":"KWT","ISO3166-1-Alpha-2":"KW"}},{"arcs":[[1543,1544,1545]],"type":"Polygon","properties":{"name":"El Salvador","ISO3166-1-Alpha-3":"SLV","ISO3166-1-Alpha-2":"SV"}},{"arcs":[[-1544,1546,1547,1548,1549,1550]],"type":"Polygon","properties":{"name":"Guatemala","ISO3166-1-Alpha-3":"GTM","ISO3166-1-Alpha-2":"GT"}},{"arcs":[[[-6,1551]],[[1552,-4]],[[1553]]],"type":"MultiPolygon","properties":{"name":"East Timor","ISO3166-1-Alpha-3":"TLS","ISO3166-1-Alpha-2":"TL"}},{"arcs":[[[-226,1554]],[[-224,1555]]],"type":"MultiPolygon","properties":{"name":"Brunei","ISO3166-1-Alpha-3":"BRN","ISO3166-1-Alpha-2":"BN"}},{"arcs":[[1556,-578]],"type":"Polygon","properties":{"name":"Monaco","ISO3166-1-Alpha-3":"MCO","ISO3166-1-Alpha-2":"MC"}},{"arcs":[[1557,-647,-645,1558,-1256,-1254,1559,-1449]],"type":"Polygon","properties":{"name":"Algeria","ISO3166-1-Alpha-3":"DZA","ISO3166-1-Alpha-2":"DZ"}},{"arcs":[[[1560,-702,-1511,-1366,-547,-558,1561,-704],[-550],[-551]],[[1562]]],"type":"MultiPolygon","properties":{"name":"Mozambique","ISO3166-1-Alpha-3":"MOZ","ISO3166-1-Alpha-2":"MZ"}},{"arcs":[[-1561,-703]],"type":"Polygon","properties":{"name":"eSwatini","ISO3166-1-Alpha-3":"SWZ","ISO3166-1-Alpha-2":"SZ"}},{"arcs":[[-554,-671,1563]],"type":"Polygon","properties":{"name":"Burundi","ISO3166-1-Alpha-3":"BDI","ISO3166-1-Alpha-2":"BI"}},{"arcs":[[-670,1564,-555,-1564]],"type":"Polygon","properties":{"name":"Rwanda","ISO3166-1-Alpha-3":"RWA","ISO3166-1-Alpha-2":"RW"}},{"arcs":[[[-436,-474,-1234,-1519,1565,1566]],[[1567]],[[1568]],[[1569]],[[1570]],[[1571]],[[1572]],[[1573]],[[1574]],[[1575]],[[1576]],[[1577]],[[1578]],[[1579]],[[1580]],[[1581]],[[1582]],[[1583]],[[1584]],[[1585]],[[1586]],[[1587]],[[1588]]],"type":"MultiPolygon","properties":{"name":"Myanmar","ISO3166-1-Alpha-3":"MMR","ISO3166-1-Alpha-2":"MM"}},{"arcs":[[[-1567,1589,-437]],[[1590]],[[1591]],[[1592]],[[1593]],[[1594]],[[1595]],[[1596]],[[1597]],[[1598]],[[1599]],[[1600]],[[1601]],[[1602]],[[1603]],[[1604]]],"type":"MultiPolygon","properties":{"name":"Bangladesh","ISO3166-1-Alpha-3":"BGD","ISO3166-1-Alpha-2":"BD"}},{"arcs":[[-1216,-581]],"type":"Polygon","properties":{"name":"Andorra","ISO3166-1-Alpha-3":"AND","ISO3166-1-Alpha-2":"AD"}},{"arcs":[[-1514,-1424,1605,-722,-738,-461]],"type":"Polygon","properties":{"name":"Afghanistan","ISO3166-1-Alpha-3":"AFG","ISO3166-1-Alpha-2":"AF"}},{"arcs":[[-1475,1606,-1445,-1201,-1192,1607]],"type":"Polygon","properties":{"name":"Montenegro","ISO3166-1-Alpha-3":"MNE","ISO3166-1-Alpha-2":"ME"}},{"arcs":[[1608,-1472,-1446,-1607,-1477]],"type":"Polygon","properties":{"name":"Bosnia and Herzegovina","ISO3166-1-Alpha-3":"BIH","ISO3166-1-Alpha-2":"BA"}},{"arcs":[[-1565,-669,-536,-545,-556]],"type":"Polygon","properties":{"name":"Uganda","ISO3166-1-Alpha-3":"UGA","ISO3166-1-Alpha-2":"UG"}},{"arcs":[[1609,1610]],"type":"Polygon","properties":{"name":"US Naval Base Guantanamo Bay","ISO3166-1-Alpha-3":"-99","ISO3166-1-Alpha-2":"-99"}},{"arcs":[[[-1611,1613,-1613,1614]],[[1615]],[[1616]],[[1617]],[[1618]],[[1619]],[[1620]],[[1621]],[[1622]],[[1623]],[[1624]],[[1625]],[[1626]],[[1627]],[[1628]]],"type":"MultiPolygon","properties":{"name":"Cuba","ISO3166-1-Alpha-3":"CUB","ISO3166-1-Alpha-2":"CU"}},{"arcs":[[[-1551,1629,-658,1630,-1545]],[[1631]],[[1632]],[[1633]]],"type":"MultiPolygon","properties":{"name":"Honduras","ISO3166-1-Alpha-3":"HND","ISO3166-1-Alpha-2":"HN"}},{"arcs":[[[1634,-401,1635]],[[1636]],[[1637]],[[1638]],[[1639]],[[1640]],[[1641]],[[1642]],[[1643]],[[1644]],[[1645]],[[1646]]],"type":"MultiPolygon","properties":{"name":"Ecuador","ISO3166-1-Alpha-3":"ECU","ISO3166-1-Alpha-2":"EC"}},{"arcs":[[[1647,1648,1649,1650,-748,-402,-1635]],[[1651]],[[1652]],[[1653]],[[1654]],[[1655]]],"type":"MultiPolygon","properties":{"name":"Colombia","ISO3166-1-Alpha-3":"COL","ISO3166-1-Alpha-2":"CO"}},{"arcs":[[-398,-747,-404]],"type":"Polygon","properties":{"name":"Paraguay","ISO3166-1-Alpha-3":"PRY","ISO3166-1-Alpha-2":"PY"}},{"arcs":[[-406,-746,-792]],"type":"Polygon","properties":{"name":"Brazilian Island","ISO3166-1-Alpha-3":"-99","ISO3166-1-Alpha-2":"-99"}},{"arcs":[[[1656,-1220]],[[1657]],[[1658]],[[1659]],[[1660]],[[1661]],[[1662]],[[1663]],[[1664]],[[1665]],[[1666]]],"type":"MultiPolygon","properties":{"name":"Portugal","ISO3166-1-Alpha-3":"PRT","ISO3166-1-Alpha-2":"PT"}},{"arcs":[[-682,-1261]],"type":"Polygon","properties":{"name":"Moldova","ISO3166-1-Alpha-3":"MDA","ISO3166-1-Alpha-2":"MD"}},{"arcs":[[[-1423,1667,-728,-723,-1606]],[[1668]]],"type":"MultiPolygon","properties":{"name":"Turkmenistan","ISO3166-1-Alpha-3":"TKM","ISO3166-1-Alpha-2":"TM"}},{"arcs":[[-566,-1406,-1499,1669,-520,-525,-518]],"type":"Polygon","properties":{"name":"Jordan","ISO3166-1-Alpha-3":"JOR","ISO3166-1-Alpha-2":"JO"}},{"arcs":[[-432,-476]],"type":"Polygon","properties":{"name":"Nepal","ISO3166-1-Alpha-3":"NPL","ISO3166-1-Alpha-2":"NP"}},{"arcs":[[-706]],"type":"Polygon","properties":{"name":"Lesotho","ISO3166-1-Alpha-3":"LSO","ISO3166-1-Alpha-2":"LS"}},{"arcs":[[1670,1671,-1460,-1540,-1382,-666,1672]],"type":"Polygon","properties":{"name":"Cameroon","ISO3166-1-Alpha-3":"CMR","ISO3166-1-Alpha-2":"CM"}},{"arcs":[[[-665,1673,1674,-1673]],[[1675]]],"type":"MultiPolygon","properties":{"name":"Gabon","ISO3166-1-Alpha-3":"GAB","ISO3166-1-Alpha-2":"GA"}},{"arcs":[[-1468,1676,-1450,-1560,-1253,-1539,-1458]],"type":"Polygon","properties":{"name":"Niger","ISO3166-1-Alpha-3":"NER","ISO3166-1-Alpha-2":"NE"}},{"arcs":[[-1467,1677,1678,-1439,-1451,-1677]],"type":"Polygon","properties":{"name":"Burkina Faso","ISO3166-1-Alpha-3":"BFA","ISO3166-1-Alpha-2":"BF"}},{"arcs":[[-1678,-1466,1679,1680]],"type":"Polygon","properties":{"name":"Togo","ISO3166-1-Alpha-3":"TGO","ISO3166-1-Alpha-2":"TG"}},{"arcs":[[-1681,1681,-1442,1682,-1440,-1679]],"type":"Polygon","properties":{"name":"Ghana","ISO3166-1-Alpha-3":"GHA","ISO3166-1-Alpha-2":"GH"}},{"arcs":[[[-1374,1683,-1453]],[[1684]],[[1685]],[[1686]],[[1687]],[[1688]],[[1689]],[[1690]],[[1691]],[[1692]],[[1693]],[[1694]]],"type":"MultiPolygon","properties":{"name":"Guinea-Bissau","ISO3166-1-Alpha-3":"GNB","ISO3166-1-Alpha-2":"GW"}},{"arcs":[[-1218,1695]],"type":"Polygon","properties":{"name":"Gibraltar","ISO3166-1-Alpha-3":"GIB","ISO3166-1-Alpha-2":"GI"}},{"arcs":[[[1696,1697,1698,1699,1700],[1781],[1809]],[[1701,1702]],[[1705]],[[1706]],[[1707]],[[1708]],[[1709]],[[1710]],[[1711]],[[1712]],[[1713]],[[1714]],[[1715]],[[1716]],[[1717]],[[1718]],[[1719]],[[1720]],[[1721]],[[1722]],[[1723]],[[1724]],[[1725]],[[1726]],[[1727]],[[1728]],[[1729]],[[1730]],[[1731]],[[1732]],[[1733]],[[1734]],[[1735]],[[1736]],[[1737]],[[1738]],[[1739]],[[1740]],[[1741]],[[1742]],[[1743]],[[1744]],[[1745]],[[1746]],[[1747]],[[1748]],[[1749]],[[1750]],[[1751]],[[1752]],[[1753]],[[1754]],[[1755]],[[1756]],[[1757]],[[1758]],[[1759]],[[1760]],[[1761]],[[1762]],[[1763]],[[1764]],[[1765]],[[1766]],[[1767]],[[1768]],[[1769]],[[1770]],[[1771]],[[1772]],[[1773]],[[1774]],[[1775]],[[1776]],[[1777]],[[1778]],[[1779]],[[1780]],[[1782]],[[1783]],[[1784]],[[1785]],[[1786]],[[1787]],[[1788]],[[1789]],[[1790]],[[1791]],[[1792]],[[1793]],[[1794]],[[1795]],[[1796]],[[1797]],[[1798]],[[1799]],[[1800]],[[1801]],[[1802]],[[1803]],[[1804]],[[1805]],[[1806]],[[1807]],[[1808]],[[1810]],[[1811]],[[1812]],[[1814]],[[1815]],[[1816]],[[1817]],[[1818]],[[1819]],[[1820]],[[1821]],[[1822]],[[1823]],[[1824]],[[1825]],[[1826]],[[1827]],[[1828]],[[1829]],[[1830]],[[1831]],[[1832]],[[1833]],[[1834]],[[1835]],[[1836]],[[1837]],[[1838]],[[1839]],[[1840]],[[1841]],[[1842]],[[1843]],[[1844]],[[1845]],[[1846]],[[1847]],[[1848]],[[1849]],[[1850]],[[1851]],[[1852]],[[1853]],[[1854]],[[1855]],[[1856]],[[1857]],[[1858]],[[1859]],[[1860]],[[1861]],[[1862]],[[1863]],[[1864]],[[1865]],[[1866]],[[1867]],[[1868]],[[1869]],[[1870]],[[1871]],[[1872]],[[1873]],[[1874]],[[1875]],[[1876]],[[1877]],[[1878]],[[1879]],[[1880]],[[1881]],[[1882]],[[1883]],[[1884]],[[1885]],[[1886]],[[1887]],[[1888]],[[1890],[1889]],[[1891]],[[1892]],[[1893]],[[1894]],[[1895]],[[1896]],[[1897]],[[1898]],[[1899]],[[1900]],[[1901]],[[1902]]],"type":"MultiPolygon","properties":{"name":"United States of America","ISO3166-1-Alpha-3":"USA","ISO3166-1-Alpha-2":"US"}},{"arcs":[[[1903,-1704,1904,-1702,1905,-1697],[1977]],[[-1698,1906]],[[1907]],[[1908]],[[1909]],[[1910]],[[1911]],[[1912]],[[1913]],[[1914]],[[1915]],[[1916]],[[1917]],[[1918]],[[1919]],[[1920]],[[1921]],[[1922]],[[1923]],[[1924]],[[1925]],[[1926]],[[1927]],[[1928]],[[1929]],[[1930]],[[1931]],[[1932]],[[1933]],[[1934]],[[1935]],[[1936]],[[1937]],[[1938]],[[1939]],[[1940]],[[1941]],[[1942]],[[1943]],[[1944]],[[1945]],[[1946]],[[1947]],[[1948]],[[1949]],[[1950]],[[1951]],[[1952]],[[1953]],[[1954]],[[1955]],[[1956]],[[1957]],[[1958]],[[1959]],[[1960]],[[1961]],[[1962]],[[1963]],[[1964]],[[1965]],[[1966]],[[1967]],[[1968]],[[1969]],[[1970]],[[1971]],[[1972]],[[1973]],[[1974]],[[1975]],[[1976]],[[1978]],[[1979]],[[1980]],[[1981]],[[1982]],[[1983]],[[1984]],[[1985]],[[1986]],[[1988]],[[1989]],[[1990]],[[1991]],[[1992]],[[1993]],[[1994]],[[1995]],[[1996]],[[1997]],[[1998]],[[1999]],[[2000]],[[2001]],[[2002]],[[2003]],[[2004]],[[2005]],[[2006]],[[2007]],[[2008]],[[2009]],[[2010]],[[2011]],[[2012]],[[2013]],[[2014]],[[2015]],[[2016]],[[2017]],[[2018]],[[2019]],[[2020]],[[2021]],[[2022]],[[2023]],[[2024]],[[2025]],[[2026]],[[2027]],[[2028]],[[2029]],[[2030]],[[2031]],[[2032]],[[2033]],[[2034]],[[2035]],[[2036]],[[2037]],[[2038]],[[2039]],[[2040]],[[2041]],[[2042]],[[2043]],[[2044]],[[2045]],[[2046]],[[2047]],[[2048]],[[2049]],[[2050]],[[2051]],[[2052]],[[2053]],[[2054]],[[2055]],[[2056]],[[2057]],[[2058]],[[2059]],[[2060]],[[2061]],[[2062]],[[2063]],[[2064]],[[2065]],[[2066]],[[2067]],[[2068]],[[2069]],[[2070]],[[2071]],[[2072]],[[2073]],[[2074]],[[2075]],[[2076]],[[2077]],[[2078]],[[2079]],[[2080]],[[2081]],[[2082]],[[2083]],[[2084]],[[2085]],[[2086]],[[2087]],[[2088]],[[2089]],[[2090]],[[2091]],[[2092]],[[2093]],[[2094]],[[2095]],[[2096]],[[2097]],[[2098]],[[2099]],[[2100]],[[2101]],[[2102]],[[2103]],[[2104]],[[2105]],[[2106]],[[2107]],[[2108]],[[2109]],[[2110]],[[2111]],[[2112]],[[2113]],[[2114]],[[2115]],[[2116]],[[2117]],[[2118]],[[2119]],[[2120]],[[2121]],[[2122]],[[2123]],[[2124]],[[2125]],[[2126]],[[2127]],[[2128]],[[2129]],[[2130]],[[2131]],[[2132]],[[2133]],[[2134]],[[2135]],[[2136]],[[2137]],[[2138]],[[2139]],[[2140]],[[2141]],[[2142]],[[2143]],[[2144]],[[2145]],[[2146]],[[2147]],[[2148]],[[2149]],[[2150]],[[2151]],[[2152]],[[2153]],[[2154]],[[2155]],[[2156]],[[2157]],[[2158]],[[2159]],[[2160]],[[2161]],[[2162]],[[2163]],[[2164]],[[2165]],[[2166]],[[2167]],[[2168]],[[2169]],[[2170]],[[2171]],[[2172]],[[2173]],[[2174]],[[2175]],[[2176]],[[2177]],[[2178]],[[2179]],[[2180]],[[2181]],[[2182]],[[2183]],[[2184]],[[2185]],[[2186]],[[2187]],[[2188]],[[2189]],[[2190]],[[2191]],[[2192]],[[2193]],[[2194]],[[2195]],[[2196]],[[2197]],[[2198]],[[2199]],[[2200]],[[2201]],[[2202]],[[2203]]],"type":"MultiPolygon","properties":{"name":"Canada","ISO3166-1-Alpha-3":"CAN","ISO3166-1-Alpha-2":"CA"}},{"arcs":[[[2204,2205,-1548,2206,-1700],[2227],[2228]],[[2207]],[[2208]],[[2209]],[[2210]],[[2211]],[[2212]],[[2213]],[[2214]],[[2215]],[[2216]],[[2217]],[[2218]],[[2219]],[[2220]],[[2221]],[[2222]],[[2223]],[[2224]],[[2225]],[[2226]],[[2229]],[[2230]],[[2231]]],"type":"MultiPolygon","properties":{"name":"Mexico","ISO3166-1-Alpha-3":"MEX","ISO3166-1-Alpha-2":"MX"}},{"arcs":[[[-2206,2232,-1549]],[[2233]],[[2234]]],"type":"MultiPolygon","properties":{"name":"Belize","ISO3166-1-Alpha-3":"BLZ","ISO3166-1-Alpha-2":"BZ"}},{"arcs":[[[2235,-1649,2236,-653]],[[2237]],[[2238]],[[2239]],[[2240]],[[2241]],[[2242]],[[2243]],[[2244]]],"type":"MultiPolygon","properties":{"name":"Panama","ISO3166-1-Alpha-3":"PAN","ISO3166-1-Alpha-2":"PA"}},{"arcs":[[[-600,-749,-1651,2245]],[[2246]],[[2247]],[[2248]],[[2249]],[[2250]],[[2251]],[[2252]],[[2253]],[[2254]],[[2255]],[[2256]],[[2257]],[[2258]],[[2259]],[[2260]]],"type":"MultiPolygon","properties":{"name":"Venezuela","ISO3166-1-Alpha-3":"VEN","ISO3166-1-Alpha-2":"VE"}},{"arcs":[[[2261,-9]],[[2262]],[[2263]],[[2264]],[[2265]],[[2266]],[[2267]],[[2268]],[[2269]],[[2270]],[[2271]],[[2272]],[[2273]],[[2274]],[[2275]],[[2276]],[[2277]],[[2278]],[[2279]],[[2280]],[[2281]],[[2282]],[[2283]],[[2284]],[[2285]],[[2286]],[[2287]],[[2288]],[[2289]],[[2290]],[[2291]],[[2292]],[[2293]],[[2294]],[[2295]],[[2296]],[[2297]],[[2298]],[[2299]],[[2300]],[[2301]],[[2302]],[[2303]],[[2304]],[[2305]],[[2306]],[[2307]]],"type":"MultiPolygon","properties":{"name":"Papua New Guinea","ISO3166-1-Alpha-3":"PNG","ISO3166-1-Alpha-2":"PG"}},{"arcs":[[[2308]],[[2309,2310,-1389,2311,-1385,-1250,2312,-523,-522]],[[2313]],[[2314]],[[2315]]],"type":"MultiPolygon","properties":{"name":"Egypt","ISO3166-1-Alpha-3":"EGY","ISO3166-1-Alpha-2":"EG"}},{"arcs":[[[-715,2316,-1497]],[[2317]],[[2318]],[[2319]],[[2320]],[[2321]],[[2322]],[[2323]]],"type":"MultiPolygon","properties":{"name":"Yemen","ISO3166-1-Alpha-3":"YEM","ISO3166-1-Alpha-2":"YE"}},{"arcs":[[[-1558,-1448,-1457,2324,-648]],[[2325]]],"type":"MultiPolygon","properties":{"name":"Mauritania","ISO3166-1-Alpha-3":"MRT","ISO3166-1-Alpha-2":"MR"}},{"arcs":[[[-1671,-1675,2326]],[[2327]]],"type":"MultiPolygon","properties":{"name":"Equatorial Guinea","ISO3166-1-Alpha-3":"GNQ","ISO3166-1-Alpha-2":"GQ"}},{"arcs":[[2328,-1455]],"type":"Polygon","properties":{"name":"Gambia","ISO3166-1-Alpha-3":"GMB","ISO3166-1-Alpha-2":"GM"}},{"arcs":[[[2329,-470]],[[2330]],[[2331]]],"type":"MultiPolygon","properties":{"name":"Hong Kong S.A.R.","ISO3166-1-Alpha-3":"HKG","ISO3166-1-Alpha-2":"HK"}},{"type":null,"properties":{"name":"Vatican","ISO3166-1-Alpha-3":"VAT","ISO3166-1-Alpha-2":"VA"}},{"arcs":[[2332,-419,2333,2334]],"type":"Polygon","properties":{"name":"Northern Cyprus","ISO3166-1-Alpha-3":"-99","ISO3166-1-Alpha-2":"-99"}},{"arcs":[[[-2333,2337,-429,-420]],[[-418,-428,2338,-2334]],[[2339,-426,2340,-2336]]],"type":"MultiPolygon","properties":{"name":"Cyprus No Mans Area","ISO3166-1-Alpha-3":"-99","ISO3166-1-Alpha-2":"-99"}},{"arcs":[[-1512,-459,-440]],"type":"Polygon","properties":{"name":"Siachen Glacier","ISO3166-1-Alpha-3":"-99","ISO3166-1-Alpha-2":"-99"}},{"arcs":[[-731]],"type":"Polygon","properties":{"name":"Baykonur Cosmodrome","ISO3166-1-Alpha-3":"-99","ISO3166-1-Alpha-2":"-99"}},{"arcs":[[2341,-424]],"type":"Polygon","properties":{"name":"Akrotiri Sovereign Base Area","ISO3166-1-Alpha-3":"-99","ISO3166-1-Alpha-2":"-99"}},{"arcs":[[-240,-409]],"type":"Polygon","properties":{"name":"Southern Patagonian Ice Field","ISO3166-1-Alpha-3":"-99","ISO3166-1-Alpha-2":"-99"}},{"arcs":[[-2312,-1388,2342,-1386]],"type":"Polygon","properties":{"name":"Bir Tawil","ISO3166-1-Alpha-3":"-99","ISO3166-1-Alpha-2":"-99"}},{"arcs":[[[2343]],[[2344]],[[2345]],[[2346]],[[2347]],[[2348]],[[2349]],[[2350]],[[2351]],[[2352]],[[2353]],[[2354]],[[2355]],[[2356]],[[2357]],[[2358]],[[2359]],[[2360]],[[2361]],[[2362]],[[2363]],[[2364]],[[2365]],[[2366]],[[2367]],[[2368]],[[2369]],[[2370]],[[2371]],[[2372]],[[2373]],[[2374]],[[2375]],[[2376]],[[2377]],[[2378]],[[2379]],[[2380]],[[2381]],[[2382]],[[2383]],[[2384]],[[2385]],[[2386]],[[2387]],[[2388]],[[2389]],[[2390]],[[2391]],[[2392]],[[2393]],[[2394]],[[2395]],[[2396]],[[2397]],[[2398]],[[2399]],[[2400]],[[2401]],[[2402]],[[2403]],[[2404]],[[2405]],[[2406]],[[2407]],[[2408]],[[2409]],[[2410]],[[2411]],[[2412]],[[2413]],[[2414]],[[2415]],[[2416]],[[2417]],[[2418]],[[2419]],[[2420]],[[2421]],[[2422]],[[2423]],[[2424]],[[2425]],[[2426]],[[2427]],[[2428]],[[2429]],[[2430]],[[2431]],[[2432]],[[2433]],[[2434]],[[2435]],[[2436]],[[2437]],[[2438]],[[2439]],[[2440]],[[2441]],[[2442]],[[2443]],[[2444]],[[2445]],[[2446]],[[2447]],[[2448]],[[2449]],[[2450]],[[2451]],[[2452]],[[2453]],[[2454]],[[2455]],[[2456]],[[2457]],[[2458]],[[2459]],[[2460]],[[2461]],[[2462]],[[2463]],[[2464]],[[2465]],[[2466]],[[2467]],[[2468]],[[2469]],[[2470]],[[2471]],[[2472]],[[2473]],[[2474]],[[2475]],[[2476]],[[2477]],[[2478]],[[2479]],[[2480]],[[2481]],[[2482]],[[2483]],[[2484]],[[2485]],[[2486]],[[2487]],[[2488]],[[2489]],[[2490]]],"type":"MultiPolygon","properties":{"name":"Antarctica","ISO3166-1-Alpha-3":"ATA","ISO3166-1-Alpha-2":"AQ"}},{"arcs":[[[2491]],[[2492]],[[2493]],[[2494]],[[2495]],[[2496]],[[2497]],[[2498]],[[2499]],[[2500]],[[2501]],[[2502]],[[2503]],[[2504]],[[2505]],[[2506]],[[2507]],[[2508]],[[2509]],[[2510]],[[2511]],[[2512]],[[2513]],[[2514]],[[2515]],[[2516]],[[2517]],[[2518]],[[2519]],[[2520]],[[2521]],[[2522]],[[2523]],[[2524]],[[2525]],[[2526]],[[2527]],[[2528]],[[2529]],[[2530]],[[2531]],[[2532]],[[2533]],[[2534]],[[2535]],[[2536]],[[2537]],[[2538]],[[2539]],[[2540]],[[2541]],[[2542]],[[2543]],[[2544]],[[2545]],[[2546]],[[2547]],[[2548]],[[2549]],[[2550]],[[2551]],[[2552]],[[2553]],[[2554]],[[2555]],[[2556]],[[2557]],[[2558]],[[2559]],[[2560]],[[2561]],[[2562]],[[2563]],[[2564]]],"type":"MultiPolygon","properties":{"name":"Australia","ISO3166-1-Alpha-3":"AUS","ISO3166-1-Alpha-2":"AU"}},{"arcs":[[[2565]],[[2566]],[[2567]],[[2568]],[[2569]],[[2571]],[[2572]],[[2573]],[[2574]],[[2575]],[[2576]],[[2577]],[[2578]],[[2579]],[[2580]],[[2581]],[[2582]],[[2583]],[[2584]],[[2585]],[[2586]],[[2587]],[[2588]],[[2589]],[[2590]],[[2591]],[[2592]],[[2593]],[[2594]],[[2595]],[[2596]],[[2597]],[[2598]],[[2599]],[[2600]],[[2601]],[[2602]],[[2603]],[[2604]],[[2605]],[[2606]],[[2607]],[[2608]],[[2609]],[[2610]],[[2611]],[[2612]],[[2613]],[[2614]],[[2615]],[[2616]],[[2617]],[[2618]],[[2619]],[[2620]],[[2621]],[[2622]],[[2623]],[[2624]],[[2625]],[[2626]],[[2627]],[[2628]],[[2629]],[[2630]],[[2631]],[[2632]],[[2633]],[[2634]],[[2635]],[[2636]],[[2637]],[[2638]],[[2639]],[[2640]],[[2641]],[[2642]],[[2643]],[[2644]],[[2645]],[[2646]],[[2647]],[[2648]],[[2649]],[[2650]],[[2651]],[[2652]],[[2653]],[[2654]],[[2655]],[[2656]],[[2657]],[[2658]],[[2659]],[[2660]],[[2661]],[[2662]],[[2663]],[[2664]],[[2665]],[[2666]],[[2667]]],"type":"MultiPolygon","properties":{"name":"Greenland","ISO3166-1-Alpha-3":"GRL","ISO3166-1-Alpha-2":"GL"}},{"arcs":[[[2668]],[[2669]],[[2670]],[[2671]],[[2672]],[[2673]],[[2674]],[[2675]],[[2676]],[[2677]],[[2678]],[[2679]],[[2680]],[[2681]],[[2682]],[[2683]],[[2684]],[[2685]],[[2686]],[[2687]],[[2688]]],"type":"MultiPolygon","properties":{"name":"Fiji","ISO3166-1-Alpha-3":"FJI","ISO3166-1-Alpha-2":"FJ"}},{"arcs":[[[2689]],[[2690]],[[2691]],[[2692]],[[2693]],[[2694]],[[2695]],[[2696]],[[2697]],[[2698]],[[2699]],[[2700]],[[2701]],[[2702]],[[2703]],[[2704]],[[2705]],[[2706]]],"type":"MultiPolygon","properties":{"name":"New Zealand","ISO3166-1-Alpha-3":"NZL","ISO3166-1-Alpha-2":"NZ"}},{"arcs":[[[2707]],[[2708]],[[2709]],[[2710]],[[2711]],[[2712]],[[2713]],[[2714]]],"type":"MultiPolygon","properties":{"name":"New Caledonia","ISO3166-1-Alpha-3":"NCL","ISO3166-1-Alpha-2":"NC"}},{"arcs":[[[2715]],[[2716]],[[2717]]],"type":"MultiPolygon","properties":{"name":"Madagascar","ISO3166-1-Alpha-3":"MDG","ISO3166-1-Alpha-2":"MG"}},{"arcs":[[[2718]],[[2719]],[[2720]],[[2721]],[[2722]],[[2723]],[[2724]],[[2725]],[[2726]],[[2727]],[[2728]],[[2729]],[[2730]],[[2731]],[[2732]],[[2733]],[[2734]],[[2735]],[[2736]],[[2737]],[[2738]],[[2739]],[[2740]],[[2741]],[[2742]],[[2743]],[[2744]],[[2745]],[[2746]],[[2747]],[[2748]],[[2749]],[[2750]],[[2751]],[[2752]],[[2753]],[[2754]],[[2755]],[[2756]],[[2757]],[[2758]],[[2759]],[[2760]],[[2761]],[[2762]],[[2763]],[[2764]],[[2765]],[[2766]],[[2767]],[[2768]],[[2769]],[[2770]],[[2771]],[[2772]],[[2773]],[[2774]],[[2775]],[[2776]],[[2777]],[[2778]],[[2779]],[[2780]],[[2781]],[[2782]],[[2783]],[[2784]],[[2785]],[[2786]],[[2787]],[[2788]],[[2789]],[[2790]],[[2791]],[[2792]]],"type":"MultiPolygon","properties":{"name":"Philippines","ISO3166-1-Alpha-3":"PHL","ISO3166-1-Alpha-2":"PH"}},{"arcs":[[[2793]],[[2794]],[[2795]],[[2796]],[[2797]]],"type":"MultiPolygon","properties":{"name":"Sri Lanka","ISO3166-1-Alpha-3":"LKA","ISO3166-1-Alpha-2":"LK"}},{"arcs":[[2798]],"type":"Polygon","properties":{"name":"Curaçao","ISO3166-1-Alpha-3":"CUW","ISO3166-1-Alpha-2":"CW"}},{"arcs":[[2799]],"type":"Polygon","properties":{"name":"Aruba","ISO3166-1-Alpha-3":"ABW","ISO3166-1-Alpha-2":"AW"}},{"arcs":[[[2800]],[[2801]],[[2802]],[[2803]],[[2804]],[[2805]],[[2806]],[[2807]],[[2808]],[[2809]],[[2810]],[[2811]],[[2812]],[[2813]],[[2814]],[[2815]],[[2816]],[[2817]],[[2818]]],"type":"MultiPolygon","properties":{"name":"The Bahamas","ISO3166-1-Alpha-3":"BHS","ISO3166-1-Alpha-2":"BS"}},{"arcs":[[[2819]],[[2820]],[[2821]],[[2822]]],"type":"MultiPolygon","properties":{"name":"Turks and Caicos Islands","ISO3166-1-Alpha-3":"TCA","ISO3166-1-Alpha-2":"TC"}},{"arcs":[[[2823]],[[2824]],[[2825]],[[2826]]],"type":"MultiPolygon","properties":{"name":"Taiwan","ISO3166-1-Alpha-3":"TWN","ISO3166-1-Alpha-2":"CN-TW"}},{"arcs":[[[2828]],[[2829]],[[2830]],[[2831]],[[2832]],[[2833]],[[2834]],[[2835]],[[2836]],[[2837]],[[2838]],[[2839]],[[2840]],[[2841]],[[2842]],[[2843]],[[2844]],[[2845]],[[2846]],[[2847]],[[2848]],[[2849]],[[2850]],[[2851]],[[2852]],[[2853]],[[2854]],[[2855]],[[2856]],[[2857]],[[2858]],[[2859]],[[2860]],[[2861]],[[2862]],[[2863]],[[2864]],[[2865]],[[2866]],[[2867]],[[2868]],[[2869]],[[2870]],[[2871]],[[2872]],[[2873]],[[2874]],[[2875]],[[2876]],[[2877]],[[2878]],[[2879]],[[2880]],[[2881]]],"type":"MultiPolygon","properties":{"name":"Japan","ISO3166-1-Alpha-3":"JPN","ISO3166-1-Alpha-2":"JP"}},{"arcs":[[2882]],"type":"Polygon","properties":{"name":"Saint Pierre and Miquelon","ISO3166-1-Alpha-3":"SPM","ISO3166-1-Alpha-2":"PM"}},{"arcs":[[2883]],"type":"Polygon","properties":{"name":"Iceland","ISO3166-1-Alpha-3":"ISL","ISO3166-1-Alpha-2":"IS"}},{"arcs":[[2884]],"type":"Polygon","properties":{"name":"Pitcairn Islands","ISO3166-1-Alpha-3":"PCN","ISO3166-1-Alpha-2":"PN"}},{"arcs":[[[2885]],[[2886]],[[2887]],[[2888]],[[2889]],[[2890]],[[2891]],[[2892]],[[2893]],[[2894]],[[2895]],[[2896]],[[2897]],[[2898]],[[2899]],[[2900]]],"type":"MultiPolygon","properties":{"name":"French Polynesia","ISO3166-1-Alpha-3":"PYF","ISO3166-1-Alpha-2":"PF"}},{"arcs":[[[2902]],[[2903]],[[2904]],[[2905],[2901]],[[2906]],[[2907]]],"type":"MultiPolygon","properties":{"name":"French Southern and Antarctic Lands","ISO3166-1-Alpha-3":"ATF","ISO3166-1-Alpha-2":"TF"}},{"arcs":[[[2908]],[[2909]],[[2910]]],"type":"MultiPolygon","properties":{"name":"Seychelles","ISO3166-1-Alpha-3":"SYC","ISO3166-1-Alpha-2":"SC"}},{"arcs":[[[2911]],[[2912]],[[2913]],[[2914]],[[2915]],[[2916]],[[2917]],[[2918]],[[2919]],[[2920]],[[2921]],[[2922]]],"type":"MultiPolygon","properties":{"name":"Kiribati","ISO3166-1-Alpha-3":"KIR","ISO3166-1-Alpha-2":"KI"}},{"arcs":[[2923]],"type":"Polygon","properties":{"name":"Marshall Islands","ISO3166-1-Alpha-3":"MHL","ISO3166-1-Alpha-2":"MH"}},{"arcs":[[[2925]],[[2926]]],"type":"MultiPolygon","properties":{"name":"Trinidad and Tobago","ISO3166-1-Alpha-3":"TTO","ISO3166-1-Alpha-2":"TT"}},{"arcs":[[[2927]],[[2928]]],"type":"MultiPolygon","properties":{"name":"Grenada","ISO3166-1-Alpha-3":"GRD","ISO3166-1-Alpha-2":"GD"}},{"arcs":[[2929]],"type":"Polygon","properties":{"name":"Saint Vincent and the Grenadines","ISO3166-1-Alpha-3":"VCT","ISO3166-1-Alpha-2":"VC"}},{"arcs":[[2930]],"type":"Polygon","properties":{"name":"Barbados","ISO3166-1-Alpha-3":"BRB","ISO3166-1-Alpha-2":"BB"}},{"arcs":[[2931]],"type":"Polygon","properties":{"name":"Saint Lucia","ISO3166-1-Alpha-3":"LCA","ISO3166-1-Alpha-2":"LC"}},{"arcs":[[2932]],"type":"Polygon","properties":{"name":"Dominica","ISO3166-1-Alpha-3":"DMA","ISO3166-1-Alpha-2":"DM"}},{"arcs":[[2933]],"type":"Polygon","properties":{"name":"United States Minor Outlying Islands","ISO3166-1-Alpha-3":"UMI","ISO3166-1-Alpha-2":"UM"}},{"arcs":[[2934]],"type":"Polygon","properties":{"name":"Montserrat","ISO3166-1-Alpha-3":"MSR","ISO3166-1-Alpha-2":"MS"}},{"arcs":[[[2935]],[[2936]]],"type":"MultiPolygon","properties":{"name":"Antigua and Barbuda","ISO3166-1-Alpha-3":"ATG","ISO3166-1-Alpha-2":"AG"}},{"arcs":[[[2937]],[[2938]]],"type":"MultiPolygon","properties":{"name":"Saint Kitts and Nevis","ISO3166-1-Alpha-3":"KNA","ISO3166-1-Alpha-2":"KN"}},{"arcs":[[[2939]],[[2940]],[[2941]]],"type":"MultiPolygon","properties":{"name":"United States Virgin Islands","ISO3166-1-Alpha-3":"VIR","ISO3166-1-Alpha-2":"VI"}},{"arcs":[[2942]],"type":"Polygon","properties":{"name":"Saint Barthelemy","ISO3166-1-Alpha-3":"BLM","ISO3166-1-Alpha-2":"BL"}},{"arcs":[[[2943]],[[2944]],[[2945]],[[2946]]],"type":"MultiPolygon","properties":{"name":"Puerto Rico","ISO3166-1-Alpha-3":"PRI","ISO3166-1-Alpha-2":"PR"}},{"arcs":[[2947]],"type":"Polygon","properties":{"name":"Anguilla","ISO3166-1-Alpha-3":"AIA","ISO3166-1-Alpha-2":"AI"}},{"arcs":[[[2948]],[[2949]]],"type":"MultiPolygon","properties":{"name":"British Virgin Islands","ISO3166-1-Alpha-3":"VGB","ISO3166-1-Alpha-2":"VG"}},{"arcs":[[2951]],"type":"Polygon","properties":{"name":"Jamaica","ISO3166-1-Alpha-3":"JAM","ISO3166-1-Alpha-2":"JM"}},{"arcs":[[[2952]],[[2953]]],"type":"MultiPolygon","properties":{"name":"Cayman Islands","ISO3166-1-Alpha-3":"CYM","ISO3166-1-Alpha-2":"KY"}},{"arcs":[[2954]],"type":"Polygon","properties":{"name":"Bermuda","ISO3166-1-Alpha-3":"BMU","ISO3166-1-Alpha-2":"BM"}},{"arcs":[[2955]],"type":"Polygon","properties":{"name":"Heard Island and McDonald Islands","ISO3166-1-Alpha-3":"HMD","ISO3166-1-Alpha-2":"HM"}},{"arcs":[[[2956]],[[2957]],[[2958]],[[2959]]],"type":"MultiPolygon","properties":{"name":"Saint Helena","ISO3166-1-Alpha-3":"SHN","ISO3166-1-Alpha-2":"SH"}},{"arcs":[[[2960]],[[2961]]],"type":"MultiPolygon","properties":{"name":"Mauritius","ISO3166-1-Alpha-3":"MUS","ISO3166-1-Alpha-2":"MU"}},{"arcs":[[[2962]],[[2963]],[[2964]]],"type":"MultiPolygon","properties":{"name":"Comoros","ISO3166-1-Alpha-3":"COM","ISO3166-1-Alpha-2":"KM"}},{"arcs":[[[2965]],[[2966]]],"type":"MultiPolygon","properties":{"name":"São Tomé and Principe","ISO3166-1-Alpha-3":"STP","ISO3166-1-Alpha-2":"ST"}},{"arcs":[[[2967]],[[2968]],[[2969]],[[2970]],[[2971]],[[2972]],[[2973]],[[2974]],[[2975]],[[2976]]],"type":"MultiPolygon","properties":{"name":"Cabo Verde","ISO3166-1-Alpha-3":"CPV","ISO3166-1-Alpha-2":"CV"}},{"arcs":[[[2977]],[[2978]]],"type":"MultiPolygon","properties":{"name":"Malta","ISO3166-1-Alpha-3":"MLT","ISO3166-1-Alpha-2":"MT"}},{"arcs":[[2979]],"type":"Polygon","properties":{"name":"Jersey","ISO3166-1-Alpha-3":"JEY","ISO3166-1-Alpha-2":"JE"}},{"arcs":[[2980]],"type":"Polygon","properties":{"name":"Guernsey","ISO3166-1-Alpha-3":"GGY","ISO3166-1-Alpha-2":"GG"}},{"arcs":[[2981]],"type":"Polygon","properties":{"name":"Isle of Man","ISO3166-1-Alpha-3":"IMN","ISO3166-1-Alpha-2":"IM"}},{"arcs":[[[2982]],[[2983]],[[2984]],[[2985]],[[2986]]],"type":"MultiPolygon","properties":{"name":"Aland","ISO3166-1-Alpha-3":"ALA","ISO3166-1-Alpha-2":"AX"}},{"arcs":[[[2987]],[[2988]],[[2989]],[[2990]],[[2991]],[[2992]],[[2993]]],"type":"MultiPolygon","properties":{"name":"Faroe Islands","ISO3166-1-Alpha-3":"FRO","ISO3166-1-Alpha-2":"FO"}},{"arcs":[[2994]],"type":"Polygon","properties":{"name":"Indian Ocean Territories","ISO3166-1-Alpha-3":"-99","ISO3166-1-Alpha-2":"-99"}},{"arcs":[[[2995]],[[2996]]],"type":"MultiPolygon","properties":{"name":"British Indian Ocean Territory","ISO3166-1-Alpha-3":"IOT","ISO3166-1-Alpha-2":"IO"}},{"arcs":[[2997]],"type":"Polygon","properties":{"name":"Singapore","ISO3166-1-Alpha-3":"SGP","ISO3166-1-Alpha-2":"SG"}},{"arcs":[[2998]],"type":"Polygon","properties":{"name":"Norfolk Island","ISO3166-1-Alpha-3":"NFK","ISO3166-1-Alpha-2":"NF"}},{"arcs":[[[2999]],[[3000]]],"type":"MultiPolygon","properties":{"name":"Cook Islands","ISO3166-1-Alpha-3":"COK","ISO3166-1-Alpha-2":"CK"}},{"arcs":[[[3001]],[[3002]],[[3003]],[[3004]]],"type":"MultiPolygon","properties":{"name":"Tonga","ISO3166-1-Alpha-3":"TON","ISO3166-1-Alpha-2":"TO"}},{"arcs":[[[3005]],[[3006]]],"type":"MultiPolygon","properties":{"name":"Wallis and Futuna","ISO3166-1-Alpha-3":"WLF","ISO3166-1-Alpha-2":"WF"}},{"arcs":[[[3007]],[[3008]]],"type":"MultiPolygon","properties":{"name":"Samoa","ISO3166-1-Alpha-3":"WSM","ISO3166-1-Alpha-2":"WS"}},{"arcs":[[[3009]],[[3010]],[[3011]],[[3012]],[[3013]],[[3014]],[[3015]],[[3016]],[[3017]],[[3018]],[[3019]],[[3020]],[[3021]],[[3022]],[[3023]],[[3024]],[[3025]],[[3026]],[[3027]],[[3028]],[[3029]],[[3030]],[[3031]],[[3032]],[[3033]],[[3034]],[[3035]],[[3036]],[[3037]],[[3038]],[[3039]],[[3040]],[[3041]],[[3042]],[[3043]],[[3044]]],"type":"MultiPolygon","properties":{"name":"Solomon Islands","ISO3166-1-Alpha-3":"SLB","ISO3166-1-Alpha-2":"SB"}},{"arcs":[[3045]],"type":"Polygon","properties":{"name":"Tuvalu","ISO3166-1-Alpha-3":"TUV","ISO3166-1-Alpha-2":"TV"}},{"arcs":[[3046]],"type":"Polygon","properties":{"name":"Maldives","ISO3166-1-Alpha-3":"MDV","ISO3166-1-Alpha-2":"MV"}},{"arcs":[[3047]],"type":"Polygon","properties":{"name":"Nauru","ISO3166-1-Alpha-3":"NRU","ISO3166-1-Alpha-2":"NR"}},{"arcs":[[[3048]],[[3049]],[[3050]],[[3051]],[[3052]]],"type":"MultiPolygon","properties":{"name":"Federated States of Micronesia","ISO3166-1-Alpha-3":"FSM","ISO3166-1-Alpha-2":"FM"}},{"arcs":[[[3053]],[[3054]],[[3055]],[[3056]],[[3057]],[[3058]]],"type":"MultiPolygon","properties":{"name":"South Georgia and the Islands","ISO3166-1-Alpha-3":"SGS","ISO3166-1-Alpha-2":"GS"}},{"arcs":[[[3059]],[[3060]],[[3061]],[[3062]],[[3063]],[[3064]],[[3065]],[[3066]],[[3067]],[[3068]],[[3069]],[[3070]]],"type":"MultiPolygon","properties":{"name":"Falkland Islands","ISO3166-1-Alpha-3":"FLK","ISO3166-1-Alpha-2":"FK"}},{"arcs":[[[3071]],[[3072]],[[3073]],[[3074]],[[3075]],[[3076]],[[3077]],[[3078]],[[3079]],[[3080]],[[3081]],[[3082]],[[3083]],[[3084]],[[3085]],[[3086]],[[3087]],[[3088]],[[3089]],[[3090]],[[3091]]],"type":"MultiPolygon","properties":{"name":"Vanuatu","ISO3166-1-Alpha-3":"VUT","ISO3166-1-Alpha-2":"VU"}},{"arcs":[[3092]],"type":"Polygon","properties":{"name":"Niue","ISO3166-1-Alpha-3":"NIU","ISO3166-1-Alpha-2":"NU"}},{"arcs":[[[3093]],[[3094]]],"type":"MultiPolygon","properties":{"name":"American Samoa","ISO3166-1-Alpha-3":"ASM","ISO3166-1-Alpha-2":"AS"}},{"arcs":[[[3095]],[[3096]]],"type":"MultiPolygon","properties":{"name":"Palau","ISO3166-1-Alpha-3":"PLW","ISO3166-1-Alpha-2":"PW"}},{"arcs":[[3097]],"type":"Polygon","properties":{"name":"Guam","ISO3166-1-Alpha-3":"GUM","ISO3166-1-Alpha-2":"GU"}},{"arcs":[[[3098]],[[3099]],[[3100]],[[3101]],[[3102]]],"type":"MultiPolygon","properties":{"name":"Northern Mariana Islands","ISO3166-1-Alpha-3":"MNP","ISO3166-1-Alpha-2":"MP"}},{"arcs":[[3103]],"type":"Polygon","properties":{"name":"Bahrain","ISO3166-1-Alpha-3":"BHR","ISO3166-1-Alpha-2":"BH"}},{"arcs":[[3104]],"type":"Polygon","properties":{"name":"Coral Sea Islands","ISO3166-1-Alpha-3":"-99","ISO3166-1-Alpha-2":"-99"}},{"arcs":[[3105]],"type":"Polygon","properties":{"name":"Spratly Islands","ISO3166-1-Alpha-3":"-99","ISO3166-1-Alpha-2":"-99"}},{"arcs":[[3106]],"type":"Polygon","properties":{"name":"Clipperton Island","ISO3166-1-Alpha-3":"-99","ISO3166-1-Alpha-2":"-99"}},{"arcs":[[3107]],"type":"Polygon","properties":{"name":"Macao S.A.R","ISO3166-1-Alpha-3":"MAC","ISO3166-1-Alpha-2":"MO"}},{"arcs":[[3108]],"type":"Polygon","properties":{"name":"Ashmore and Cartier Islands","ISO3166-1-Alpha-3":"-99","ISO3166-1-Alpha-2":"-99"}},{"arcs":[[3109]],"type":"Polygon","properties":{"name":"Bajo Nuevo Bank (Petrel Is.)","ISO3166-1-Alpha-3":"-99","ISO3166-1-Alpha-2":"-99"}},{"arcs":[[3110]],"type":"Polygon","properties":{"name":"Serranilla Bank","ISO3166-1-Alpha-3":"-99","ISO3166-1-Alpha-2":"-99"}},{"arcs":[[3111]],"type":"Polygon","properties":{"name":"Scarborough Reef","ISO3166-1-Alpha-3":"-99","ISO3166-1-Alpha-2":"-99"}}]}}}